,Name,Score,Review,Link,Addr,lat,lng
0,신가네칼국수 노원본점,4.4,160,https://place.map.kakao.com/9199444,"
서울 노원구 공릉로59나길 78-14 1층
(지번) 하계동 115-1
",37.6356584,127.0702137
1,해품장 팔팔장어 본점,4.4,62,https://place.map.kakao.com/804932066,"
서울 노원구 노원로 192
(지번) 하계동 69-8
",37.6373708,127.0794606
2,제형면옥 하계점,2.9,25,https://place.map.kakao.com/84131333,"
서울 노원구 공릉로65길 16
(지번) 하계동 115-5
",37.6353337,127.0700546
3,마들원,2.0,55,https://place.map.kakao.com/1394900382,"
서울 노원구 공릉로62길 27-11
(지번) 하계동 180-1
",37.6363706,127.0712902
4,DNJ레스토랑,3.0,11,https://place.map.kakao.com/21391105,"
서울 노원구 노원로 244 1층
(지번) 하계동 256-11
",37.6394838,127.0742949
5,참누렁소,2.3,37,https://place.map.kakao.com/13094333,"
서울 노원구 공릉로63길 13
(지번) 하계1동 276-6
",37.634848,127.070507
6,태능숯불갈비,3.3,11,https://place.map.kakao.com/9490689,"
서울 노원구 한글비석로1길 37
(지번) 하계동 208-1
",37.6392915,127.0703463
7,502세컨즈카페 노원점,1.6,17,https://place.map.kakao.com/27583400,"
서울 노원구 섬밭로 232 1층
(지번) 하계동 270
",37.6366317,127.066364
8,포앤반 하계역점,4.5,37,https://place.map.kakao.com/1288692596,"
서울 노원구 공릉로 322-3 1층
(지번) 하계동 170-36
",37.6357361,127.0715009
9,신고집찜칼국수 본점,3.5,22,https://place.map.kakao.com/9217906,"
서울 노원구 노원로15길 51-30
(지번) 하계동 209-2
",37.6394183,127.0700841
10,신설국,3.7,18,https://place.map.kakao.com/7948597,"
서울 노원구 노원로 257 인정빌딩 2층 201호
(지번) 하계동 251-4
",37.6401942,127.0727915
11,장위동유성집 노원점,3.0,9,https://place.map.kakao.com/9341030,"
서울 노원구 한글비석로1길 68
(지번) 하계동 251
",37.6392243,127.0715448
12,버거투버거,4.7,14,https://place.map.kakao.com/16877137,"
서울 노원구 공릉로62가길 50
(지번) 하계동 59
",37.6370071,127.0747834
13,짬뽕필락 하계점,3.1,12,https://place.map.kakao.com/14747411,"
서울 노원구 공릉로70길 6 2층
(지번) 하계동 208-26
",37.6391166,127.0697672
14,향림,2.3,6,https://place.map.kakao.com/8613656,"
서울 노원구 한글비석로 127 마린스포츠센타 2층
(지번) 하계동 256-5
",37.6393913,127.0754063
15,허니돈,4.6,30,https://place.map.kakao.com/1353431124,"
서울 노원구 한글비석로 57 세이브존 지하1층
(지번) 하계동 284
",37.636639,127.0684032
16,카페밀크콩 하계점,3.8,8,https://place.map.kakao.com/1874910506,"
서울 노원구 공릉로59나길 48-8 1,2층
(지번) 하계동 115-13
",37.63543689999999,127.0701235
17,영덕물회전문,5.0,2,https://place.map.kakao.com/16051496,"
서울 노원구 공릉로58길 63
(지번) 하계동 158-4
",37.63516389999999,127.0720746
18,맥도날드 한신점,2.4,7,https://place.map.kakao.com/1372576235,"
서울 노원구 한글비석로 57
(지번) 하계동 284
",37.6378958,127.0686347
19,태능우렁쌈밥 하계점,2.4,10,https://place.map.kakao.com/20198541,"
서울 노원구 한글비석로1길 37 2층
(지번) 하계동 208-1
",37.6392915,127.0703463
20,스시준,3.5,11,https://place.map.kakao.com/21697154,"
서울 노원구 공릉로70길 8-3
(지번) 하계동 208-23
",37.6391359,127.0700366
21,스시다네,2.4,4,https://place.map.kakao.com/681342661,"
서울 노원구 한글비석로1길 33
(지번) 하계동 208-5
",37.639115,127.0703655
22,돈까스클럽 서울온천점,3.0,19,https://place.map.kakao.com/19567834,"
서울 노원구 노원로 247 1층
(지번) 하계동 251-7
",37.6394137,127.0734006
23,스시앤모어,4.5,13,https://place.map.kakao.com/1601120420,"
서울 노원구 공릉로62가길 14
(지번) 하계동 168-1
",37.6367492,127.0741221
24,참한우본가,5.0,3,https://place.map.kakao.com/20748479,"
서울 노원구 공릉로58가길 14
(지번) 하계동 169-1
",37.6362238,127.0727956
25,카페인중독 노원점,4.3,5,https://place.map.kakao.com/1018192221,"
서울 노원구 공릉로58길 126
(지번) 하계동 72
",37.6361361,127.0751658
26,닭한마리,5.0,9,https://place.map.kakao.com/1322840522,"
서울 노원구 공릉로70길 12
(지번) 하계동 208-3
",37.6392575,127.0701473
27,하남돼지집 노원하계점,1.8,11,https://place.map.kakao.com/344763652,"
서울 노원구 한글비석로1길 51
(지번) 하계동 213-5
",37.6399817,127.0704612
28,달밭소곱창,4.6,11,https://place.map.kakao.com/27589889,"
서울 노원구 한글비석로1길 68 타임빌딩 1층
(지번) 하계동 251
",37.6392243,127.0715448
29,웅가네 개성김치녹차삼겹살,5.0,8,https://place.map.kakao.com/11181285,"
서울 노원구 공릉로59길 15 웅진상가동 1층 102호
(지번) 하계동 274-1
",37.6331134,127.0710645
30,해주곰탕 하계직영점,3.3,4,https://place.map.kakao.com/9583651,"
서울 노원구 공릉로 360
(지번) 하계동 208-32
",37.6388515,127.0697411
31,퀴헨,3.8,6,https://place.map.kakao.com/612388833,"
서울 노원구 공릉로58길 120
(지번) 하계동 72
",37.6359702,127.0749231
32,대박짬뽕마을,3.4,13,https://place.map.kakao.com/22136835,"
서울 노원구 공릉로58가길 17
(지번) 하계동 179-27
",37.6362335,127.0723094
33,진미능이백숙,4.0,9,https://place.map.kakao.com/101202542,"
서울 노원구 한글비석로1길 69 2층
(지번) 하계동 213-1
",37.6406843,127.0702032
34,BHC치킨 하계점,2.1,3,https://place.map.kakao.com/27346439,"
서울 노원구 공릉로58길 103 1층
(지번) 하계동 167-7
",37.6357359,127.0741103
35,조선화로집 하계점,2.5,15,https://place.map.kakao.com/1865351623,"
서울 노원구 노원로 248 삼정이오니아빌딩 2층
(지번) 하계동 256-13
",37.6399026,127.0738093
36,한동길감자탕,5.0,3,https://place.map.kakao.com/573195318,"
서울 노원구 공릉로70길 8-3
(지번) 하계동 208-23
",37.6391359,127.0700366
37,크로븐,4.9,11,https://place.map.kakao.com/1123976973,"
서울 노원구 공릉로59가길 23 1층
(지번) 하계동 155-3
",37.6344522,127.0708258
38,참이맛감자탕 하계점,2.4,8,https://place.map.kakao.com/179589959,"
서울 노원구 한글비석로 24
(지번) 하계동 272
",37.6332505,127.0656144
39,식상가,5.0,11,https://place.map.kakao.com/289758101,"
서울 노원구 공릉로70길 10 2층
(지번) 하계동 208-10
",37.63911909999999,127.0702
40,교촌치킨 하계1호점,3.2,1,https://place.map.kakao.com/16617677,"
서울 노원구 한글비석로 89 청구상가 201동 101호
(지번) 하계동 251
",37.6371388,127.0609039
41,맘스터치 노원하계점,3.3,3,https://place.map.kakao.com/306286759,"
서울 노원구 노원로 257
(지번) 하계동 251-4
",37.6402321,127.0727435
42,온천골,3.4,9,https://place.map.kakao.com/9945752,"
서울 노원구 노원로 254
(지번) 하계동 256-15
",37.6401491,127.0735275
43,캔모아,0.0,0,https://place.map.kakao.com/830992641,"
서울 노원구 공릉로 351 노원세이브존 지하1층
(지번) 하계동 284
",37.636639,127.0684032
44,카페다온,2.3,1,https://place.map.kakao.com/27514125,"
서울 노원구 공릉로65길 20 1층
(지번) 하계동 115-15
",37.6351772,127.069984
45,이디야커피 하계을지점,3.8,0,https://place.map.kakao.com/2125679465,"
서울 노원구 공릉로 326
(지번) 하계동 179-25
",37.6358505,127.0711596
46,리즈,5.0,7,https://place.map.kakao.com/1343092290,"
서울 노원구 공릉로58길 87
(지번) 하계동 168-2
",37.6356082,127.0732258
47,제로포인트제로,5.0,16,https://place.map.kakao.com/1893856194,"
서울 노원구 공릉로62길 19 1층
(지번) 하계동 170-50
",37.6362158,127.0720673
48,분식사,4.8,9,https://place.map.kakao.com/1903131027,"
서울 노원구 공릉로59길 15 웅천종합상가 116호
(지번) 하계동 274-1
",37.6324173,127.0710975
49,낙지마당 하계점,3.0,6,https://place.map.kakao.com/1315879554,"
서울 노원구 공릉로70길 6
(지번) 하계동 208-26
",37.6391166,127.0697672
50,박가네왕족발보쌈,4.5,5,https://place.map.kakao.com/7896706,"
서울 노원구 한글비석로 24
(지번) 하계동 272
",37.6332505,127.0656144
51,돈까스가게,4.0,6,https://place.map.kakao.com/2000861638,"
서울 노원구 공릉로 304
(지번) 하계동 153-3
",37.6342228,127.0720172
52,등나무집흑염소전문점,2.8,0,https://place.map.kakao.com/20743871,"
서울 노원구 한글비석로1길 21-1
(지번) 하계동 208-16
",37.63854060000001,127.0704134
53,이삭토스트 서울하계점,3.0,2,https://place.map.kakao.com/12587622,"
서울 노원구 노원로 254 103호
(지번) 하계동 256-15
",37.6401491,127.0735275
54,스시조,3.0,3,https://place.map.kakao.com/912752933,"
서울 노원구 노원로 244 2층
(지번) 하계동 256-11
",37.6394838,127.0742949
55,전복한상,4.5,1,https://place.map.kakao.com/233902353,"
서울 노원구 한글비석로1길 27
(지번) 하계동 208-12
",37.638897,127.0703659
56,파리바게뜨 하계미성점,3.0,0,https://place.map.kakao.com/15178011,"
서울 노원구 공릉로59길 18 삼성씨티빌
(지번) 하계동 276-12
",37.6336949,127.0706808
57,파리바게뜨 하계중앙점,1.0,0,https://place.map.kakao.com/12344288,"
서울 노원구 노원로 254 부광프라자 104호
(지번) 하계동 256-15
",37.6401491,127.0735275
58,푸라닭치킨 하계점,5.0,1,https://place.map.kakao.com/1448240289,"
서울 노원구 노원로 248
(지번) 하계동 256-13
",37.6399026,127.0738093
59,마왕족발 하계점,4.5,3,https://place.map.kakao.com/1932725185,"
서울 노원구 섬밭로 196 장미아파트 6단지 상가 101-2
(지번) 하계동 273
",37.632911,127.067018
60,버거킹 하계점,0.0,0,https://place.map.kakao.com/2047416101,"
서울 노원구 노원로 236
(지번) 하계동 256-8
",37.639063,127.0750967
61,단수이대왕카스테라,5.0,0,https://place.map.kakao.com/653404462,"
서울 노원구 섬밭로 196 상가동1층 112호
(지번) 하계동 273
",37.6336102,127.0678022
62,BBQ 하계점,2.3,1,https://place.map.kakao.com/1005038269,"
서울 노원구 노원로 248 삼정이오니아오피스텔 1층
(지번) 하계동 256-13
",37.6399026,127.0738093
63,이디야커피 하계온천점,0.0,1,https://place.map.kakao.com/1322523550,"
서울 노원구 노원로 257 1층 104호
(지번) 하계동 251-4
",37.6402321,127.0727435
64,꾸꾸루꾸바베큐 하계점,4.0,5,https://place.map.kakao.com/16875454,"
서울 노원구 섬밭로 196 장미아파트상가 116
(지번) 하계동 273
",37.6335004,127.0678755
65,목포세꼬시,4.0,0,https://place.map.kakao.com/16620056,"
서울 노원구 한글비석로 24
(지번) 하계동 272
",37.6332505,127.0656144
66,소문난순대국,2.7,2,https://place.map.kakao.com/16061472,"
서울 노원구 공릉로58길 87 101호
(지번) 하계동 168-2
",37.6356082,127.0732258
67,와플대학 하계장미캠퍼스,4.2,2,https://place.map.kakao.com/653216016,"
서울 노원구 섬밭로 196
(지번) 하계동 273
",37.6336102,127.0678022
68,미락시골밥상,3.0,15,https://place.map.kakao.com/16063587,"
서울 노원구 공릉로65길 10
(지번) 하계동 180-22
",37.6355689,127.0704085
69,구르미베이비카페,0.0,3,https://place.map.kakao.com/65343669,"
서울 노원구 공릉로 358-5
(지번) 하계동 208-34
",37.638839,127.0699826
70,참맛깔곱창,3.3,4,https://place.map.kakao.com/913915997,"
서울 노원구 섬밭로 232
(지번) 하계동 270
",37.6366317,127.066364
71,반찬카페 하계동규빈맘,3.0,0,https://place.map.kakao.com/551040937,"
서울 노원구 공릉로58길 87 1층
(지번) 하계동 168-2
",37.6356082,127.0732258
72,정차돌 하계점,3.7,3,https://place.map.kakao.com/933790647,"
서울 노원구 한글비석로1길 33
(지번) 하계동 208-5
",37.639115,127.0703655
73,김밥친구라면,3.0,0,https://place.map.kakao.com/16559454,"
서울 노원구 공릉로58길 131
(지번) 하계동 63-3
",37.6363924,127.0753348
74,메가커피 노원을지병원점,0.0,0,https://place.map.kakao.com/693268371,"
서울 노원구 공릉로 324-2 1층
(지번) 하계동 170-44
",37.6356173,127.0711761
75,오이시돈카츠,3.3,3,https://place.map.kakao.com/1494463248,"
서울 노원구 공릉로59가길 29-1
(지번) 하계동 155-9
",37.6345334,127.0707285
76,이리로,5.0,6,https://place.map.kakao.com/201780787,"
서울 노원구 공릉로 358-7 1층
(지번) 하계동 208-19
",37.638833,127.0702512
77,삼거리식당,5.0,1,https://place.map.kakao.com/16820289,"
서울 노원구 공릉로58길 82
(지번) 하계동 163-1
",37.6354062,127.0729757
78,본죽 하계점,2.3,0,https://place.map.kakao.com/16003688,"
서울 노원구 노원로 248 삼성이오니아 오피스텔 106호
(지번) 하계동 256-13
",37.6399026,127.0738093
79,파리바게뜨 하계벽산점,0.0,1,https://place.map.kakao.com/18134200,"
서울 노원구 섬밭로 209 건영아파트상가
(지번) 하계동 271-3
",37.6487209,127.0743189
80,진도리닭도리탕 노원점,0.0,2,https://place.map.kakao.com/1314046617,"
서울 노원구 한글비석로1길 81-4 1층
(지번) 하계동 287
",37.641463,127.0702377
81,통짬뽕,2.3,0,https://place.map.kakao.com/16414710,"
서울 노원구 공릉로58가길 4
(지번) 하계동 169-3
",37.6357477,127.0730904
82,키즈런,0.0,1,https://place.map.kakao.com/23522134,"
서울 노원구 공릉로59길 15
(지번) 하계동 274-1
",37.6331134,127.0710645
83,삼거리실내포차,0.0,0,https://place.map.kakao.com/18876027,"
서울 노원구 공릉로58가길 19
(지번) 하계동 170-13
",37.6361729,127.0723906
84,양자강,2.7,1,https://place.map.kakao.com/8490458,"
서울 노원구 공릉로59길 15 3층
(지번) 하계동 274-1
",37.6331134,127.0710645
85,카레테이블 과기대점,4.1,2,https://place.map.kakao.com/92416175,"
서울 노원구 공릉로58길 117 2층
(지번) 하계동 62
",37.636035,127.0746833
86,주도락,5.0,5,https://place.map.kakao.com/27299117,"
서울 노원구 공릉로 358-5 1층
(지번) 하계동 208-34
",37.638839,127.0699826
87,달밭두루치기,0.0,3,https://place.map.kakao.com/16051287,"
서울 노원구 한글비석로1길 68
(지번) 하계동 251
",37.6392243,127.0715448
88,서울집,1.0,11,https://place.map.kakao.com/421061895,"
서울 노원구 공릉로 326-5
(지번) 하계동 179-10
",37.6360718,127.0712192
89,던킨도너츠 노원세이브존점,4.3,1,https://place.map.kakao.com/13042003,"
서울 노원구 한글비석로 57 노원세이브존 지하1층
(지번) 하계동 284
",37.636639,127.0684032
90,커피랑파이랑 1호점,5.0,1,https://place.map.kakao.com/16066588,"
서울 노원구 한글비석로1길 28
(지번) 하계동 251
",37.6392243,127.0715448
91,고향숯불소갈비살,4.2,5,https://place.map.kakao.com/21331883,"
서울 노원구 섬밭로 196 장미아파트상가 1층
(지번) 하계동 273
",37.6335004,127.0678755
92,갑식이네착한낙지,1.0,19,https://place.map.kakao.com/1291628371,"
서울 노원구 노원로 247
(지번) 하계동 251
",37.6392243,127.0715448
93,카페리노,5.0,0,https://place.map.kakao.com/2039394114,"
서울 노원구 동일로207길 186
(지번) 하계동 354
",37.6362848,127.0613593
94,터틀힐,5.0,0,https://place.map.kakao.com/818233574,"
서울 노원구 공릉로58길 106 1층
(지번) 하계동 76-4
",37.63556639999999,127.0742177
95,이디야커피 세이브존노원점,0.0,0,https://place.map.kakao.com/1530972537,"
서울 노원구 한글비석로 57 지하1층
(지번) 하계동 284
",37.6378958,127.0686347
96,네네치킨 하계1점,2.0,2,https://place.map.kakao.com/10191883,"
서울 노원구 공릉로59가길 28
(지번) 하계동 155-1
",37.634591,127.070943
97,고릴라김밥시즌3,2.5,0,https://place.map.kakao.com/491727771,"
서울 노원구 노원로 248
(지번) 하계동 256-14
",37.6399893,127.0737266
98,우스타그램,3.8,14,https://place.map.kakao.com/1586050005,"
서울 노원구 섬밭로 196
(지번) 하계동 273
",37.6336102,127.0678022
99,속초세꼬시,3.0,0,https://place.map.kakao.com/16269584,"
서울 노원구 공릉로70길 6
(지번) 하계동 208-26
",37.6391166,127.0697672
100,골마을남원추어탕,0.0,4,https://place.map.kakao.com/1365658433,"
서울 노원구 노원로 248
(지번) 하계동 256-13
",37.6399026,127.0738093
101,참죽,0.0,0,https://place.map.kakao.com/1726306811,"
서울 노원구 공릉로 324-2 2층
(지번) 하계동 170-44
",37.6356173,127.0711761
102,처갓집양념치킨 하계점,5.0,3,https://place.map.kakao.com/1406722757,"
서울 노원구 공릉로58길 176 우방아파트 상가동 101호
(지번) 하계동 353
",37.6375943,127.0771679
103,돌마루,4.8,2,https://place.map.kakao.com/12826383,"
서울 노원구 노원로15길 51-25
(지번) 하계동 213-10
",37.6405713,127.0700539
104,혜성식당,0.0,0,https://place.map.kakao.com/1182342645,"
서울 노원구 노원로16길 21 중계주공9단지아파트 제1상가
(지번) 하계동 256
",37.6428883,127.0737358
105,도마우에,0.0,3,https://place.map.kakao.com/1162196929,"
서울 노원구 공릉로59가길 28
(지번) 하계동 155-1
",37.634591,127.070943
106,멕시칸라이브그릴,0.0,2,https://place.map.kakao.com/2049891492,"
서울 노원구 공릉로58길 87 102호
(지번) 하계동 168-2
",37.6356082,127.0732258
107,피자엔,2.7,0,https://place.map.kakao.com/21541471,"
서울 노원구 한글비석로 57
(지번) 하계동 284
",37.6378958,127.0686347
108,바다속풍경,5.0,4,https://place.map.kakao.com/798666614,"
서울 노원구 공릉로58길 99
(지번) 하계동 167-6
",37.6356799,127.0739841
109,터프커피(tuff coffee),4.0,2,https://place.map.kakao.com/1626748095,"
서울 노원구 공릉로58길 122
(지번) 하계동 72-18
",37.6360424,127.0750571
110,하계생오리,5.0,1,https://place.map.kakao.com/2132841003,"
서울 노원구 한글비석로 91 2층
(지번) 하계동 251
",37.6392243,127.0715448
111,버무리 하계점,3.0,0,https://place.map.kakao.com/1734958783,"
서울 노원구 노원로 254 부광프라자 105호
(지번) 하계동 256-15
",37.6401491,127.0735275
112,피자스톰 노원점,5.0,4,https://place.map.kakao.com/1058645266,"
서울 노원구 한글비석로1길 81-4
(지번) 하계동 287
",37.641463,127.0702377
113,티바두마리치킨 하계점,2.3,2,https://place.map.kakao.com/18465256,"
서울 노원구 공릉로58길 97 101호
(지번) 하계동 167-4
",37.6356428,127.073844
114,감나무아래,4.2,3,https://place.map.kakao.com/706132623,"
서울 노원구 공릉로70길 8-4
(지번) 하계동 208-27
",37.6390577,127.0698393
115,페리카나 서울온천점,3.7,1,https://place.map.kakao.com/8134892,"
서울 노원구 노원로16길 21 중계주공9단지아파트 상가 1층 104호
(지번) 하계동 256
",37.6428883,127.0737358
116,예노,0.0,1,https://place.map.kakao.com/1428401059,"
서울 노원구 공릉로58길 117
(지번) 하계동 62
",37.636035,127.0746833
117,빅스타피자,0.0,0,https://place.map.kakao.com/1521817565,"
서울 노원구 공릉로58길 41
(지번) 하계동 153-23
",37.6341786,127.0722341
118,스시선,5.0,2,https://place.map.kakao.com/683305507,"
서울 노원구 한글비석로 57 세이브존 지하1층
(지번) 하계동 284
",37.636639,127.0684032
119,갑분식,0.0,8,https://place.map.kakao.com/13349332,"
서울 노원구 섬밭로 196 장미6단지상가 101-5호
(지번) 하계동 273
",37.6336102,127.0678022
120,마시내탕수육&파닭,0.0,0,https://place.map.kakao.com/1729417527,"
서울 노원구 한글비석로 91
(지번) 하계동 251
",37.6390554,127.0721805
121,수내닭꼬치 과기대점,0.0,2,https://place.map.kakao.com/158311561,"
서울 노원구 공릉로62가길 64 대영빌딩 1층
(지번) 하계동 61-22
",37.5210579,126.9297678
122,향촌 오리숯불회전구이,0.0,0,https://place.map.kakao.com/18437383,"
서울 노원구 공릉로58길 21
(지번) 하계동 143-7
",37.6335701,127.0724343
123,휘드카페 하계점,5.0,0,https://place.map.kakao.com/969790715,"
서울 노원구 공릉로58길 108
(지번) 하계동 76-5
",37.6356282,127.0743937
124,마들순대국,0.0,0,https://place.map.kakao.com/20741507,"
서울 노원구 공릉로 326-5
(지번) 하계동 179-10
",37.6360718,127.0712192
125,채선당 샤브보트 세이브존노원점,0.0,5,https://place.map.kakao.com/2081831400,"
서울 노원구 한글비석로 57 지하1층
(지번) 하계동 284
",37.6378958,127.0686347
126,에디슨DHA치킨 하계1호점,4.0,0,https://place.map.kakao.com/10570377,"
서울 노원구 섬밭로 196
(지번) 하계동 280
",37.6336102,127.0678022
127,치킨신드롬 중계점,0.0,1,https://place.map.kakao.com/13148279,"
서울 노원구 섬밭로 232 우성상가 109호
(지번) 하계동 270
",37.6366317,127.066364
128,청록영양탕,0.0,0,https://place.map.kakao.com/20744434,"
서울 노원구 공릉로58길 69
(지번) 하계동 158-1
",37.6353814,127.0722293
129,두찜 노원하계점,3.0,17,https://place.map.kakao.com/602105620,"
서울 노원구 공릉로58길 88 1층
(지번) 하계동 164-3
",37.6354352,127.0732257
130,깜닭치킨 하계점,0.0,2,https://place.map.kakao.com/2091449297,"
서울 노원구 한글비석로1길 59
(지번) 하계동 213-19
",37.6402884,127.0705038
131,짱스1인샤브샤브,5.0,3,https://place.map.kakao.com/1208647522,"
서울 노원구 공릉로 326-11
(지번) 하계동 178-3
",37.6361755,127.0715771
132,크리스피자,5.0,1,https://place.map.kakao.com/12450397,"
서울 노원구 섬밭로 232
(지번) 하계동 270
",37.6366317,127.066364
133,치킨 더주모리 하계점,0.0,0,https://place.map.kakao.com/27494195,"
서울 노원구 노원로15길 43 1층
(지번) 하계동 236-5
",37.6407975,127.070059
134,정가네한방왕족발,0.0,3,https://place.map.kakao.com/1278461407,"
서울 노원구 노원로15길 51-30
(지번) 하계동 209-2
",37.6394183,127.0700841
135,커피하우스,1.8,1,https://place.map.kakao.com/27494197,"
서울 노원구 한글비석로1길 69
(지번) 하계동 213-1
",37.6406843,127.0702032
136,땡기네,5.0,2,https://place.map.kakao.com/63060212,"
서울 노원구 한글비석로1길 68
(지번) 하계동 251
",37.6392243,127.0715448
137,조아애떡볶이 하계중앙점,0.0,0,https://place.map.kakao.com/262072037,"
서울 노원구 한글비석로 91 상가동 106호
(지번) 하계동 251
",37.6392243,127.0715448
138,한상차림,0.0,0,https://place.map.kakao.com/27513970,"
서울 노원구 공릉로62길 27-11
(지번) 하계동 180-1
",37.6363706,127.0712902
139,추풍령맛감자탕 하계점,0.0,0,https://place.map.kakao.com/8164071,"
서울 노원구 공릉로 326-11
(지번) 하계동 178-3
",37.6361755,127.0715771
140,진참치,5.0,1,https://place.map.kakao.com/1640993908,"
서울 노원구 한글비석로1길 61
(지번) 하계동 213
",37.6403697,127.0704144
141,비젼,5.0,0,https://place.map.kakao.com/1256088844,"
서울 노원구 공릉로58가길 12
(지번) 하계동 169-4
",37.6360746,127.0729493
142,공방카페 림,0.0,0,https://place.map.kakao.com/27349728,"
서울 노원구 공릉로58길 106 1층
(지번) 하계동 76-4
",37.63556639999999,127.0742177
143,안동반점,0.0,0,https://place.map.kakao.com/16676403,"
서울 노원구 섬밭로 232
(지번) 하계동 270
",37.6366317,127.066364
144,쌀통닭 하계점,3.3,2,https://place.map.kakao.com/225608909,"
서울 노원구 공릉로70길 10
(지번) 하계동 208-10
",37.63911909999999,127.0702
145,스시류,0.0,0,https://place.map.kakao.com/1926053950,"
서울 노원구 공릉로58길 131 동방빌딩 1층
(지번) 하계동 63-3
",37.6363924,127.0753348
146,카페친구네집,5.0,0,https://place.map.kakao.com/576688140,"
서울 노원구 공릉로58길 23 1층
(지번) 하계동 153-27
",37.6337152,127.072437
147,얌샘김밥 노원세이브존점,1.7,0,https://place.map.kakao.com/1047838694,"
서울 노원구 한글비석로 57
(지번) 하계동 284
",37.6378958,127.0686347
148,전주식당,5.0,0,https://place.map.kakao.com/23008777,"
서울 노원구 공릉로58길 74
(지번) 하계동 163-6
",37.6353833,127.0725828
149,알뜰분식,5.0,1,https://place.map.kakao.com/1488640428,"
서울 노원구 섬밭로 232
(지번) 하계동 270
",37.6366317,127.066364
150,연어시장,4.4,74,https://place.map.kakao.com/27487698,"
서울 노원구 석계로 13
(지번) 월계동 63-5
",37.6160187,127.0643088
151,무명칼국수,4.3,72,https://place.map.kakao.com/16820063,"
서울 노원구 석계로7길 4
(지번) 월계동 68-79
",37.6166696,127.0638906
152,엄마마늘보쌈,4.1,38,https://place.map.kakao.com/19338611,"
서울 노원구 석계로 16
(지번) 월계동 64-10
",37.6162877,127.0644753
153,화로상회,3.3,13,https://place.map.kakao.com/27503771,"
서울 노원구 광운로 37
(지번) 월계동 402-11
",37.6207876,127.0586112
154,마떡다이천 광운대본점,4.5,13,https://place.map.kakao.com/1433789219,"
서울 노원구 석계로 106 1층
(지번) 월계동 379-36
",37.6230986,127.060398
155,3900착한초밥,4.0,15,https://place.map.kakao.com/1465489061,"
서울 노원구 광운로1길 26
(지번) 월계동 497-5
",37.6192923,127.05607
156,스시다온,4.3,55,https://place.map.kakao.com/1660204183,"
서울 노원구 석계로 9 2층
(지번) 월계동 59-3
",37.61565,127.0644018
157,1일1잔,5.0,9,https://place.map.kakao.com/485967615,"
서울 노원구 광운로2길 6 1층
(지번) 월계동 472-45
",37.6180605,127.0574109
158,라무야끼,4.0,52,https://place.map.kakao.com/1867396584,"
서울 노원구 석계로3길 15-1
(지번) 월계동 55-10
",37.615677,127.0637105
159,스타벅스 월계역점,3.0,6,https://place.map.kakao.com/1516356548,"
서울 노원구 초안산로2라길 26 104~106호
(지번) 월계동 635-6
",37.63115310000001,127.0577021
160,서민초밥,3.8,38,https://place.map.kakao.com/417526658,"
서울 노원구 석계로3길 17
(지번) 월계동 55-8
",37.6158483,127.0636041
161,투썸플레이스 석계역점,2.5,5,https://place.map.kakao.com/18513082,"
서울 노원구 석계로1길 10 2층
(지번) 월계동 58-2
",37.6155882,127.0640979
162,일심해장국 월계점,2.7,185,https://place.map.kakao.com/15319006,"
서울 노원구 석계로15길 25 한일아파트상가 108호
(지번) 월계동 926
",37.6218998,127.0613646
163,진정성담은양평가,3.0,31,https://place.map.kakao.com/1876792092,"
서울 노원구 석계로1길 14 2층
(지번) 월계동 56-8
",37.6155226,127.0638982
164,마루국시,3.1,5,https://place.map.kakao.com/11741047,"
서울 노원구 월계로55길 64 1층
(지번) 월계동 320-4
",37.633906,127.0596535
165,베트남노상식당 광운대점,3.8,15,https://place.map.kakao.com/133766057,"
서울 노원구 월계동 925

",37.6218076,127.0603111
166,스타벅스 광운대점,3.6,3,https://place.map.kakao.com/17884753,"
서울 노원구 석계로 104
(지번) 월계동 410-1
",37.6231479,127.0607009
167,카페거실,3.4,19,https://place.map.kakao.com/1907430050,"
서울 노원구 화랑로47길 9
(지번) 월계동 26-23
",37.6157063,127.0666166
168,일번지포장마차,3.9,42,https://place.map.kakao.com/15291549,"
서울 노원구 화랑로 337-4
(지번) 월계동 36-5
",37.6157572,127.0651911
169,스시쟁이,2.8,10,https://place.map.kakao.com/26502291,"
서울 노원구 석계로 18
(지번) 월계동 64-9
",37.61639359999999,127.0644332
170,슬슬커피,4.8,13,https://place.map.kakao.com/1682165592,"
서울 노원구 석계로11길 35 1층
(지번) 월계동 484
",37.6168277,127.0630436
171,호재돈까스,4.6,35,https://place.map.kakao.com/1953570472,"
서울 노원구 석계로3길 15-1
(지번) 월계동 55
",37.615677,127.0637105
172,서초우동 광운대역점,4.9,4,https://place.map.kakao.com/21556473,"
서울 노원구 석계로18길 23
(지번) 월계동 382-3
",37.6240119,127.0606867
173,육장군,4.4,33,https://place.map.kakao.com/27576442,"
서울 노원구 화랑로 337-15
(지번) 월계동 62-10
",37.6155497,127.0650407
174,오메가생선구이 본점,4.3,17,https://place.map.kakao.com/17271272,"
서울 노원구 화랑로 343
(지번) 월계동 38-6
",37.6152321,127.0660166
175,기와집,4.1,6,https://place.map.kakao.com/8690963,"
서울 노원구 석계로 35
(지번) 월계동 73-2
",37.6178927,127.0637212
176,장군숯불족발,4.5,25,https://place.map.kakao.com/8073706,"
서울 노원구 화랑로43가길 27
(지번) 월계동 51-6
",37.615009,127.0632182
177,마시써머거바,3.5,11,https://place.map.kakao.com/914234380,"
서울 노원구 월계동 46-3

",37.6148558,127.0650279
178,삼대냉면,3.9,16,https://place.map.kakao.com/16380812,"
서울 노원구 석계로9길 33 1층
(지번) 월계동 435-11
",37.6175717,127.0634591
179,황금오리,3.5,7,https://place.map.kakao.com/9630494,"
서울 노원구 석계로1길 22
(지번) 월계동 54-1
",37.6155313,127.0633986
180,한입삼겹살,3.0,1,https://place.map.kakao.com/299247092,"
서울 노원구 화랑로 337-4
(지번) 월계동 36-5
",37.6157572,127.0651911
181,왕코등갈비 석계점,3.0,8,https://place.map.kakao.com/23123025,"
서울 노원구 석계로 22
(지번) 월계동 66-4
",37.6168716,127.064374
182,그남자의돼지갈비 4호점,3.7,10,https://place.map.kakao.com/2031372265,"
서울 노원구 월계로 336 2층
(지번) 월계동 292-59
",37.6291401,127.0578102
183,맘스터치 석계역점,2.2,4,https://place.map.kakao.com/1367802236,"
서울 노원구 석계로1길 18 2층
(지번) 월계동 56
",37.6155031,127.0637115
184,미가양꼬치,4.7,5,https://place.map.kakao.com/13027304,"
서울 노원구 석계로 13-3 1층
(지번) 월계동 63-7
",37.6159043,127.0642004
185,엉터리앙평해장국 석계역점,5.0,10,https://place.map.kakao.com/1512390559,"
서울 노원구 석계로1길 14
(지번) 월계동 56-8
",37.6155226,127.0638982
186,초안산갈비,5.0,6,https://place.map.kakao.com/1635721809,"
서울 노원구 덕릉로60길 263
(지번) 월계동 799
",37.6297452,127.0465414
187,호호커피집,4.3,9,https://place.map.kakao.com/16421234,"
서울 노원구 화랑로 337-21 1층, 2층
(지번) 월계동 62-7
",37.6158453,127.0649328
188,제주본가,3.5,5,https://place.map.kakao.com/9408821,"
서울 노원구 석계로1길 18
(지번) 월계동 56
",37.6155031,127.0637115
189,친친,3.8,2,https://place.map.kakao.com/27475357,"
서울 노원구 석계로18길 10-9 2층
(지번) 월계동 379-2
",37.6235883,127.0608982
190,우리집,4.0,3,https://place.map.kakao.com/16851034,"
서울 노원구 광운로22길 9
(지번) 월계동 298-6
",37.6284436,127.0592714
191,수해복마라탕 광운대점,4.4,11,https://place.map.kakao.com/961930767,"
서울 노원구 광운로 39 2층
(지번) 월계동 402-7
",37.6210305,127.0588993
192,후아나 석계점,4.2,4,https://place.map.kakao.com/1671540851,"
서울 노원구 석계로1길 18 301호
(지번) 월계동 56
",37.6155031,127.0637115
193,육수당 석계역점,3.6,18,https://place.map.kakao.com/1892516181,"
서울 노원구 화랑로 343 1층 102호
(지번) 월계동 38-6
",37.6152321,127.0660166
194,군자대한곱창 석계역점,5.0,25,https://place.map.kakao.com/125798933,"
서울 노원구 석계로 14-1 1층
(지번) 월계동 64-12
",37.6161232,127.064525
195,태백마루,3.6,15,https://place.map.kakao.com/19176066,"
서울 노원구 화랑로 349 2층
(지번) 월계동 26-13
",37.6153327,127.0666576
196,애슐리퀸즈 이마트월계점,2.6,59,https://place.map.kakao.com/680801617,"
서울 노원구 마들로3길 15 이마트월계점 1층 애슐리퀸즈
(지번) 월계동 333-1
",37.6265118,127.0619079
197,샐러드조이,4.8,47,https://place.map.kakao.com/87024728,"
서울 노원구 초안산로2라길 31 BS빌딩 2층
(지번) 월계동 276-18
",37.6311433,127.0581747
198,신연마라탕,4.3,6,https://place.map.kakao.com/364066914,"
서울 노원구 광운로 35
(지번) 월계동 402-18
",37.62066890000001,127.0586353
199,싱싱오징어바다 석계역점,2.0,14,https://place.map.kakao.com/19839143,"
서울 노원구 석계로 14
(지번) 월계동 61-8
",37.6160108,127.0645547
200,여자만아구찜,3.5,5,https://place.map.kakao.com/534426827,"
서울 노원구 석계로18길 10-8
(지번) 월계동 379-10
",37.6234861,127.0608575
201,클라우드9,4.0,9,https://place.map.kakao.com/20744235,"
서울 노원구 화랑로 337-23
(지번) 월계동 62-6
",37.6159207,127.0649047
202,와플팝,5.0,1,https://place.map.kakao.com/574585945,"
서울 노원구 초안산로2라길 17 1층
(지번) 월계동 272-31
",37.6315623,127.0575021
203,하다식당 월계직영점,4.3,10,https://place.map.kakao.com/727616311,"
서울 노원구 초안산로2길 122 1층
(지번) 월계동 271-23
",37.6338021,127.0582658
204,파리바게뜨 석계역점,4.5,84,https://place.map.kakao.com/21656626,"
서울 노원구 마들로 31 상가동 107,108,148호
(지번) 월계동 18
",37.6176466,127.0685939
205,롯데리아 석계점,1.8,0,https://place.map.kakao.com/7857648,"
서울 노원구 화랑로 325
(지번) 월계동 50-29
",37.6149164,127.0640383
206,장어구이셀프타운,3.5,9,https://place.map.kakao.com/20740538,"
서울 노원구 화랑로45길 40
(지번) 월계동 21-34
",37.6167711,127.065329
207,도미노피자 월계점,4.3,1,https://place.map.kakao.com/26815517,"
서울 노원구 광운로 52
(지번) 월계동 409-16
",37.6218638,127.0596658
208,아빵,4.4,10,https://place.map.kakao.com/27550729,"
서울 노원구 초안산로2라길 13
(지번) 월계동 655-14
",37.6316399,127.0573935
209,노란오빠생각,1.0,0,https://place.map.kakao.com/980550235,"
서울 노원구 화랑로 337
(지번) 월계동 46-1
",37.6152064,127.0651538
210,화돌농장,4.3,0,https://place.map.kakao.com/26849111,"
서울 노원구 광운로 133
(지번) 월계동 297
",37.6282142,127.0579624
211,보리보리 옥선이시골밥상,1.7,5,https://place.map.kakao.com/11814895,"
서울 노원구 월계로55길 64
(지번) 월계동 320-4
",37.633906,127.0596535
212,엘가커피 석계점,3.0,7,https://place.map.kakao.com/24693403,"
서울 노원구 석계로1길 22
(지번) 월계동 54-1
",37.6155313,127.0633986
213,빽다방 광운대점,4.3,4,https://place.map.kakao.com/27094505,"
서울 노원구 광운로 43 로얄포토빌딩 1층
(지번) 월계동 393-14
",37.6213106,127.0590011
214,써브웨이 광운대역점,1.9,7,https://place.map.kakao.com/2024470096,"
서울 노원구 광운로 57
(지번) 월계동 383-16
",37.622599,127.0595456
215,스타벅스 월계트레이더스점,5.0,7,https://place.map.kakao.com/780657144,"
서울 노원구 마들로3길 17
(지번) 월계동 333-1
",37.6281557,127.0626394
216,소문난곱창,4.7,4,https://place.map.kakao.com/13287923,"
서울 노원구 석계로7길 12-8 1층
(지번) 월계동 68-25
",37.6163437,127.0632513
217,용궁중화요리,2.0,9,https://place.map.kakao.com/8458383,"
서울 노원구 월계로 325
(지번) 월계2동 600
",37.6281642,127.0527347
218,꿈의김밥,4.0,1,https://place.map.kakao.com/866759727,"
서울 노원구 석계로3길 41 1층
(지번) 월계동 485-5
",37.616447,127.0625319
219,카페베르데 광운대본점,4.0,1,https://place.map.kakao.com/16298833,"
서울 노원구 광운로 17-3 1층
(지번) 월계동 496-4
",37.6191985,127.0576287
220,BHC치킨 월계스타점,4.2,1,https://place.map.kakao.com/1219738630,"
서울 노원구 초안산로2라길 19 201호
(지번) 월계동 274-46
",37.63143460000001,127.0576408
221,마포연탄불고기,4.4,5,https://place.map.kakao.com/21353407,"
서울 노원구 석계로18길 4
(지번) 월계동 379-25
",37.6232258,127.0605334
222,메가커피 석계역점,1.7,1,https://place.map.kakao.com/931744501,"
서울 노원구 화랑로 337 1층 103호
(지번) 월계동 46-1
",37.6152064,127.0651538
223,교촌치킨 석계역점,1.8,4,https://place.map.kakao.com/16051747,"
서울 노원구 석계로 31
(지번) 월계동 73-13
",37.6175018,127.0638541
224,커피나무,3.0,0,https://place.map.kakao.com/1030306506,"
서울 노원구 화랑로 325
(지번) 월계동 50
",37.6149164,127.0640383
225,백채김치찌개 석계점,3.3,13,https://place.map.kakao.com/27441093,"
서울 노원구 석계로3길 17
(지번) 월계동 55-8
",37.6158483,127.0636041
226,옥남집,5.0,3,https://place.map.kakao.com/27524740,"
서울 노원구 광운로 68
(지번) 월계동 379-43
",37.6232768,127.0602564
227,이상봉 이참치,3.1,14,https://place.map.kakao.com/22320179,"
서울 노원구 석계로 21 2층
(지번) 월계동 68-20
",37.6166236,127.0641121
228,배스킨라빈스 석계점,3.0,3,https://place.map.kakao.com/26794261,"
서울 노원구 석계로1길 10
(지번) 월계동 58-2
",37.6155882,127.0640979
229,디델리 광운대점,3.0,11,https://place.map.kakao.com/16081384,"
서울 노원구 광운로 31
(지번) 월계동 465-9
",37.6203955,127.0584779
230,향원,4.1,1,https://place.map.kakao.com/19032295,"
서울 노원구 석계로 27
(지번) 월계동 73-17
",37.6172562,127.0638991
231,윤스쿡,4.8,14,https://place.map.kakao.com/2123663334,"
서울 노원구 광운로 29 2층
(지번) 월계동 465-10
",37.6202851,127.0584102
232,피자굽는오빠 2호점,5.0,27,https://place.map.kakao.com/140659618,"
서울 노원구 초안산로5길 12
(지번) 월계동 776
",37.6325296,127.0517095
233,장수국수,1.0,20,https://place.map.kakao.com/24997619,"
서울 노원구 광운로 27
(지번) 월계동 465-11
",37.6201787,127.0582915
234,뚜레쥬르 카페광운대역점,4.5,2,https://place.map.kakao.com/814390841,"
서울 노원구 석계로 105
(지번) 월계동 383-42
",37.6228285,127.0605396
235,어반,5.0,11,https://place.map.kakao.com/685806660,"
서울 노원구 석계로3길 11 2층
(지번) 월계동 55-13
",37.6157066,127.0639174
236,석계3층집,4.3,5,https://place.map.kakao.com/26853973,"
서울 노원구 석계로 21 3층
(지번) 월계동 68-20
",37.6166236,127.0641121
237,이자카야 콤마,5.0,2,https://place.map.kakao.com/220378937,"
서울 노원구 석계로 10 2층
(지번) 월계동 61-11
",37.6157304,127.0646511
238,KFC 월계이마트점,2.0,0,https://place.map.kakao.com/8014030,"
서울 노원구 마들로3길 15 2층
(지번) 월계동 333-1
",37.62644,127.0619091
239,청계천8가삼성곱창,4.8,4,https://place.map.kakao.com/374001076,"
서울 노원구 석계로3길 32
(지번) 월계동 68-27
",37.6163191,127.0630987
240,빈대주막 석계점,3.0,4,https://place.map.kakao.com/16053856,"
서울 노원구 석계로1길 10
(지번) 월계동 58-2
",37.6155882,127.0640979
241,치킨에꼬치다,3.7,8,https://place.map.kakao.com/1036609254,"
서울 노원구 석계로 12 1층
(지번) 월계동 61-10
",37.61582569999999,127.0646182
242,맘스터치 월계역점,4.2,4,https://place.map.kakao.com/1286697365,"
서울 노원구 초안산로2라길 26 1층 107호
(지번) 월계동 951
",37.63115310000001,127.0577021
243,곤지암할매소머리국밥&순대국 본점,3.4,0,https://place.map.kakao.com/102346965,"
서울 노원구 월계로 338 상가 A동 101호
(지번) 월계동 942
",37.6290993,127.0586774
244,미아리우동집 석계역점,3.0,4,https://place.map.kakao.com/55284543,"
서울 노원구 석계로3길 27 1층
(지번) 월계동 68-9
",37.6160918,127.0631899
245,더원,3.6,10,https://place.map.kakao.com/152856273,"
서울 노원구 광운로 61
(지번) 월계동 383-21
",37.6229034,127.0597592
246,미식성,4.0,1,https://place.map.kakao.com/9443559,"
서울 노원구 광운로 9
(지번) 월계동 469-16
",37.6186541,127.0572675
247,이디야커피 월계인덕점,0.0,1,https://place.map.kakao.com/1586230348,"
서울 노원구 광운로22길 39
(지번) 월계동 290-1
",37.6285729,127.0592566
248,던킨도너츠 광운대역점,3.7,1,https://place.map.kakao.com/21332237,"
서울 노원구 석계로 98-2
(지번) 월계동 85-5
",37.6232015,127.0616631
249,노원골제주흑돼지 2호점,4.3,13,https://place.map.kakao.com/733033915,"
서울 노원구 석계로 19
(지번) 월계동 68-66
",37.616466,127.064122
250,노랑통닭 석계역점,3.0,8,https://place.map.kakao.com/27430275,"
서울 노원구 석계로 12-1
(지번) 월계동 61-9
",37.6159191,127.0645876
251,육회공작소 석계점,2.0,5,https://place.map.kakao.com/27264445,"
서울 노원구 석계로 16
(지번) 월계동 64-10
",37.6162877,127.0644753
252,리드브레드 석계역점,4.4,8,https://place.map.kakao.com/741643395,"
서울 노원구 화랑로 353 1층
(지번) 월계동 26-18
",37.6154081,127.0669636
253,햇살머믄꼬마김밥 석계역점,5.0,2,https://place.map.kakao.com/333894026,"
서울 노원구 화랑로45길 42
(지번) 월계동 21-23
",37.6169293,127.0652806
254,동대문엽기떡볶이 월계점,2.1,3,https://place.map.kakao.com/1346518616,"
서울 노원구 광운로 39 1층
(지번) 월계동 402-7
",37.6210305,127.0588993
255,공차 광운대점,3.1,4,https://place.map.kakao.com/1483893178,"
서울 노원구 광운로 20 80주년 기념관 지하1층 내 복지매장
(지번) 월계동 447-1
",37.6194277,127.05982
256,와라와라 석계역점,3.3,7,https://place.map.kakao.com/13082421,"
서울 노원구 석계로1길 14 3층
(지번) 월계동 56-8
",37.6155226,127.0638982
257,보배반점 월계점,5.0,1,https://place.map.kakao.com/149027499,"
서울 노원구 초안산로5길 12
(지번) 월계동 776
",37.6325296,127.0517095
258,여우곱창,5.0,11,https://place.map.kakao.com/13318900,"
서울 노원구 광운로 68
(지번) 월계동 379-43
",37.6232768,127.0602564
259,배스킨라빈스 광운대역점,5.0,1,https://place.map.kakao.com/14855950,"
서울 노원구 광운로 65
(지번) 월계동 383-25
",37.6231314,127.0599841
260,옛날통닭 석계점,4.0,2,https://place.map.kakao.com/1596819279,"
서울 노원구 석계로3길 36 1층
(지번) 월계동 486-6
",37.6163848,127.0629721
261,설빙 서울광운대점,2.0,1,https://place.map.kakao.com/530741465,"
서울 노원구 광운로 25 2층
(지번) 월계동 465-21
",37.6200275,127.058196
262,신당동즉석떡볶이,4.0,2,https://place.map.kakao.com/21412773,"
서울 노원구 석계로9길 47
(지번) 월계동 482-1
",37.6162801,127.062048
263,인정각,4.3,11,https://place.map.kakao.com/1816241497,"
서울 노원구 석계로3길 18 2층
(지번) 월계동 55-2
",37.6159588,127.0637942
264,최대포소금구이,3.3,9,https://place.map.kakao.com/16442113,"
서울 노원구 석계로7길 14
(지번) 월계동 68-28
",37.6163157,127.0635745
265,김밥천국 광운대점,2.9,1,https://place.map.kakao.com/10198074,"
서울 노원구 광운로 33
(지번) 월계동 402-19
",37.6205277,127.0585612
266,락궁,2.0,6,https://place.map.kakao.com/8314850,"
서울 노원구 마들로 31 그랑빌 아파트 주상가 2층
(지번) 월계3동 18
",37.6244076,127.0655937
267,은빛회포차,4.0,3,https://place.map.kakao.com/983033146,"
서울 노원구 석계로3길 8
(지번) 월계동 63-10
",37.6158099,127.0642208
268,이삭토스트 석계역점,5.0,2,https://place.map.kakao.com/1790780715,"
서울 노원구 석계로3길 21 1층
(지번) 월계동 55-7
",37.6159311,127.0634887
269,본죽 석계역점,3.3,2,https://place.map.kakao.com/26310162,"
서울 노원구 석계로 11-1 1층
(지번) 월계동 63-9
",37.6159083,127.0643566
270,싸다김밥,2.2,3,https://place.map.kakao.com/1385352415,"
서울 노원구 광운로 65
(지번) 월계동 383-25
",37.6231314,127.0599841
271,언니떡볶이 동생브리또,3.0,5,https://place.map.kakao.com/1224186927,"
서울 노원구 광운로10길 3
(지번) 월계동 403-8
",37.6208615,127.0592865
272,e푸른선참치 석계본점,4.3,1,https://place.map.kakao.com/9167092,"
서울 노원구 석계로1길 14
(지번) 월계동 56-7
",37.6155226,127.0638982
273,신전떡볶이 광운대점,3.0,3,https://place.map.kakao.com/27232145,"
서울 노원구 광운로 52 1층
(지번) 월계동 409-16
",37.6218638,127.0596658
274,서향,3.0,1,https://place.map.kakao.com/9163543,"
서울 노원구 석계로 95
(지번) 월계동 411-53
",37.6229119,127.0611616
275,홍콩반점0410 광운대동문점,0.0,1,https://place.map.kakao.com/1479862933,"
서울 노원구 석계로13길 23 부일빌딩 1층
(지번) 월계동 429-6
",37.6201758,127.0615516
276,꽃제비칼국수,5.0,3,https://place.map.kakao.com/16297377,"
서울 노원구 광운로12길 13
(지번) 월계동 407-16
",37.6212654,127.0598852
277,오네스토테이블,2.5,6,https://place.map.kakao.com/27382316,"
서울 노원구 월계동 925

",37.6218076,127.0603111
278,미스터피자 석계역점,0.0,0,https://place.map.kakao.com/44249129,"
서울 노원구 석계로1길 22 흥우빌딩 1층 105호
(지번) 월계동 54-1
",37.6155026,127.0634876
279,킹콩떡볶이 인덕대점,5.0,6,https://place.map.kakao.com/1755164268,"
서울 노원구 초안산로2길 124 1층
(지번) 월계동 271-17
",37.6338542,127.0583523
280,대명왕십리곱창,5.0,5,https://place.map.kakao.com/16502776,"
서울 노원구 석계로 18
(지번) 월계동 64-9
",37.61639359999999,127.0644332
282,커피랑도서관 강북본점,0.0,3,https://place.map.kakao.com/623107528,"
서울 노원구 석계로 102 주원21빌딩 8층
(지번) 월계동 413-1
",37.6232317,127.0609242
283,60계 월계점,2.3,4,https://place.map.kakao.com/27607636,"
서울 노원구 마들로 31 한진한화그랑빌 주상가 지하1층
(지번) 월계동 18-1
",37.618141,127.068792
284,이디야커피 석계역점,1.3,1,https://place.map.kakao.com/16879086,"
서울 노원구 석계로3길 3
(지번) 월계동 47-3
",37.6155161,127.0643253
285,진미통닭,4.0,2,https://place.map.kakao.com/2091088647,"
서울 노원구 광운로 45
(지번) 월계동 393-1
",37.6214621,127.0590116
286,노랑통닭 월계점,4.0,5,https://place.map.kakao.com/1664834673,"
서울 노원구 초안산로2라길 35
(지번) 월계동 276-19
",37.6310784,127.0582843
287,임자구포국수,5.0,5,https://place.map.kakao.com/22137056,"
서울 노원구 월계로 370 희성프라자 1층 122호
(지번) 월계동 321-2
",37.6308761,127.0610421
288,지지고 광운대점,4.0,0,https://place.map.kakao.com/313608874,"
서울 노원구 광운로 27
(지번) 월계동 465-11
",37.6201787,127.0582915
289,와플대학 광운대캠퍼스,4.0,9,https://place.map.kakao.com/22577995,"
서울 노원구 광운로 64 1층
(지번) 월계동 383-4
",37.6227985,127.0601672
290,양드림,5.0,7,https://place.map.kakao.com/2115946682,"
서울 노원구 광운로2가길 1
(지번) 월계동 476-24
",37.6174253,127.0586513
291,파파존스 광운대점,3.0,1,https://place.map.kakao.com/1333275014,"
서울 노원구 광운로 15 금혁빌딩 101호
(지번) 월계동 469-3
",37.6190235,127.057606
292,피자헤븐 월계점,5.0,34,https://place.map.kakao.com/23585237,"
서울 노원구 광운로 33 2층
(지번) 월계동 402-19
",37.6205277,127.0585612
293,현덕육회,4.7,3,https://place.map.kakao.com/1431936902,"
서울 노원구 화랑로47길 4
(지번) 월계동 26-19
",37.6155352,127.0668555
294,착한족발 월계점,0.0,3,https://place.map.kakao.com/1377040460,"
서울 노원구 광운로 60 1층
(지번) 월계동 383-27
",37.6226132,127.0599702
295,파리바게뜨 월계점,2.0,0,https://place.map.kakao.com/8115111,"
서울 노원구 석계로7길 18
(지번) 월계동 68-6
",37.6161551,127.0634394
296,메가커피 광운대역점,3.3,0,https://place.map.kakao.com/1950122890,"
서울 노원구 석계로 103
(지번) 월계동 410-7
",37.6226759,127.0607205
297,스트릿츄러스 광운대점,4.4,1,https://place.map.kakao.com/2086560602,"
서울 노원구 광운로 21 동해문화예술회관 1층
(지번) 월계동 466
",37.619745,127.0575777
298,본죽 월계점,5.0,0,https://place.map.kakao.com/15183424,"
서울 노원구 월계로 370 희성프라자 1층 126호
(지번) 월계동 321-2
",37.6308761,127.0610421
299,날보러와요,1.0,2,https://place.map.kakao.com/27049063,"
서울 노원구 초안산로2라길 37
(지번) 월계동 276-20
",37.63101899999999,127.058396
300,크래버대게나라 노원점,4.2,218,https://place.map.kakao.com/1028261118,"
서울 노원구 한글비석로 326 1층
(지번) 중계동 369-9
",37.6564743,127.078292
301,돈까스먹는용만이,3.6,122,https://place.map.kakao.com/12460195,"
서울 노원구 한글비석로20길 52
(지번) 중계동 140-42
",37.6612172,127.0745963
302,호접몽,3.6,37,https://place.map.kakao.com/8177898,"
서울 노원구 중계로18길 9
(지번) 중계동 366-15
",37.651092,127.0777783
303,중계고기파티,4.0,127,https://place.map.kakao.com/282482500,"
서울 노원구 중계로12길 6 1층
(지번) 중계동 58-8
",37.6475933,127.081126
304,이종구낙지세상,4.4,23,https://place.map.kakao.com/26895444,"
서울 노원구 중계로 90 우암타운 1층
(지번) 중계동 27
",37.643852,127.0838058
305,하나샤브샤브,3.4,46,https://place.map.kakao.com/187151325,"
서울 노원구 동일로203가길 29 브라운스톤상가 101호
(지번) 중계동 506
",37.6393876,127.0642707
306,속초붉은대게 중계점,3.5,21,https://place.map.kakao.com/1701868494,"
서울 노원구 중계동 589

",37.658358,127.0747916
307,칠성해물통짬뽕,4.4,22,https://place.map.kakao.com/27496127,"
서울 노원구 덕릉로83길 5 2층
(지번) 중계동 606
",37.6597659,127.0749645
308,봉평메밀막국수 상계본점,3.9,14,https://place.map.kakao.com/9054096,"
서울 노원구 한글비석로20길 61
(지번) 중계동 141-16
",37.6617034,127.0748884
309,화로상회 상계역점,2.2,53,https://place.map.kakao.com/1461918151,"
서울 노원구 한글비석로 384 대호프라자 113~120호
(지번) 중계동 591
",37.65974730000001,127.0731798
310,영스넥,4.1,8,https://place.map.kakao.com/17079040,"
서울 노원구 한글비석로 245 두타빌 A동 지하1층 109호
(지번) 중계동 360-9
",37.65006109999999,127.0762802
311,봉심이족발,4.0,67,https://place.map.kakao.com/7908636,"
서울 노원구 덕릉로83길 20-5
(지번) 중계동 154-17
",37.6603144,127.0742573
312,노브랜드버거 중계공원점,3.7,49,https://place.map.kakao.com/243743514,"
서울 노원구 동일로204가길 34
(지번) 중계동 509-1
",37.6406859,127.0681273
313,온달왕돈까스 상계점,3.4,16,https://place.map.kakao.com/10625264,"
서울 노원구 한글비석로20길 10
(지번) 중계동 154-32
",37.6596154,127.0737027
314,거북이삼겹살,5.0,57,https://place.map.kakao.com/1578482811,"
서울 노원구 덕릉로 721 정진아트리움 107,108호
(지번) 중계동 137-39
",37.6620527,127.0754573
315,스타벅스 은행사거리점,3.2,3,https://place.map.kakao.com/10538293,"
서울 노원구 중계로 217 중흥빌딩 103,203호
(지번) 중계동 360-6
",37.6504634,127.0759752
316,애슐리퀸즈 2001중계점,1.8,49,https://place.map.kakao.com/8459531,"
서울 노원구 동일로204가길 46 8층
(지번) 중계동 509
",37.6412281,127.0678668
317,천우가,4.4,18,https://place.map.kakao.com/1431583989,"
서울 노원구 덕릉로 688 6층
(지번) 중계동 160-3
",37.6589031,127.0755986
318,아리엔스시,4.3,18,https://place.map.kakao.com/18510014,"
서울 노원구 중계로 225 청구종합상가동 1층 143호
(지번) 중계동 360-2
",37.6496758,127.0745809
319,맥도날드 중계점,2.5,2,https://place.map.kakao.com/7860478,"
서울 노원구 중계로 218
(지번) 중계동 359-14
",37.6508113,127.0759834
320,카페브람스,2.1,11,https://place.map.kakao.com/1176215888,"
서울 노원구 중계로8길 48
(지번) 중계동 43-15
",37.6461632,127.0846881
321,사이코우스시,1.1,15,https://place.map.kakao.com/24811983,"
서울 노원구 덕릉로73길 18
(지번) 중계동 423-40
",37.6521367,127.0723076
322,KFC 중계은행사거리점,2.3,2,https://place.map.kakao.com/27584428,"
서울 노원구 한글비석로 227
(지번) 중계동 360-14
",37.647867,127.0762533
323,일식어원,4.0,16,https://place.map.kakao.com/8492822,"
서울 노원구 한글비석로 254
(지번) 중계동 364-22
",37.6503505,127.0770883
324,요남자 중계점,4.4,11,https://place.map.kakao.com/25936383,"
서울 노원구 중계로16길 30 1층
(지번) 중계동 94-4
",37.65097859999999,127.0820691
325,라트커피,5.0,29,https://place.map.kakao.com/743923214,"
서울 노원구 한글비석로 245 두타빌상가 B동 1층 124호
(지번) 중계동 360-9
",37.65006109999999,127.0762802
326,청계천8가삼성곱창,5.0,6,https://place.map.kakao.com/27496466,"
서울 노원구 중계로14길 29
(지번) 중계동 84-36
",37.6497561,127.0819708
327,뚝배기바지락칼국수,4.8,6,https://place.map.kakao.com/11884233,"
서울 노원구 중계로 158
(지번) 중계동 81
",37.6490287,127.0810154
328,최고집칼국수 중계점,3.1,1,https://place.map.kakao.com/10841140,"
서울 노원구 한글비석로 325
(지번) 중계동 358-6
",37.6514398,127.0831273
329,은사즉석떡볶이,5.0,5,https://place.map.kakao.com/1026702659,"
서울 노원구 한글비석로 264 그랜드프라자 2층
(지번) 중계동 366-6
",37.6508596,127.0770963
330,미스터회전초밥,0.0,0,https://place.map.kakao.com/333754774,"
서울 노원구 한글비석로 264
(지번) 중계동 366-6
",37.6510283,127.0772272
331,타요키즈카페 서울중계점,2.0,8,https://place.map.kakao.com/26352452,"
서울 노원구 덕릉로 669 5층
(지번) 중계동 434-1
",37.6573431,127.0746365
332,투썸플레이스 중계은행사거리점,2.3,4,https://place.map.kakao.com/14683999,"
서울 노원구 한글비석로 242 삼부플라자 1층
(지번) 중계동 364-19
",37.6492209,127.0769575
333,송화강식당,3.9,14,https://place.map.kakao.com/17588226,"
서울 노원구 한글비석로20길 14
(지번) 중계동 154-31
",37.6597492,127.0737645
334,마리채 상계점,3.5,3,https://place.map.kakao.com/21237096,"
서울 노원구 덕릉로83길 9-8
(지번) 중계동 154-43
",37.6597665,127.0748172
335,갈비1번지,4.0,15,https://place.map.kakao.com/1676142968,"
서울 노원구 한글비석로 366 신일아파트 1층 101,102호
(지번) 중계동 589
",37.6584697,127.0748741
336,플루토,2.3,13,https://place.map.kakao.com/14632086,"
서울 노원구 동일로 1308 정안프라자 지하1층
(지번) 중계동 515-2
",37.6459711,127.06407
337,양평해장국 중계점,4.5,6,https://place.map.kakao.com/71777233,"
서울 노원구 동일로203가길 29 브라운스톤 167~169호
(지번) 중계동 506
",37.6400147,127.0642892
338,시골순대 상계점,5.0,7,https://place.map.kakao.com/16589600,"
서울 노원구 한글비석로20길 57
(지번) 중계동 141-18
",37.6615843,127.0747504
339,매머드커피 상계역점,3.8,3,https://place.map.kakao.com/1885490296,"
서울 노원구 한글비석로 384 대호상가 1층 125-1호
(지번) 중계동 591
",37.6597817,127.0731906
340,리차이나,3.2,13,https://place.map.kakao.com/26547607,"
서울 노원구 동일로203가길 29 브라운스톤 279호
(지번) 중계동 506
",37.6400147,127.0642892
341,나우키친 중계점,4.3,61,https://place.map.kakao.com/24406896,"
서울 노원구 한글비석로 254
(지번) 중계동 364-22
",37.6503505,127.0770883
342,군자대한곱창 중계점,5.0,35,https://place.map.kakao.com/1822344286,"
서울 노원구 중계로 201 오성프라자 1층
(지번) 중계동 364-24
",37.6504368,127.0777536
343,홍연집 상계역점,2.2,25,https://place.map.kakao.com/27478815,"
서울 노원구 덕릉로83길 19-5
(지번) 중계동 154-38
",37.6597554,127.0742008
344,이층소정육식당 상계역점,2.5,47,https://place.map.kakao.com/258630503,"
서울 노원구 한글비석로 369 2층
(지번) 중계동 157-33
",37.6583651,127.0739732
345,커피빈 중계동은행사거리점,2.3,4,https://place.map.kakao.com/26624130,"
서울 노원구 한글비석로 263 성모빌딩 1층
(지번) 중계동 359-11
",37.6511746,127.0764616
346,포레스트담,2.0,6,https://place.map.kakao.com/22510150,"
서울 노원구 중계로 218
(지번) 중계동 359-14
",37.6508113,127.0759834
347,도미노피자 중계점,1.8,5,https://place.map.kakao.com/7832343,"
서울 노원구 한글비석로8길 29 중계주공6단지 상가 102호
(지번) 중계동 364-14
",37.648128,127.079395
348,스시락,3.6,6,https://place.map.kakao.com/20099642,"
서울 노원구 한글비석로 269
(지번) 중계동 359-9
",37.6516789,127.0767715
349,중계수산,3.5,7,https://place.map.kakao.com/1099388561,"
서울 노원구 덕릉로 686
(지번) 중계동 158-4
",37.6587655,127.0753929
350,봄날카페,5.0,3,https://place.map.kakao.com/964891721,"
서울 노원구 중계로18길 13
(지번) 중계동 366-14
",37.6512732,127.0777829
351,싹쓰리솥뚜껑김치삼겹살 중계점,4.0,9,https://place.map.kakao.com/1691544625,"
서울 노원구 중계로 129
(지번) 중계동 311-22
",37.6465989,127.0805852
352,버거톤 중계점,3.0,5,https://place.map.kakao.com/27596619,"
서울 노원구 섬밭로 258 건영백화점 1층
(지번) 중계동 506-1
",37.63914,127.063972
353,족발야시장 상계역점,4.2,117,https://place.map.kakao.com/2147100552,"
서울 노원구 한글비석로22길 40 1층
(지번) 중계동 141-6
",37.6611441,127.0742379
354,인상적,4.2,27,https://place.map.kakao.com/1673662721,"
서울 노원구 덕릉로83길 20-7 지하1층
(지번) 중계동 154-19
",37.6604727,127.0743347
355,소문난 감자탕뼈해장국,3.2,9,https://place.map.kakao.com/13287922,"
서울 노원구 덕릉로 694
(지번) 중계동 152-9
",37.6595401,127.0755952
356,설도 중계점,5.0,2,https://place.map.kakao.com/1401934696,"
서울 노원구 덕릉로 665-1 1층
(지번) 중계동 434-49
",37.6569977,127.0744575
357,역전할머니맥주 서울상계역점,5.0,7,https://place.map.kakao.com/250122602,"
서울 노원구 한글비석로20길 29
(지번) 중계동 142-39
",37.6604515,127.0739235
358,신의주찹쌀순대 중계동점,2.4,21,https://place.map.kakao.com/13096742,"
서울 노원구 동일로203가길 29 1층 144,145호
(지번) 중계동 506
",37.6393876,127.0642707
359,3km,3.4,5,https://place.map.kakao.com/1584319026,"
서울 노원구 중계로19길 48
(지번) 중계동 360-15
",37.6483727,127.0787833
360,500소갈비살 상계역점,0.0,13,https://place.map.kakao.com/253049752,"
서울 노원구 덕릉로83길 14-7
(지번) 중계동 154-25
",37.6602869,127.0746566
361,서원,4.2,0,https://place.map.kakao.com/65946463,"
서울 노원구 덕릉로 692
(지번) 중계동 160
",37.6593614,127.0756621
362,우서목김밥,3.2,3,https://place.map.kakao.com/626332689,"
서울 노원구 중계로 202
(지번) 중계동 366-4
",37.6507596,127.0777847
363,대머리곱창 중계점,3.8,7,https://place.map.kakao.com/357421900,"
서울 노원구 동일로 1279
(지번) 중계동 503
",37.6420655,127.0640457
364,노랑통닭 중계점,3.7,55,https://place.map.kakao.com/1579088698,"
서울 노원구 한글비석로 245 두타빌 B동 1층
(지번) 중계동 360-9
",37.6498319,127.0763465
365,라화쿵부 상계역점,4.4,6,https://place.map.kakao.com/718586106,"
서울 노원구 덕릉로83길 17 2층
(지번) 중계동 154-11
",37.659948,127.0742879
366,교촌치킨 중계2호점,1.4,2,https://place.map.kakao.com/19147149,"
서울 노원구 덕릉로 721 정진빌라 1층
(지번) 중계동 137-39
",37.6620064,127.0755034
367,예가,4.3,7,https://place.map.kakao.com/16620366,"
서울 노원구 중계로8길 11
(지번) 중계동 43-10
",37.64594880000001,127.0826092
368,토다이 중계점(휴업중),2.1,36,https://place.map.kakao.com/15107601,"
서울 노원구 섬밭로 258 건영백화점 4층
(지번) 중계동 506-1
",37.63914,127.063972
369,배스킨라빈스 중계브라운스톤점,2.4,2,https://place.map.kakao.com/12255580,"
서울 노원구 동일로203가길 29
(지번) 중계동 506
",37.6393876,127.0642707
370,맨시니스,3.7,8,https://place.map.kakao.com/364787817,"
서울 노원구 한글비석로22길 28 예원빌딩 4층
(지번) 중계동 141-33
",37.6606817,127.0737586
371,춘천골닭갈비,0.0,7,https://place.map.kakao.com/1957292276,"
서울 노원구 덕릉로83길 15 1층
(지번) 중계동 154-41
",37.6598165,127.0744131
372,설빙 중계은행사거리점,3.0,4,https://place.map.kakao.com/26644177,"
서울 노원구 중계로 218 원광빌딩 201호
(지번) 중계동 359-14
",37.6508113,127.0759834
373,해신횟집,4.0,4,https://place.map.kakao.com/16679449,"
서울 노원구 덕릉로83길 20-4
(지번) 중계동 154-20
",37.66026770000001,127.0745016
374,키즈앤팡 중계점,4.0,3,https://place.map.kakao.com/416680587,"
서울 노원구 중계로12가길 2 선인빌딩 4층
(지번) 중계동 58-20
",37.6473276,127.0820619
375,BHC치킨 상계역점,5.0,0,https://place.map.kakao.com/2070591387,"
서울 노원구 덕릉로87길 13
(지번) 중계동 142-44
",37.6606132,127.0749008
376,하남돼지집 중계은행점,1.0,17,https://place.map.kakao.com/25161938,"
서울 노원구 한글비석로 271 1층
(지번) 중계동 359-20
",37.6519368,127.0770403
377,교촌치킨 중계1호점,3.2,1,https://place.map.kakao.com/8229796,"
서울 노원구 한글비석로 245
(지번) 중계동 360-9
",37.649542,127.0763583
378,청년다방 상계역점,4.8,9,https://place.map.kakao.com/1287008852,"
서울 노원구 덕릉로83길 26 102호
(지번) 중계동 154-14
",37.6602831,127.074048
379,BHC치킨 중계점,2.3,3,https://place.map.kakao.com/26828958,"
서울 노원구 동일로 1280 상가동 지하층 06호 
(지번) 중계동 512
",37.6428027,127.0664601
380,지지고 은행사거리점,5.0,2,https://place.map.kakao.com/1166916322,"
서울 노원구 한글비석로 265 영광프라자 104호
(지번) 중계동 359-10
",37.6515201,127.076658
381,노원상계서서갈비,5.0,2,https://place.map.kakao.com/23786499,"
서울 노원구 한글비석로20길 56
(지번) 중계동 140-2
",37.6614217,127.0748125
382,설빙 상계역점,5.0,3,https://place.map.kakao.com/567336801,"
서울 노원구 덕릉로87길 21 2층
(지번) 중계동 141
",37.660763,127.074466
383,맘스터치 상계역점,2.9,4,https://place.map.kakao.com/558704688,"
서울 노원구 덕릉로83길 26 2층
(지번) 중계동 154-15
",37.6602831,127.074048
384,고피자 중계학원가점,4.0,6,https://place.map.kakao.com/441150220,"
서울 노원구 한글비석로 250 그린코아빌딩 115호
(지번) 중계동 364-20
",37.6499986,127.0770408
385,조마루 상계역점,3.0,7,https://place.map.kakao.com/27300727,"
서울 노원구 덕릉로 705
(지번) 중계동 144-1
",37.6606306,127.0752802
386,그남자의덮밥 중계점,4.0,62,https://place.map.kakao.com/2061208553,"
서울 노원구 동일로203가길 29 중계브라운스톤 156호
(지번) 중계동 506
",37.6400147,127.0642892
387,매일파스타,3.5,13,https://place.map.kakao.com/222388232,"
서울 노원구 동일로203가길 29 브라운스톤상가 2층 226, 227호
(지번) 중계동 506
",37.6400147,127.0642892
388,사이공본가 상계점,4.0,6,https://place.map.kakao.com/199879654,"
서울 노원구 덕릉로 699 1층105호
(지번) 중계동 143
",37.660074,127.0751965
389,춘천최부자숯불닭갈비 상계점,0.0,16,https://place.map.kakao.com/1898315427,"
서울 노원구 덕릉로83길 10 1층
(지번) 중계동 154-28
",37.6599353,127.0748525
390,삼정종합어시장,3.3,13,https://place.map.kakao.com/1442356939,"
서울 노원구 덕릉로83길 15 1층
(지번) 중계동 154-41
",37.6598165,127.0744131
391,이자카야심,3.0,15,https://place.map.kakao.com/1483918776,"
서울 노원구 덕릉로83길 20-10
(지번) 중계동 154-5
",37.6604324,127.0745891
392,채선당 중계점,3.0,2,https://place.map.kakao.com/8093485,"
서울 노원구 덕릉로 692 2층
(지번) 중계동 160
",37.6593614,127.0756621
393,교촌치킨 중계역점,2.7,1,https://place.map.kakao.com/16820460,"
서울 노원구 동일로 1279
(지번) 중계동 503
",37.6420655,127.0640457
394,평창메밀막국수,3.3,3,https://place.map.kakao.com/17360930,"
서울 노원구 한글비석로20길 15-11
(지번) 중계4동 142-18
",37.66026919999999,127.0735427
395,송정낙지,1.0,9,https://place.map.kakao.com/1163481691,"
서울 노원구 덕릉로83길 16
(지번) 중계동 154-23
",37.6600636,127.0745517
396,뚜레쥬르 상계점,2.3,0,https://place.map.kakao.com/1603868737,"
서울 노원구 덕릉로 669
(지번) 중계동 434-1
",37.6573431,127.0746365
397,보노돈까스,4.9,8,https://place.map.kakao.com/21131937,"
서울 노원구 중계로8길 128
(지번) 중계동 87-15
",37.6482326,127.0833879
398,국물명가전주콩나물국밥 상계역점,3.5,4,https://place.map.kakao.com/1315294173,"
서울 노원구 한글비석로 367
(지번) 중계동 157-41
",37.6582803,127.0740763
399,포&시드니 중계브라운스톤점,3.6,12,https://place.map.kakao.com/27323374,"
서울 노원구 동일로203가길 29 중계브라운스톤아파트 상가 1층 110호
(지번) 중계동 506
",37.6400147,127.0642892
400,인생극장 상계역점,0.0,5,https://place.map.kakao.com/480154023,"
서울 노원구 한글비석로20길 39
(지번) 중계동 141-9
",37.66092039999999,127.0740922
401,동대문엽기떡볶이 중계점,3.8,9,https://place.map.kakao.com/26983981,"
서울 노원구 덕릉로 686 1층
(지번) 중계동 158-4
",37.6587655,127.0753929
402,국빈,4.5,3,https://place.map.kakao.com/11558079,"
서울 노원구 중계로16가길 29
(지번) 중계동 93-31
",37.6504177,127.0825836
403,푸라닭치킨 상계역점,4.4,0,https://place.map.kakao.com/1865160358,"
서울 노원구 덕릉로83길 20-7 1층
(지번) 중계동 154-19
",37.6604727,127.0743347
404,명륜진사갈비 상계역점,2.0,6,https://place.map.kakao.com/1521072166,"
서울 노원구 덕릉로87길 21
(지번) 중계동 141
",37.660763,127.074466
405,롯데리아 상계점,3.0,2,https://place.map.kakao.com/14600358,"
서울 노원구 한글비석로 369
(지번) 중계동 157-33
",37.6583651,127.0739732
406,뚜레쥬르 중계브라운점,2.5,0,https://place.map.kakao.com/7849743,"
서울 노원구 동일로203가길 29 브라운스톤중계 1층 185,186호
(지번) 중계동 506
",37.6400147,127.0642892
407,본죽 중계은행사거리점,5.0,2,https://place.map.kakao.com/16617383,"
서울 노원구 한글비석로 245 두타빌A동 110호
(지번) 중계동 360-9
",37.6498319,127.0763465
408,땅스부대찌개 중계점,5.0,3,https://place.map.kakao.com/1803019295,"
서울 노원구 중계로 198 상가 1층
(지번) 중계동 366
",37.6519337,127.0795233
409,수유리우동집 상계직영점,2.7,0,https://place.map.kakao.com/20636837,"
서울 노원구 덕릉로83길 18
(지번) 중계동 154-22
",37.6600958,127.0744074
410,써브웨이 중계은행사거리점,5.0,0,https://place.map.kakao.com/1374085143,"
서울 노원구 한글비석로 269 1층
(지번) 중계동 359-9
",37.6516789,127.0767715
411,만선수산,0.0,3,https://place.map.kakao.com/15668564,"
서울 노원구 한글비석로 366
(지번) 중계동 589
",37.658358,127.0747916
412,옛촌냉면,3.3,3,https://place.map.kakao.com/13293729,"
서울 노원구 동일로 1279
(지번) 중계동 502-1
",37.644231,127.0634009
413,사카나,5.0,5,https://place.map.kakao.com/16082172,"
서울 노원구 한글비석로20길 33 1층
(지번) 중계동 142-14
",37.6606835,127.073983
414,옛날통닭,4.0,2,https://place.map.kakao.com/1285397795,"
서울 노원구 동일로203가길 29 브라운스톤 1층
(지번) 중계동 506
",37.6393876,127.0642707
415,탐앤탐스 하계점,4.0,1,https://place.map.kakao.com/17083009,"
서울 노원구 섬밭로 258 1층
(지번) 중계동 506-1
",37.6389443,127.0647295
416,배스킨라빈스 상계역점,2.1,3,https://place.map.kakao.com/10410434,"
서울 노원구 한글비석로 384 대호프라자상가
(지번) 중계동 591
",37.65974730000001,127.0731798
417,얌샘김밥 중계역점,4.5,4,https://place.map.kakao.com/1796497210,"
서울 노원구 동일로 1279 중계그린아파트 B상가 101호
(지번) 중계동 503
",37.6415758,127.0635039
418,파리바게뜨 상계본점,5.0,1,https://place.map.kakao.com/1571223188,"
서울 노원구 한글비석로15길 3 파리바게뜨 상계본점
(지번) 중계동 157-35
",37.6349169,127.0656813
419,코코로돈까스,4.0,25,https://place.map.kakao.com/17550298,"
서울 노원구 한글비석로22길 30-1
(지번) 중계4동 141-32
",37.6607409,127.0738372
420,빽다방 중계은행사거리점,3.3,0,https://place.map.kakao.com/27095996,"
서울 노원구 한글비석로 235 하나프라자빌딩 105호
(지번) 중계동 360-11
",37.650443,127.0764298
421,용을타는 돼지네포장마차,2.0,3,https://place.map.kakao.com/15858824,"
서울 노원구 중계로18길 17
(지번) 중계동 366-13
",37.6514801,127.0778563
422,미스터짱닭치킨 상계역점,4.3,8,https://place.map.kakao.com/19661945,"
서울 노원구 한글비석로20길 17
(지번) 중계동 142-51
",37.6599809,127.0736687
423,가츠몽 중계은행사거리점,0.0,2,https://place.map.kakao.com/1666035904,"
서울 노원구 한글비석로 231 위성프라자 104호
(지번) 중계동 360-13
",37.6560102,127.0611427
424,도리연닭도리탕,5.0,15,https://place.map.kakao.com/244846284,"
서울 노원구 덕릉로83길 20-5
(지번) 중계동 154-17
",37.6603144,127.0742573
425,파파존스 중계점,5.0,14,https://place.map.kakao.com/21413910,"
서울 노원구 한글비석로 264 2층
(지번) 중계동 366-6
",37.6510283,127.0772272
426,굽네치킨 중계1동점,5.0,0,https://place.map.kakao.com/1028864335,"
서울 노원구 덕릉로 591 1층 102호
(지번) 중계동 413-8
",37.6509816,127.071854
427,마롱카롱 은행사거리점,2.5,8,https://place.map.kakao.com/852074938,"
서울 노원구 한글비석로 265
(지번) 중계동 359-10
",37.6514194,127.0765413
428,메가커피 상계역점,5.0,2,https://place.map.kakao.com/757831707,"
서울 노원구 덕릉로83길 18
(지번) 중계동 154-22
",37.6600958,127.0744074
429,곤조참치,4.3,5,https://place.map.kakao.com/620791338,"
서울 노원구 덕릉로 721
(지번) 중계동 137-39
",37.6620064,127.0755034
430,피자헛 중계본점,4.5,1,https://place.map.kakao.com/1096945990,"
서울 노원구 한글비석로15길 27
(지번) 중계동 430-37
",37.6569895,127.0741309
431,마녀짬뽕,4.3,5,https://place.map.kakao.com/705395901,"
서울 노원구 한글비석로 235 하나프라자 지하1층 101호
(지번) 중계동 360-11
",37.6487497,127.0763296
432,옛날통닭1번지 중계점,5.0,2,https://place.map.kakao.com/1298195237,"
서울 노원구 중계로12가길 2 1층 105호
(지번) 중계동 58-18
",37.6474118,127.0821141
433,후라이드참잘하는집 중계점,4.7,3,https://place.map.kakao.com/1515500122,"
서울 노원구 노원로 333
(지번) 중계동 514-3
",37.6464986,127.0688377
434,미래수산,3.7,3,https://place.map.kakao.com/15319187,"
서울 노원구 동일로 1280
(지번) 중계동 512
",37.6428027,127.0664601
435,메가커피 중계브라운스톤점,2.7,2,https://place.map.kakao.com/1443789514,"
서울 노원구 동일로203가길 29 1층 173,174호
(지번) 중계동 506
",37.6393876,127.0642707
436,장수한우곱창 상계점,4.1,5,https://place.map.kakao.com/145407990,"
서울 노원구 덕릉로83길 5 한화꿈에그린 더퍼스트 상가 1층 105호
(지번) 중계동 606
",37.6589569,127.0747524
437,던킨도너츠 중계브라운스톤점,0.0,1,https://place.map.kakao.com/13042046,"
서울 노원구 동일로203가길 29 B동 지하2층 21호
(지번) 중계동 506
",37.6393876,127.0642707
438,BBQ 중계역점,3.5,3,https://place.map.kakao.com/2029008550,"
서울 노원구 동일로207길 23 1층 109호
(지번) 중계동 503
",37.6420655,127.0640457
439,싸움의고수 은행사거리점,3.8,2,https://place.map.kakao.com/1659385755,"
서울 노원구 한글비석로 264 중계그랜드프라자 113호
(지번) 중계동 366-6
",37.6508596,127.0770963
440,맘스터치 노원중계점,1.0,2,https://place.map.kakao.com/652160053,"
서울 노원구 한글비석로 233 1층
(지번) 중계동 360-12
",37.6484656,127.0762821
441,BBQ 중계은행점,1.2,4,https://place.map.kakao.com/18902985,"
서울 노원구 한글비석로 272 중원코아빌딩 1층 105호
(지번) 중계동 366-10
",37.6517762,127.077513
442,파리바게뜨 중계두타빌점,0.0,2,https://place.map.kakao.com/8567480,"
서울 노원구 한글비석로 245
(지번) 중계동 360-9
",37.649542,127.0763583
443,투썸커피 하계CGV스윗바점,0.0,0,https://place.map.kakao.com/23078460,"
서울 노원구 섬밭로 258
(지번) 중계동 506-1
",37.6389443,127.0647295
444,등촌샤브칼국수 중계점,5.0,7,https://place.map.kakao.com/1256863259,"
서울 노원구 한글비석로 270 스카이타워 104호
(지번) 중계동 366-9
",37.6515448,127.0773761
445,신바우네족발보쌈 상계점,5.0,4,https://place.map.kakao.com/16080487,"
서울 노원구 덕릉로83길 14-3
(지번) 중계동 154-24
",37.6601486,127.0745994
446,메밀사랑묵사랑,2.8,9,https://place.map.kakao.com/19517791,"
서울 노원구 중계로 230
(지번) 중계동 359-7
",37.6527131,127.0756028
447,카페109,0.0,1,https://place.map.kakao.com/1229879684,"
서울 노원구 덕릉로83길 6 1층
(지번) 중계동 142-3
",37.659988,127.0750253
448,60계 서울중계점,5.0,3,https://place.map.kakao.com/1963902119,"
서울 노원구 중계로 164
(지번) 중계동 84-44
",37.6497082,127.0811464
449,남원골추어탕,5.0,0,https://place.map.kakao.com/8881535,"
서울 노원구 덕릉로83길 9-16
(지번) 중계동 154-39
",37.6597665,127.0748172
450,감동식당,4.5,179,https://place.map.kakao.com/1317959049,"
서울 노원구 한글비석로47길 58 1층
(지번) 상계동 434-49
",37.6615836,127.0665469
451,강강술래 상계점,3.3,123,https://place.map.kakao.com/18536783,"
서울 노원구 동일로 1628 5층
(지번) 상계동 1025-4
",37.6738242,127.0560348
452,로니로티 노원점,4.0,209,https://place.map.kakao.com/1010045527,"
서울 노원구 상계로 63-7 청우빌딩 2층 201호
(지번) 상계동 603-8
",37.6645066,127.0737934
453,감각,3.1,195,https://place.map.kakao.com/586007148,"
서울 노원구 상계로 77 1층
(지번) 상계동 337
",37.6567015,127.0634404
454,어글리스토브 노원역점,3.8,147,https://place.map.kakao.com/24658744,"
서울 노원구 노해로81길 12-21 3층
(지번) 상계동 332-8
",37.655781,127.0641648
455,시드누아 노원본점,2.6,169,https://place.map.kakao.com/19696160,"
서울 노원구 상계로 84
(지번) 상계동 341-5
",37.6562709,127.0642402
456,왕십리조개창고 노원점,2.9,135,https://place.map.kakao.com/25450376,"
서울 노원구 상계로1길 38-11 우창프라자 2층 201호
(지번) 상계동 591-2
",37.6579356,127.0620399
457,삼덕식당,3.8,100,https://place.map.kakao.com/298434750,"
서울 노원구 상계로5길 9 1층
(지번) 상계동 354-6
",37.6569542,127.0638327
458,땅코참숯구이 노원점,4.5,102,https://place.map.kakao.com/1572967845,"
서울 노원구 노해로85길 15-5
(지번) 상계동 348-4
",37.6563426,127.0653296
459,털보고된이 본점,4.0,107,https://place.map.kakao.com/26086942,"
서울 노원구 노해로81길 22-22
(지번) 상계동 332-3
",37.6558713,127.0637387
460,숟가락반상 마실 노원점,4.2,42,https://place.map.kakao.com/1601456521,"
서울 노원구 노원로 412
(지번) 상계동 318-1
",37.653374,127.0680991
461,소담촌 노원역점,3.1,52,https://place.map.kakao.com/2097885929,"
서울 노원구 상계로 90 마블러스1 2층
(지번) 상계동 341-7
",37.6587754,127.0684857
462,용순가재골수제비,2.5,157,https://place.map.kakao.com/20747637,"
서울 노원구 동일로242길 100 1층
(지번) 상계동 996-8
",37.6743943,127.0606312
463,풍미연,2.7,51,https://place.map.kakao.com/16590379,"
서울 노원구 노해로85길 7
(지번) 상계동 323-11
",37.655641,127.0648035
464,수락이오냉면 본점,3.2,54,https://place.map.kakao.com/16526733,"
서울 노원구 동일로237다길 7 1층
(지번) 상계동 1048-10
",37.6738747,127.0525666
465,스시웨이 노원점,3.0,60,https://place.map.kakao.com/17849636,"
서울 노원구 동일로 1374
(지번) 상계동 749
",37.6512657,127.0617521
466,스시노칸도 노원역점,2.8,187,https://place.map.kakao.com/1358381190,"
서울 노원구 상계로3길 28 영빈빌딩 4층
(지번) 상계동 358-31
",37.6573474,127.0626321
467,72420 노원직영점,4.3,70,https://place.map.kakao.com/38006070,"
서울 노원구 동일로217가길 11 1층
(지번) 상계동 733-2
",37.6534006,127.0598701
468,수시로스시,3.4,90,https://place.map.kakao.com/736602099,"
서울 노원구 노원로 479 대광빌딩 1층
(지번) 상계동 401-17
",37.658837,127.0645832
469,이춘복참치 노원직영점,2.4,36,https://place.map.kakao.com/13608491,"
서울 노원구 노해로85길 10-7
(지번) 상계동 324-5
",37.6561359,127.0655124
470,우리집곱창 본점,4.1,73,https://place.map.kakao.com/16327756,"
서울 노원구 덕릉로123길 11
(지번) 상계동 65-2
",37.6701683,127.0803943
471,위안바오,3.8,110,https://place.map.kakao.com/416374182,"
서울 노원구 동일로 1426
(지번) 상계동 693
",37.6559099,127.0605366
472,쭈꾸미킹 노원점,3.2,84,https://place.map.kakao.com/592034631,"
서울 노원구 상계로1길 34 뉴금오프라자 1층
(지번) 상계동 591-7
",37.6575193,127.0618117
473,풍성진감자탕,4.7,27,https://place.map.kakao.com/767594066,"
서울 노원구 노해로83길 10-11
(지번) 상계동 326-2
",37.6559745,127.0649273
474,샛별제과,4.6,49,https://place.map.kakao.com/1488538685,"
서울 노원구 상계로9길 23 101호
(지번) 상계동 397-4
",37.6582057,127.0660962
475,화포식당 노원점,4.0,82,https://place.map.kakao.com/331097438,"
서울 노원구 상계로 72
(지번) 상계동 598-1
",37.6559951,127.062988
476,노원돈부리,4.4,60,https://place.map.kakao.com/709257368,"
서울 노원구 동일로 1343 동일프라자 101~103호
(지번) 상계동 763-7
",37.6484591,127.0619869
477,아웃백스테이크하우스 노원점,3.7,156,https://place.map.kakao.com/16997192,"
서울 노원구 동일로 1419
(지번) 상계동 711-12
",37.6552663,127.0598295
478,노원한우,3.3,158,https://place.map.kakao.com/1171557896,"
서울 노원구 동일로218길 35
(지번) 상계동 725-3
",37.6540491,127.0627858
479,썸머타이,4.2,45,https://place.map.kakao.com/89011711,"
서울 노원구 노해로75길 14-25 동신빌딩 1층
(지번) 상계동 707-3
",37.6547199,127.0587369
480,장천,3.5,129,https://place.map.kakao.com/229428334,"
서울 노원구 동일로217가길 11 2층 202호
(지번) 상계동 733-2
",37.6534006,127.0598701
481,엄마손칼국수,4.0,48,https://place.map.kakao.com/16051532,"
서울 노원구 상계로39길 5
(지번) 상계동 111-478
",37.6710563,127.0802156
482,커피베스코,4.4,33,https://place.map.kakao.com/17688746,"
서울 노원구 상계로 55 2층
(지번) 상계동 693-3
",37.6560102,127.0611427
483,제임스키친,4.2,56,https://place.map.kakao.com/17005666,"
서울 노원구 노해로81길 12-26 2층
(지번) 상계동 328-9
",37.6555741,127.0642104
484,VIPS DELIVERY 상계점,0.0,0,https://place.map.kakao.com/947650399,"
서울 노원구 상계로27길 12
(지번) 상계동 389-356
",37.659116,127.0706964
485,스윗레시피,3.3,121,https://place.map.kakao.com/231176219,"
서울 노원구 상계로1길 38 2층
(지번) 상계동 591-25
",37.6576842,127.0616951
486,옛날칼국수,2.5,85,https://place.map.kakao.com/8015984,"
서울 노원구 동일로 1417
(지번) 상계동 711-13
",37.6549923,127.0599384
487,노원왕곱창,2.1,60,https://place.map.kakao.com/26898894,"
서울 노원구 상계로 90 마블러스2 1층
(지번) 상계동 341-15
",37.6587754,127.0684857
488,시즌,4.0,138,https://place.map.kakao.com/985778800,"
서울 노원구 상계로3길 38-2 2층
(지번) 상계동 358-6
",37.6578283,127.0627077
489,노원목고기집,4.6,46,https://place.map.kakao.com/16056109,"
서울 노원구 상계로 96
(지번) 상계동 349-24
",37.65661,127.0655348
490,전민규의황제누룽지탕 노원직영점,3.1,20,https://place.map.kakao.com/9924087,"
서울 노원구 노해로77길 14-8 1~2층
(지번) 상계동 710-3
",37.6546907,127.0596237
491,비손샤브칼국수 수락산점,4.4,54,https://place.map.kakao.com/1012609060,"
서울 노원구 동일로 1660 2층 202호
(지번) 상계동 1132-35
",37.6765234,127.0556617
492,롤링파스타 노원역점,2.9,90,https://place.map.kakao.com/1165409110,"
서울 노원구 상계로 70 화랑빌딩 2층 1호
(지번) 상계동 598-2
",37.6557476,127.0622921
493,한우가,4.5,6,https://place.map.kakao.com/448912210,"
서울 노원구 노해로 517 굿모닝빌딩 1층
(지번) 상계동 323-16
",37.6548036,127.0570076
494,고집불통강곱창 노원점,4.3,58,https://place.map.kakao.com/14098947,"
서울 노원구 노해로83길 18-5
(지번) 상계동 341-8
",37.6560919,127.0645065
495,평양칼국수,3.2,31,https://place.map.kakao.com/9532967,"
서울 노원구 동일로 1652 1층
(지번) 상계동 1119-24
",37.6756997,127.0555338
496,중원,3.0,41,https://place.map.kakao.com/1382921458,"
서울 노원구 동일로242가길 36 1층
(지번) 상계동 1115-31
",37.6775039,127.0561401
497,홍익짬뽕 노원2호점,4.6,34,https://place.map.kakao.com/1365118901,"
서울 노원구 노해로83길 21
(지번) 상계동 340-6
",37.6561446,127.0641081
498,스타벅스 노원역점,2.9,29,https://place.map.kakao.com/19469879,"
서울 노원구 동일로 1413 남성빌딩 1층
(지번) 상계동 712
",37.6547199,127.0599868
499,예향정 노원점,3.5,30,https://place.map.kakao.com/140377526,"
서울 노원구 동일로217가길 31 청화빌딩 2층
(지번) 상계동 735-4
",37.6531212,127.0586134
500,일심해장국 상계점,3.5,207,https://place.map.kakao.com/20743795,"
서울 노원구 노원로34길 58
(지번) 상계동 430-22
",37.6613963,127.0658851
501,이규민달인보쌈집 본점,4.1,41,https://place.map.kakao.com/20018277,"
서울 노원구 동일로 1598 부흥빌딩 지하1층
(지번) 상계동 964-5
",37.6709957,127.0564034
502,현경양고기,4.4,67,https://place.map.kakao.com/1857841704,"
서울 노원구 상계로3길 21 202호
(지번) 상계동 593-1
",37.657176,127.0622614
503,독도게찜,3.7,76,https://place.map.kakao.com/432768483,"
서울 노원구 동일로242가길 50
(지번) 상계동 1131-37
",37.678088,127.0560556
504,스타벅스 노원마들역점,4.4,17,https://place.map.kakao.com/2080972721,"
서울 노원구 노원로 569 임광아파트상가
(지번) 상계동 694
",37.6607486,127.05714
505,쭈꾸미달인 노원직영점,3.2,187,https://place.map.kakao.com/26904390,"
서울 노원구 상계로 71-1 1층
(지번) 상계동 595
",37.6566014,127.0629736
506,스타벅스 상계초교사거리점,4.7,25,https://place.map.kakao.com/1800821127,"
서울 노원구 노원로 449
(지번) 상계동 372-16
",37.6460967,127.0712379
507,세컨플로어,4.0,55,https://place.map.kakao.com/470119969,"
서울 노원구 상계로1길 8 대유빌딩 2층 206호
(지번) 상계동 603-14
",37.6563587,127.0617644
508,맥도날드 상계DT점,3.7,12,https://place.map.kakao.com/26357904,"
서울 노원구 동일로 1612
(지번) 상계동 1022
",37.6723948,127.056223
509,몽실디저트,4.3,53,https://place.map.kakao.com/1513264138,"
서울 노원구 상계로 51 노원프라자빌딩 1층 105호
(지번) 상계동 693-1
",37.6559143,127.0608756
510,이자와 노원점,3.7,29,https://place.map.kakao.com/1965352886,"
서울 노원구 상계로 76 정암빌딩 2층 201호
(지번) 상계동 335
",37.6223628,127.0597933
511,사랑회수산,5.0,17,https://place.map.kakao.com/26539020,"
서울 노원구 상계로 104 1층
(지번) 상계동 369-5
",37.6567419,127.0662664
512,나승준함흥냉면,3.9,19,https://place.map.kakao.com/26792775,"
서울 노원구 상계로 97 위너스빌딩 1층 104호
(지번) 상계동 366-3
",37.6570226,127.0656429
513,피노키오냉면,3.8,64,https://place.map.kakao.com/13499443,"
서울 노원구 한글비석로 480 보람상가 2층
(지번) 상계동 639
",37.6646633,127.0655693
514,가양양꼬치,4.1,26,https://place.map.kakao.com/14879333,"
서울 노원구 노해로85길 1 2층
(지번) 상계동 323-29
",37.6561016,127.0653965
515,천하뼈다귀감자탕,2.2,29,https://place.map.kakao.com/10853199,"
서울 노원구 동일로 1595
(지번) 상계동 963-1
",37.67088030000001,127.0556697
516,일번지소한마리정육식당 노원본점,3.3,20,https://place.map.kakao.com/24793608,"
서울 노원구 상계로3길 32 1층
(지번) 상계동 592-5
",37.6575827,127.0626439
517,활어의전설 노원점,3.0,15,https://place.map.kakao.com/311184645,"
서울 노원구 노해로81길 12-33 1층
(지번) 상계동 332-4
",37.6557166,127.0636511
518,노원족발,3.3,21,https://place.map.kakao.com/23495499,"
서울 노원구 노해로85길 14
(지번) 상계동 324-4
",37.6560286,127.0652712
519,유정한우소곱창,1.3,34,https://place.map.kakao.com/25808164,"
서울 노원구 노해로85길 10-2
(지번) 상계동 323-9
",37.6557416,127.0653269
520,버거킹 노원역점,3.4,22,https://place.map.kakao.com/1922012169,"
서울 노원구 노해로 456 동방빌딩 1층
(지번) 상계동 734-5
",37.6535534,127.0587925
521,경성쭈꾸미,4.7,74,https://place.map.kakao.com/1541371104,"
서울 노원구 덕릉로 789 1층
(지번) 상계동 101-180
",37.6675532,127.0787388
522,상계동 원조닭갈비,4.2,25,https://place.map.kakao.com/1445990797,"
서울 노원구 한글비석로36길 65 1층
(지번) 상계동 140-138
",37.6641314,127.0725608
523,스타벅스 중계역점,3.3,20,https://place.map.kakao.com/20046343,"
서울 노원구 동일로 1339 대한빌딩
(지번) 상계동 763-3
",37.6481244,127.0621656
524,슈엔챠이 상계점,4.5,23,https://place.map.kakao.com/2102127599,"
서울 노원구 동일로 1335 2층
(지번) 상계동 763-4
",37.6479584,127.0622561
525,시골애 노원점,4.2,42,https://place.map.kakao.com/13122817,"
서울 노원구 상계로 64 가동 1층 1호
(지번) 상계동 617
",37.6555926,127.0623312
526,더메이즈 노원점,4.2,27,https://place.map.kakao.com/1161456883,"
서울 노원구 상계로5길 26 6층
(지번) 상계동 357-8
",37.6570766,127.0632419
527,곳,4.3,39,https://place.map.kakao.com/1250481954,"
서울 노원구 노해로85길 10-55
(지번) 상계동 330-29
",37.6558974,127.0657692
528,스시통 노원본점,2.3,77,https://place.map.kakao.com/26491619,"
서울 노원구 동일로 1417 삼양빌딩 2층
(지번) 상계동 711-13
",37.6549923,127.0599384
529,본가왕뼈감자탕 노원역점,3.7,47,https://place.map.kakao.com/1222953596,"
서울 노원구 상계로3길 28
(지번) 상계동 358-31
",37.6573474,127.0626321
530,투썸플레이스 노원문화의거리점,2.4,24,https://place.map.kakao.com/17757837,"
서울 노원구 상계로 69 2층
(지번) 상계동 593-14
",37.6563915,127.062643
531,영양센타 노원점,3.4,9,https://place.map.kakao.com/10642991,"
서울 노원구 동일로217가길 31 1층
(지번) 상계동 735-4
",37.6531212,127.0586134
532,닭갈비제작소 노원점,4.0,23,https://place.map.kakao.com/1254595213,"
서울 노원구 상계로3길 29 2층
(지번) 상계동 358-9
",37.6575156,127.0623614
533,마뇨떡볶이 노원역점,4.3,24,https://place.map.kakao.com/1698656854,"
서울 노원구 상계로 55 위성프라자 2층 201호
(지번) 상계동 693-3
",37.6560102,127.0611427
534,이자카야모리,2.0,32,https://place.map.kakao.com/2075548768,"
서울 노원구 노해로81길 12-15 2층
(지번) 상계동 616-1
",37.655781,127.0641648
535,스타벅스 노원KT점,3.7,18,https://place.map.kakao.com/18691127,"
서울 노원구 노해로 502
(지번) 상계동 723
",37.6543814,127.0636656
536,마들냉면,3.3,7,https://place.map.kakao.com/10363794,"
서울 노원구 한글비석로 474 보람상가2층 217호
(지번) 상계동 639-1
",37.6646633,127.0655693
537,잼재미골,3.7,25,https://place.map.kakao.com/903173867,"
서울 노원구 노해로79길 6-19
(지번) 상계동 617
",37.6555926,127.0623312
538,청와정,1.9,20,https://place.map.kakao.com/863895545,"
서울 노원구 동일로 1611
(지번) 상계동 1032-1
",37.67222170000001,127.0554158
539,영스넥,3.6,27,https://place.map.kakao.com/17079123,"
서울 노원구 상계로 51 노원프라자빌딩 지하1층
(지번) 상계동 693-1
",37.6559143,127.0608756
540,써브웨이 노원점,1.9,30,https://place.map.kakao.com/26321870,"
서울 노원구 노해로 502
(지번) 상계동 723
",37.6543814,127.0636656
541,신미방,3.9,12,https://place.map.kakao.com/628049731,"
서울 노원구 상계로 64
(지번) 상계동 617
",37.6555926,127.0623312
542,맥도날드 중계역점,2.4,14,https://place.map.kakao.com/8331701,"
서울 노원구 동일로 1341 장우빌딩 1층
(지번) 상계동 763-2
",37.6548036,127.0570076
543,라화쿵부 상계점,2.3,46,https://place.map.kakao.com/1944117785,"
서울 노원구 노해로 492 프린스빌딩 2층 203호
(지번) 상계동 724-2
",37.6543867,127.062681
544,송재만참치 수락산역점,4.7,34,https://place.map.kakao.com/16061317,"
서울 노원구 동일로242길 25 2층
(지번) 상계동 1120-31
",37.6754892,127.0569263
545,전주콩나물국밥,4.1,9,https://place.map.kakao.com/9386063,"
서울 노원구 노해로75길 14-26
(지번) 상계동 708-3
",37.6545423,127.058872
546,쭈꾸미달인 직영2호점,4.5,58,https://place.map.kakao.com/18657479,"
서울 노원구 상계로5길 3
(지번) 상계동 353-1
",37.6567642,127.0638464
547,봉평메밀막국수 직영점,3.3,11,https://place.map.kakao.com/21296190,"
서울 노원구 동일로242가길 14-8
(지번) 상계동 1119-16
",37.6763235,127.0560157
548,플로레스테이블,4.2,98,https://place.map.kakao.com/101891212,"
서울 노원구 상계로5길 12 3층
(지번) 상계동 1305
",37.6575352,127.0639274
549,데일리식탁,3.8,55,https://place.map.kakao.com/1213793385,"
서울 노원구 상계로 97-5
(지번) 상계동 366-15
",37.657186,127.0657859
550,카페멍스 노원점,4.5,6,https://place.map.kakao.com/552228863,"
서울 노원구 상계로5길 19 2층 201호
(지번) 상계동 354-11
",37.6569224,127.0635645
551,다미참치,5.0,29,https://place.map.kakao.com/1871306854,"
서울 노원구 동일로218길 17 2층
(지번) 상계동 726
",37.6538373,127.0617571
552,올드델리 노원점,3.7,32,https://place.map.kakao.com/11480937,"
서울 노원구 노해로85길 14 상계제일빌딩 2층
(지번) 상계동 324-4
",37.6560254,127.0652363
553,시골집,3.0,8,https://place.map.kakao.com/14526286,"
서울 노원구 동일로236길 11
(지번) 상계동 1025-34
",37.6736325,127.0561846
554,고전한방삼계탕 노원점,1.0,12,https://place.map.kakao.com/16328989,"
서울 노원구 노해로 517
(지번) 상계2동 323-16
",37.6556456,127.0653791
555,일차돌 노원점,3.0,57,https://place.map.kakao.com/1578507699,"
서울 노원구 노해로81길 12-21 1층
(지번) 상계동 332-8
",37.655781,127.0641648
556,태양부양꼬치 수락산점,3.9,82,https://place.map.kakao.com/54342051,"
서울 노원구 동일로239가길 22 2층
(지번) 상계동 1118-39
",37.6761185,127.0548336
557,이오냉면,2.1,42,https://place.map.kakao.com/12048553,"
서울 노원구 상계로1길 38-11
(지번) 상계동 591-3
",37.6579356,127.0620399
558,주가네서서갈비 본점,5.0,18,https://place.map.kakao.com/16051406,"
서울 노원구 노해로85길 22
(지번) 상계동 348-2
",37.6563599,127.065131
559,또와순두부수제비,3.0,33,https://place.map.kakao.com/16646116,"
서울 노원구 노해로85길 10-8
(지번) 상계동 323-32
",37.6558732,127.0655667
560,르다,4.7,73,https://place.map.kakao.com/1764989514,"
서울 노원구 상계로9길 28
(지번) 상계동 396-6
",37.6582329,127.0665605
561,비엔나커피하우스 노원역점,4.1,34,https://place.map.kakao.com/1366601562,"
서울 노원구 동일로 1417 1층
(지번) 상계동 711-13
",37.6549923,127.0599384
562,빛나는바다 수락산점,2.4,14,https://place.map.kakao.com/21574389,"
서울 노원구 동일로230가길 84
(지번) 상계동 1120-44
",37.6751769,127.056741
563,대머리곱창 노원점,2.7,30,https://place.map.kakao.com/16057023,"
서울 노원구 상계로1길 62-4
(지번) 상계동 581-55
",37.6587254,127.0616424
564,어장촌생선구이,4.0,8,https://place.map.kakao.com/20028584,"
서울 노원구 노해로75길 14-17
(지번) 상계동 707
",37.6546268,127.0582839
565,역전할머니맥주 서울노원역점,1.8,18,https://place.map.kakao.com/1648050966,"
서울 노원구 노해로81길 16 1층
(지번) 상계동 616-4
",37.6555573,127.0628801
566,신고집찜칼국수 상계점,5.0,2,https://place.map.kakao.com/827764719,"
서울 노원구 한글비석로 424
(지번) 상계동 169-77
",37.6621157,127.0701422
567,오케이크 노원점,5.0,9,https://place.map.kakao.com/1920877338,"
서울 노원구 상계로3길 16 동원빌딩 1층 103호
(지번) 상계동 593-2
",37.6569543,127.0624784
568,금강산 상계점,0.0,44,https://place.map.kakao.com/339865073,"
서울 노원구 동일로 1630 1층
(지번) 상계동 1025-24
",37.6739232,127.0557944
569,신화주꾸미,4.0,25,https://place.map.kakao.com/14527395,"
서울 노원구 동일로 1355 상계주공2단지 상가 1층
(지번) 상계동 746-5
",37.650402,127.057054
570,화덕피자주는부대찌개 노원점,3.1,24,https://place.map.kakao.com/26838989,"
서울 노원구 상계로 59 2층
(지번) 상계동 693-4
",37.6561445,127.061489
571,짚신매운갈비찜 노원점,2.1,29,https://place.map.kakao.com/16531943,"
서울 노원구 노해로85길 18
(지번) 상계동 341-2
",37.6562115,127.0651567
572,백두한우곱창전문 노원점,2.6,30,https://place.map.kakao.com/22675486,"
서울 노원구 상계로 92
(지번) 상계동 348-30
",37.6565174,127.0651007
573,하토상의술방,2.3,45,https://place.map.kakao.com/1332590568,"
서울 노원구 상계로3길 10 한일빌딩 2층
(지번) 상계동 593-3
",37.6566575,127.0625433
574,투썸플레이스 상계사거리점,2.3,5,https://place.map.kakao.com/1989237181,"
서울 노원구 동일로 1374 2층
(지번) 상계동 749
",37.6512657,127.0617521
575,야채곱창춘천집닭갈비,3.2,19,https://place.map.kakao.com/15349377,"
서울 노원구 동일로245길 1
(지번) 상계1동 1132-11
",37.6785455,127.0549071
576,시오코 노원점,3.1,18,https://place.map.kakao.com/20373658,"
서울 노원구 상계로5길 26 지하1층
(지번) 상계동 357-8
",37.6570766,127.0632419
577,미스터아구,2.6,17,https://place.map.kakao.com/9205614,"
서울 노원구 덕릉로 744
(지번) 상계동 95-180
",37.6638293,127.0765508
578,파라솔분식,3.8,22,https://place.map.kakao.com/16621788,"
서울 노원구 상계로1길 14-17 1층
(지번) 상계동 603-1
",37.6572666,127.0618636
579,커피나무 노원역점,3.3,6,https://place.map.kakao.com/919057129,"
서울 노원구 상계로1길 14-11
(지번) 상계동 603-2
",37.65701790000001,127.0617489
580,등촌샤브칼국수 노원점,4.7,53,https://place.map.kakao.com/360133586,"
서울 노원구 동일로218길 17 2층
(지번) 상계동 726-1
",37.6538373,127.0617571
581,커피빈 노원역점,4.2,10,https://place.map.kakao.com/1321281310,"
서울 노원구 노해로 490 길빌딩 2층
(지번) 상계동 724-1
",37.6543867,127.062431
582,타코비엔나,4.9,22,https://place.map.kakao.com/18723311,"
서울 노원구 상계로1길 38-11
(지번) 상계동 591-2
",37.6579356,127.0620399
583,대원집,3.0,17,https://place.map.kakao.com/16499980,"
서울 노원구 노해로85길 10-17
(지번) 상계동 323-1
",37.6561426,127.0660234
584,쉐이크쉑 노원점,3.7,72,https://place.map.kakao.com/1429439886,"
서울 노원구 동일로 1414 1층
(지번) 상계동 713
",37.6552101,127.0611517
585,북경,3.8,10,https://place.map.kakao.com/376023893,"
서울 노원구 동일로217가길 13 광일빌딩 2층 202호
(지번) 상계동 733-1
",37.6533428,127.0596249
586,디저트식탁,4.4,62,https://place.map.kakao.com/1927286862,"
서울 노원구 상계로1길 14-29 2층
(지번) 상계동 602-8
",37.6572666,127.0618636
587,구석집 노원1호점,3.8,20,https://place.map.kakao.com/1674479148,"
서울 노원구 상계로1길 62-10 1층
(지번) 상계동 581-53
",37.6587275,127.0619109
588,참치박사 2호점,4.6,6,https://place.map.kakao.com/10771043,"
서울 노원구 노해로81길 12-33
(지번) 상계2동 332-4
",37.6557166,127.0636511
589,신닭발닭날개,4.9,32,https://place.map.kakao.com/25160901,"
서울 노원구 상계로3길 38-4 101호
(지번) 상계동 592-2
",37.6577282,127.0628087
590,문지원의 열정스시,3.8,24,https://place.map.kakao.com/1179763443,"
서울 노원구 한글비석로 459 한보빌딩 1층
(지번) 상계동 449-8
",37.6548036,127.0570076
591,명동칼국수,2.5,23,https://place.map.kakao.com/1351485177,"
서울 노원구 상계로 93 경일빌딩 1층
(지번) 상계동 349-51
",37.659116,127.0706964
592,절구시래기 직영1호점,3.5,3,https://place.map.kakao.com/2070031976,"
서울 노원구 동일로242길 123
(지번) 상계동 1002-2
",37.6748356,127.0615132
593,산채향,2.6,1,https://place.map.kakao.com/1799582622,"
서울 노원구 노해로77길 22 2층
(지번) 상계동 711-9
",37.655157,127.0593402
594,다이브인브레드,4.9,27,https://place.map.kakao.com/1866260073,"
서울 노원구 한글비석로29길 31
(지번) 상계동 389-607
",37.6603537,127.0695113
595,삼시세끼 고기밥상 수락점,5.0,14,https://place.map.kakao.com/414125070,"
서울 노원구 동일로242길 17 2층
(지번) 상계동 1120-1
",37.67574949999999,127.0564707
596,춘천골닭갈비,4.1,16,https://place.map.kakao.com/21237293,"
서울 노원구 상계로 90
(지번) 상계동 341-7
",37.6563949,127.0647747
597,투썸플레이스 수락산역점,3.0,7,https://place.map.kakao.com/538398876,"
서울 노원구 동일로243길 13 1층
(지번) 상계동 1132-63
",37.6781781,127.054371
598,수락산풍천장어,3.5,122,https://place.map.kakao.com/1786457675,"
서울 노원구 동일로242길 48 다온빌딩 1층
(지번) 상계동 1008-20
",37.674719,127.0577409
599,다마식당 노원점,3.0,68,https://place.map.kakao.com/22079801,"
서울 노원구 상계로5길 31 보광빌딩 1층
(지번) 상계동 594-2
",37.6567871,127.0629826
600,광고온고을,3.2,8,https://place.map.kakao.com/16472635,"
서울 노원구 동일로 1065
(지번) 공릉동 398-5
",37.6251555,127.0727949
601,광고소문난기사식당,3.6,18,https://place.map.kakao.com/16268498,"
서울 노원구 동일로192길 30
(지번) 공릉동 393-5
",37.6260595,127.0750086
602,라라브레드 공릉점,3.8,364,https://place.map.kakao.com/872257394,"
서울 노원구 공릉로41길 32
(지번) 공릉동 350-24
",37.6248229,127.0778368
603,경복식당,4.6,131,https://place.map.kakao.com/16414503,"
서울 노원구 공릉로39길 10
(지번) 공릉동 740
",37.6238783,127.0789484
604,공릉본점닭한마리 본점,3.9,76,https://place.map.kakao.com/20553565,"
서울 노원구 동일로 1020
(지번) 공릉동 577-10
",37.62114450000001,127.0747999
605,제일콩집,3.5,82,https://place.map.kakao.com/8083654,"
서울 노원구 동일로174길 37-8
(지번) 공릉동 633-18
",37.6194809,127.0776354
606,에그머니,4.3,159,https://place.map.kakao.com/1826529353,"
서울 노원구 화랑로 421
(지번) 공릉동 683-14
",37.6174205,127.0743329
607,쪼매매운떡볶이 공릉점,4.5,120,https://place.map.kakao.com/16703995,"
서울 노원구 공릉로 208
(지번) 공릉동 208-18
",37.628258,127.0777683
608,소문난멸치국수,3.3,84,https://place.map.kakao.com/13305804,"
서울 노원구 동일로173가길 81
(지번) 공릉동 571-16
",37.6218439,127.0724044
609,경회루,3.8,49,https://place.map.kakao.com/18722630,"
서울 노원구 동일로 1005 지하1층
(지번) 공릉동 597-17
",37.6198888,127.0744983
610,기찻길풍경야채곱창,3.1,147,https://place.map.kakao.com/1137642618,"
서울 노원구 공릉로39길 21 1층
(지번) 공릉동 351-1
",37.6235396,127.0782706
611,원조이모네연탄불곱창,2.3,59,https://place.map.kakao.com/21412672,"
서울 노원구 동일로192길 46
(지번) 공릉동 392-2
",37.626482,127.0755743
612,상상과자점,3.9,93,https://place.map.kakao.com/1571140539,"
서울 노원구 동일로186길 77-7
(지번) 공릉동 504-15
",37.6257193,127.0770134
613,아소코 공릉점,3.3,54,https://place.map.kakao.com/2013086833,"
서울 노원구 동일로184길 53 1층
(지번) 공릉동 509-41
",37.6245824,127.0765834
614,참만나,4.3,21,https://place.map.kakao.com/20749857,"
서울 노원구 화랑로 443 디벨리움 3층
(지번) 공릉동 670-7
",37.6183099,127.0765239
615,핏짜굽는언니 공릉점,3.1,58,https://place.map.kakao.com/21525800,"
서울 노원구 동일로198길 58 1층
(지번) 공릉동 431-4
",37.6294451,127.074714
616,따미커피,4.7,16,https://place.map.kakao.com/818423534,"
서울 노원구 공릉로 120
(지번) 공릉동 644-24
",37.6206095,127.0785096
617,던모스,2.7,134,https://place.map.kakao.com/1520080778,"
서울 노원구 공릉로27길 8 1층
(지번) 공릉동 320-107
",37.6236045,127.0779443
618,바네하임,3.7,6,https://place.map.kakao.com/16999919,"
서울 노원구 공릉로32길 54 고려빌딩 1층
(지번) 공릉2동 240-19
",37.6216698,127.0820557
619,카페드미셸,2.5,56,https://place.map.kakao.com/990866386,"
서울 노원구 화랑로 441 미라쉘 1,2층
(지번) 공릉동 670-25
",37.6182324,127.0763006
620,스타벅스 공릉DT점,3.0,45,https://place.map.kakao.com/1826125340,"
서울 노원구 동일로 1015
(지번) 공릉동 597-34
",37.6206884,127.0743116
621,표준커피,4.5,68,https://place.map.kakao.com/153487369,"
서울 노원구 공릉로 119-5 이지스퀘어 1층
(지번) 공릉동 589-21
",37.6210059,127.0781524
622,멍텅구리즉석떡볶이 공릉점,2.5,74,https://place.map.kakao.com/27515257,"
서울 노원구 공릉로51길 14-2
(지번) 공릉동 439-2
",37.628831,127.0763745
623,(주)태릉풍천장어,2.2,26,https://place.map.kakao.com/1653381358,"
서울 노원구 화랑로 457
(지번) 공릉동 661-7
",37.61871319999999,127.0778613
624,무드쉐어,3.9,62,https://place.map.kakao.com/1338966452,"
서울 노원구 공릉로 119-23 1층 101호
(지번) 공릉동 589-16
",37.6214868,127.0778938
625,공릉동도깨비,3.6,63,https://place.map.kakao.com/1675562479,"
서울 노원구 동일로178길 14
(지번) 공릉동 593-3
",37.6210478,127.0754524
626,경성초밥,4.6,58,https://place.map.kakao.com/1169910256,"
서울 노원구 공릉로 119-5
(지번) 공릉동 589-21
",37.6210059,127.0781524
627,동학,4.4,33,https://place.map.kakao.com/16329163,"
서울 노원구 공릉로51길 6 1층
(지번) 공릉동 439-15
",37.6289979,127.0765175
628,위플랜트위커피,3.4,134,https://place.map.kakao.com/206091656,"
서울 노원구 동일로178길 59-39 2층
(지번) 공릉동 587-1
",37.6227597,127.0776255
629,일상다반,2.8,93,https://place.map.kakao.com/27325995,"
서울 노원구 동일로186길 77-17
(지번) 공릉동 504-28
",37.626126,127.0768215
630,플랫커피,3.4,57,https://place.map.kakao.com/975733166,"
서울 노원구 공릉로39길 20 1층
(지번) 공릉동 349-8
",37.6238012,127.0783025
631,횡성한우정육백화점,4.4,68,https://place.map.kakao.com/20746565,"
서울 노원구 공릉로 162
(지번) 공릉동 345-1
",37.6242161,127.0797474
632,화로상회 공릉점,4.6,39,https://place.map.kakao.com/1677550004,"
서울 노원구 공릉로46길 6 현대프라자 1층 111호
(지번) 공릉동 421-19
",37.5221501,126.9067833
633,아너카페,4.3,42,https://place.map.kakao.com/104777847,"
서울 노원구 동일로192다길 9
(지번) 공릉동 389-12
",37.62738119999999,127.0760299
634,스타벅스 공릉역,3.3,18,https://place.map.kakao.com/799469641,"
서울 노원구 동일로 1081
(지번) 공릉동 379-27
",37.626337,127.0722523
635,파브커피,4.0,91,https://place.map.kakao.com/394316415,"
서울 노원구 동일로186길 76 1층
(지번) 공릉동 506-29
",37.6253194,127.0771452
636,청교옥,4.2,8,https://place.map.kakao.com/88388237,"
서울 노원구 공릉로 225 1층
(지번) 공릉동 438-2
",37.6293475,127.0765177
637,오피셜커피,3.8,100,https://place.map.kakao.com/82447262,"
서울 노원구 동일로184길 69-7 1층 101호
(지번) 공릉동 506-34
",37.6248988,127.0772887
638,국민소곱창 공릉점,4.0,74,https://place.map.kakao.com/2140415713,"
서울 노원구 동일로192길 88 오성빌딩 1층
(지번) 공릉동 441-26
",37.65324810000001,127.0709302
639,생선까시,3.1,19,https://place.map.kakao.com/1674504332,"
서울 노원구 동일로191가길 22 1층
(지번) 공릉동 379-25
",37.6259402,127.0714064
640,오름제주고기 본점,2.8,87,https://place.map.kakao.com/903435269,"
서울 노원구 동일로192길 85
(지번) 공릉동 441-136
",37.6276162,127.0773808
641,본참치 태릉직영점,0.0,29,https://place.map.kakao.com/181738557,"
서울 노원구 동일로174길 7 1층
(지번) 공릉동 617-18
",37.618866,127.0758567
642,공릉회수산,3.8,9,https://place.map.kakao.com/16906339,"
서울 노원구 공릉로 179
(지번) 공릉동 408-8
",37.6258001,127.0796271
643,르번미 태릉점,3.3,49,https://place.map.kakao.com/1010932244,"
서울 노원구 동일로 986 프레미어스엠코 102동 128호
(지번) 공릉동 670-20
",37.6181739,127.0759592
644,네코정,3.5,37,https://place.map.kakao.com/1422521863,"
서울 노원구 동일로192길 77 동신아파트 104동 상가 2층
(지번) 공릉동 745
",37.627606,127.077609
645,에슬로우커피 공릉점,4.4,13,https://place.map.kakao.com/27229512,"
서울 노원구 노원로 3 우토파크프라자 1층
(지번) 공릉동 90-4
",37.6218823,127.0865752
646,테르미니,3.6,4,https://place.map.kakao.com/26025273,"
서울 노원구 화랑로53길 12
(지번) 공릉동 27-20
",37.6263935,127.0941307
647,산들바다,2.2,15,https://place.map.kakao.com/1232150620,"
서울 노원구 화랑로 443 디벨리움 2층
(지번) 공릉동 670-7
",37.6183099,127.0765239
648,브레드스팟,4.1,39,https://place.map.kakao.com/27478521,"
서울 노원구 공릉로 111-1
(지번) 공릉동 633-9
",37.6202945,127.0777443
649,페페그라노,3.9,69,https://place.map.kakao.com/2026803402,"
서울 노원구 공릉로32길 5 1층
(지번) 공릉동 333-16
",37.6220074,127.0795911
650,버거킹 공릉역점,2.6,13,https://place.map.kakao.com/630873835,"
서울 노원구 동일로 1085
(지번) 공릉동 379-20
",37.6266565,127.0720931
651,루이스버거 공릉점,2.2,78,https://place.map.kakao.com/1753610905,"
서울 노원구 동일로192길 74 우은빌딩
(지번) 공릉동 441-92
",37.6270669,127.0769628
652,스시쟁이,3.1,45,https://place.map.kakao.com/21766457,"
서울 노원구 공릉로 197
(지번) 공릉동 424-4
",37.6271548,127.0784174
653,미라쥬양과점,5.0,33,https://place.map.kakao.com/1840820291,"
서울 노원구 동일로196길 15 1층
(지번) 공릉동 362-12
",37.6279992,127.0729046
654,청학골,2.1,15,https://place.map.kakao.com/8580028,"
서울 노원구 동일로192길 6
(지번) 공릉동 395-1
",37.625465,127.0735353
655,아이엠돈까스,4.3,28,https://place.map.kakao.com/27404804,"
서울 노원구 동일로198길 60
(지번) 공릉동 431-3
",37.6294978,127.0748912
656,맥도날드 과학기술대점,1.5,15,https://place.map.kakao.com/26518032,"
서울 노원구 공릉로 231
(지번) 공릉동 435-2
",37.62972329999999,127.0760693
657,로지다이닝키친,4.3,40,https://place.map.kakao.com/395667039,"
서울 노원구 공릉로43길 18 1층
(지번) 공릉동 408-125
",37.6261572,127.0785113
658,태릉양꼬치양갈비,4.1,16,https://place.map.kakao.com/1016347969,"
서울 노원구 공릉로 110 1층
(지번) 공릉동 644-7
",37.6200563,127.0780452
659,탐라도회,3.4,13,https://place.map.kakao.com/21328692,"
서울 노원구 동일로 1101 2층
(지번) 공릉동 323-35
",37.6281456,127.0711343
660,오누이,4.6,46,https://place.map.kakao.com/216150274,"
서울 노원구 동일로187길 12-47 1층
(지번) 공릉동 400-17
",37.62459,127.0723759
661,마포생고기,3.0,18,https://place.map.kakao.com/12991364,"
서울 노원구 동일로190길 39
(지번) 공릉동 393-5
",37.6260595,127.0750086
662,공릉우동집,3.3,46,https://place.map.kakao.com/16555583,"
서울 노원구 동일로192길 42
(지번) 공릉동 392-1
",37.6264176,127.0754006
663,스타벅스 태릉입구역DT,4.5,8,https://place.map.kakao.com/944088477,"
서울 노원구 화랑로 469
(지번) 공릉동 653-8
",37.619211,127.0792994
664,블루마일스커피로스터즈,4.0,47,https://place.map.kakao.com/1454424295,"
서울 노원구 동일로190길 65 2층
(지번) 공릉동 392-21
",37.6265164,127.0766229
665,대마에스시,4.2,40,https://place.map.kakao.com/288510513,"
서울 노원구 동일로 1093 지층
(지번) 공릉동 323-10
",37.6275213,127.0717221
666,비스킷플로어,3.8,59,https://place.map.kakao.com/1117657731,"
서울 노원구 동일로180길 61-7
(지번) 공릉동 561-22
",37.6232062,127.0775679
667,춘보만두,2.9,31,https://place.map.kakao.com/16055808,"
서울 노원구 섬밭로 56
(지번) 공릉동 571-30
",37.6218771,127.0718183
668,알러이,4.9,39,https://place.map.kakao.com/1682005121,"
서울 노원구 공릉로43길 15
(지번) 공릉동 408-1
",37.6259893,127.0787003
669,씬머이,4.0,61,https://place.map.kakao.com/1714903264,"
서울 노원구 동일로173길 15
(지번) 공릉동 683-25
",37.6182689,127.0742827
670,키노야 공릉점,4.4,7,https://place.map.kakao.com/674123744,"
서울 노원구 공릉로 152 1층
(지번) 공릉동 340-17
",37.6234544,127.0795824
671,투썸플레이스 노원공릉점,1.6,7,https://place.map.kakao.com/27303578,"
서울 노원구 동일로192길 52
(지번) 공릉동 392-14
",37.6265914,127.075846
672,에이치큐브,3.9,14,https://place.map.kakao.com/26927344,"
서울 노원구 노원로1길 73-12 지하1층,1,2층
(지번) 공릉동 240-243
",37.6204575,127.0829327
673,잔월,4.4,20,https://place.map.kakao.com/22080142,"
서울 노원구 동일로192길 38 지하1층
(지번) 공릉동 393-15
",37.6263386,127.0752022
674,기린,3.9,1,https://place.map.kakao.com/270488437,"
서울 노원구 공릉로 209
(지번) 공릉동 441-18
",37.6280512,127.0774797
675,화단과자점,4.5,44,https://place.map.kakao.com/1211861869,"
서울 노원구 동일로178길 59-25 1층 103호
(지번) 공릉동 587-6
",37.6221663,127.0776691
676,원조공릉곱창,3.3,24,https://place.map.kakao.com/16056887,"
서울 노원구 동일로 1062
(지번) 공릉동 499-1
",37.6248592,127.073493
677,하마돈,3.5,28,https://place.map.kakao.com/2006598797,"
서울 노원구 공릉로 153
(지번) 공릉동 345-3
",37.6237048,127.0793459
678,싱싱오징어바다 과기대점,2.6,2,https://place.map.kakao.com/16330146,"
서울 노원구 동일로192길 30
(지번) 공릉동 393-5
",37.6260595,127.0750086
679,할머니옛날보리쌈밥,4.7,9,https://place.map.kakao.com/9643836,"
서울 노원구 공릉로 133
(지번) 공릉동 336-3
",37.6220368,127.0789711
680,커피콩,3.6,15,https://place.map.kakao.com/18039621,"
서울 노원구 동일로193길 18
(지번) 공릉동 379-24
",37.625965,127.0715727
681,아티스트웨이,4.4,31,https://place.map.kakao.com/547299085,"
서울 노원구 동일로192다길 55
(지번) 공릉동 366-27
",37.628081,127.0752256
682,안시성,2.1,14,https://place.map.kakao.com/16906789,"
서울 노원구 화랑로 475
(지번) 공릉동 653-20
",37.6193289,127.0798609
683,이너모스트,4.8,64,https://place.map.kakao.com/1910112179,"
서울 노원구 동일로183길 12-14 1층
(지번) 공릉동 494-4
",37.6237838,127.0729762
684,프랭크버거,3.9,7,https://place.map.kakao.com/86710461,"
서울 노원구 노원로1길 67 대덕프라자 1층 118호
(지번) 공릉동 89-1
",37.62078169999999,127.0836072
685,권할머니능이흑염소,4.5,51,https://place.map.kakao.com/8680217,"
서울 노원구 공릉로41길 8
(지번) 공릉동 411-12
",37.6245834,127.0792467
686,백소정 공릉직영본점,3.4,39,https://place.map.kakao.com/1514689637,"
서울 노원구 동일로 1024 1층
(지번) 공릉동 577-7
",37.6215937,127.0746278
687,인차이나,3.3,11,https://place.map.kakao.com/26861724,"
서울 노원구 공릉로 167
(지번) 공릉동 411-4
",37.624873,127.0795218
688,마롱카롱,3.5,44,https://place.map.kakao.com/1812102583,"
서울 노원구 공릉로 207 세림빌딩 2층
(지번) 공릉동 441-19
",37.6278624,127.0776525
689,공릉동멸치국수,3.4,16,https://place.map.kakao.com/21413715,"
서울 노원구 동일로173가길 43
(지번) 공릉동 604-26
",37.62014630000001,127.0729704
690,등촌샤브칼국수 공릉점,4.7,38,https://place.map.kakao.com/1368613255,"
서울 노원구 공릉로 179 1층
(지번) 공릉동 408-8
",37.6258001,127.0796271
691,마이브라더스커피,2.5,20,https://place.map.kakao.com/19038710,"
서울 노원구 공릉로46길 28
(지번) 공릉동 737
",37.626823,127.0817341
692,BHC치킨 태릉입구점,1.9,9,https://place.map.kakao.com/26580341,"
서울 노원구 공릉로 109 1층
(지번) 공릉동 633-11
",37.6200889,127.0777185
693,하노이별 공릉점,2.8,23,https://place.map.kakao.com/19010252,"
서울 노원구 동일로174길 44
(지번) 공릉동 661-15
",37.6189642,127.0779329
694,굴다리 전주콩나물국밥,4.0,8,https://place.map.kakao.com/17209056,"
서울 노원구 동일로198길 32
(지번) 공릉동 366-1
",37.6290016,127.0734268
695,7일간의양심,4.0,20,https://place.map.kakao.com/118701285,"
서울 노원구 동일로192길 5
(지번) 공릉동 386-6
",37.626035,127.0733753
696,공덕관,2.4,22,https://place.map.kakao.com/16765207,"
서울 노원구 동일로192길 38
(지번) 공릉1동 393-15
",37.6263386,127.0752022
697,추운돼지삼겹살 공릉점,3.7,10,https://place.map.kakao.com/1563510748,"
서울 노원구 동일로186길 77-21
(지번) 공릉동 504-20
",37.6263493,127.0766873
698,공릉동 원조멸치국수 본점,3.2,6,https://place.map.kakao.com/20745752,"
서울 노원구 동일로195길 16
(지번) 공릉동 323-21
",37.6272947,127.0709715
699,스와레,4.3,14,https://place.map.kakao.com/14659962,"
서울 노원구 화랑로51길 20 1층
(지번) 공릉동 120-4
",37.6240491,127.0895779
700,싹쓰리솥뚜껑김치삼겹살,3.0,24,https://place.map.kakao.com/20747169,"
서울 노원구 동일로 1020
(지번) 공릉동 577-10
",37.62114450000001,127.0747999
701,아고라커피,3.6,63,https://place.map.kakao.com/1825626529,"
서울 노원구 동일로193길 14 1층
(지번) 공릉동 379-23
",37.6260239,127.0717305
702,스시락 2호공릉점,4.6,6,https://place.map.kakao.com/26838619,"
서울 노원구 공릉로 146 1층
(지번) 공릉동 238-48
",37.623043,127.0795195
703,고씨네 서울여대점,2.7,22,https://place.map.kakao.com/2093975828,"
서울 노원구 화랑로51나길 8 203호
(지번) 공릉동 107-138
",37.6256639,127.0909662
704,라화방마라탕,3.8,22,https://place.map.kakao.com/315578128,"
서울 노원구 공릉로 208
(지번) 공릉동 208-18
",37.628258,127.0777683
705,남자서른,2.8,21,https://place.map.kakao.com/1917911801,"
서울 노원구 공릉로37길 23 1층
(지번) 공릉동 351-21
",37.6233679,127.0780824
706,우아즈,4.1,47,https://place.map.kakao.com/1275682622,"
서울 노원구 공릉로27길 72-3
(지번) 공릉동 350-90
",37.6243028,127.0779191
707,만두장성,3.9,36,https://place.map.kakao.com/1339676000,"
서울 노원구 동일로180길 32 도깨비시장 나-20호
(지번) 공릉동 585-1
",37.6225575,127.0759584
708,청계천8가삼성곱창,3.9,14,https://place.map.kakao.com/23107625,"
서울 노원구 공릉로38길 9
(지번) 공릉동 238-63
",37.6232595,127.0800198
709,우리할매떡볶이 공릉시장점,4.2,25,https://place.map.kakao.com/1940208491,"
서울 노원구 동일로180길 59 1층 02호
(지번) 공릉동 561-20
",37.6229122,127.0775364
710,석천숯불갈비,3.6,12,https://place.map.kakao.com/20748983,"
서울 노원구 동일로 1001
(지번) 공릉동 615-22
",37.6195497,127.0746814
711,소문난기사식당,3.6,18,https://place.map.kakao.com/16268498,"
서울 노원구 동일로192길 30
(지번) 공릉동 393-5
",37.6260595,127.0750086
712,더맛나곱창,4.6,9,https://place.map.kakao.com/26948094,"
서울 노원구 동일로198길 36 1층
(지번) 공릉동 366-2
",37.6289933,127.073632
713,소라분식 태릉본점,1.8,8,https://place.map.kakao.com/401975918,"
서울 노원구 화랑로51길 81 1층
(지번) 공릉동 110
",37.6246617,127.0875778
714,꽃중년푸줏간,2.6,16,https://place.map.kakao.com/25085271,"
서울 노원구 동일로 1057
(지번) 공릉동 398-25
",37.6243369,127.0729659
715,태능고향풍천장어,3.3,5,https://place.map.kakao.com/16735673,"
서울 노원구 공릉로 101
(지번) 공릉동 633-15
",37.6192382,127.0778185
716,로지스시 공릉점,4.0,15,https://place.map.kakao.com/27473705,"
서울 노원구 동일로192길 87
(지번) 공릉동 441-152
",37.6276302,127.0775642
717,사잇길,4.8,22,https://place.map.kakao.com/490038053,"
서울 노원구 공릉로34길 109
(지번) 공릉동 224
",37.6256027,127.0808904
718,유정집 공릉점,2.0,3,https://place.map.kakao.com/16875802,"
서울 노원구 동일로173가길 65
(지번) 공릉동 573-22
",37.6211248,127.0726308
719,스타쿠빙,4.7,6,https://place.map.kakao.com/1857538688,"
서울 노원구 동일로 1019
(지번) 공릉동 576-18
",37.6210311,127.0741182
720,참치세상,4.4,28,https://place.map.kakao.com/24064837,"
서울 노원구 공릉로 204
(지번) 공릉동 705
",37.6280519,127.0782557
721,카페 오제트,4.1,51,https://place.map.kakao.com/1483345844,"
서울 노원구 공릉로51길 14-2 2층
(지번) 공릉동 439-2
",37.628831,127.0763745
722,유니온커피로스터,3.5,12,https://place.map.kakao.com/26555618,"
서울 노원구 동일로198길 72 1층
(지번) 공릉동 434-3
",37.6295863,127.0753648
723,코타브레드,3.8,36,https://place.map.kakao.com/1344660940,"
서울 노원구 공릉로 165 1층
(지번) 공릉동 411-5
",37.6246975,127.0795398
724,춘천닭갈비 서울과기대점,4.8,13,https://place.map.kakao.com/16936111,"
서울 노원구 동일로192길 56
(지번) 공릉동 392-27
",37.6266418,127.0759598
725,시작이밤이다,4.3,22,https://place.map.kakao.com/400355799,"
서울 노원구 동일로190길 33 현대빌라 101호
(지번) 공릉동 393-10
",37.6257623,127.074908
726,오봉족발 본점,5.0,2,https://place.map.kakao.com/215280197,"
서울 노원구 공릉로32길 4 1층
(지번) 공릉동 333-7
",37.6219556,127.0793131
727,루맨틱,4.4,41,https://place.map.kakao.com/33565585,"
서울 노원구 공릉로 104
(지번) 공릉동 644-17
",37.6195971,127.0782117
728,쇠뿔정육식당 공릉점,4.2,13,https://place.map.kakao.com/17909124,"
서울 노원구 공릉로20가길 1
(지번) 공릉동 644-64
",37.6195003,127.0788495
729,지금보고싶다 공릉점,5.0,26,https://place.map.kakao.com/1319008981,"
서울 노원구 동일로192길 63 2층
(지번) 공릉동 389-9
",37.6271208,127.0762586
730,모두치킨,5.0,113,https://place.map.kakao.com/1127490386,"
서울 노원구 동일로191길 7 1층
(지번) 공릉동 398-4
",37.6251472,127.0725435
731,마실자리 공릉철길점,3.1,11,https://place.map.kakao.com/544334420,"
서울 노원구 공릉로39길 28 1층
(지번) 공릉동 350-102
",37.6236134,127.0780273
732,뽕신 공릉동점,4.0,19,https://place.map.kakao.com/17247659,"
서울 노원구 동일로 1078
(지번) 공릉동 386-5
",37.6259673,127.0731269
733,기가차다회집,4.0,8,https://place.map.kakao.com/1781898287,"
서울 노원구 동일로190길 65 우화빌딩 1층
(지번) 공릉동 392-21
",37.6265164,127.0766229
734,엘밭,4.2,36,https://place.map.kakao.com/933986337,"
서울 노원구 섬밭로 16 201호
(지번) 공릉동 609-9
",37.6181634,127.0727764
735,이박사왕돈까스,3.4,15,https://place.map.kakao.com/16498930,"
서울 노원구 동일로173가길 127
(지번) 공릉동 492-8
",37.6237906,127.071781
736,온고을,3.2,8,https://place.map.kakao.com/16472635,"
서울 노원구 동일로 1065
(지번) 공릉동 398-5
",37.6251555,127.0727949
737,원조강영숙봉평메밀촌 본점,4.6,16,https://place.map.kakao.com/17223169,"
서울 노원구 공릉로 191-6
(지번) 공릉동 441-40
",37.6268383,127.0786117
738,광성반점,3.4,16,https://place.map.kakao.com/15377755,"
서울 노원구 동일로173가길 5
(지번) 공릉동 609-17
",37.6184514,127.0735431
739,명륜진사갈비 서울공릉점,2.6,15,https://place.map.kakao.com/2015181783,"
서울 노원구 동일로 1106 2층
(지번) 공릉동 362-1
",37.6287023,127.0718048
740,오늘손칼국수앤찜 공릉점,3.8,15,https://place.map.kakao.com/26418668,"
서울 노원구 동일로192길 5 2층
(지번) 공릉동 386-6
",37.626035,127.0733753
741,서봉포차,5.0,3,https://place.map.kakao.com/25548212,"
서울 노원구 동일로192길 58
(지번) 공릉동 392-18
",37.6267043,127.0761085
742,써브웨이 공릉점,3.1,8,https://place.map.kakao.com/19658550,"
서울 노원구 공릉로 207
(지번) 공릉동 441-19
",37.6278759,127.0776382
743,태릉수산,2.3,7,https://place.map.kakao.com/16417877,"
서울 노원구 섬밭로 54
(지번) 공릉동 571-31
",37.6217323,127.0718519
744,프린트카페 서울과기대점,0.0,0,https://place.map.kakao.com/1703681437,"
서울 노원구 공릉로 231
(지번) 공릉동 435-2
",37.62972329999999,127.0760693
745,찬이네곱창,5.0,15,https://place.map.kakao.com/1064474316,"
서울 노원구 공릉로51길 7
(지번) 공릉동 440-11
",37.6287363,127.0767042
746,수돈재 공릉점,3.7,8,https://place.map.kakao.com/1472202260,"
서울 노원구 동일로192길 5 1층
(지번) 공릉동 386-6
",37.626035,127.0733753
747,에이엔,5.0,20,https://place.map.kakao.com/1105006417,"
서울 노원구 동일로195길 7
(지번) 공릉동 379-13
",37.6272934,127.0715029
748,동아맨숀,3.0,31,https://place.map.kakao.com/1433960184,"
서울 노원구 동일로184길 57
(지번) 공릉동 509-38
",37.6245844,127.0767216
749,버거킹 화랑대역점,3.0,4,https://place.map.kakao.com/335629825,"
서울 노원구 노원로 3
(지번) 공릉동 90-4
",37.6218823,127.0865752
750,삼정종합어시장,4.3,22,https://place.map.kakao.com/201802381,"
서울 노원구 동일로192길 47 2층
(지번) 공릉동 389-7
",37.6269628,127.075523
751,오늘의파스타,4.4,25,https://place.map.kakao.com/1244697705,"
서울 노원구 공릉로 118 1층
(지번) 공릉동 644-22
",37.6205785,127.0783378
