,Name,Score,Numberofscore,Review,Link,Addr,Typename,lat,lng,Typenum
0,크래버대게나라 노원점,4.2,87,217,https://place.map.kakao.com/1028261118,서울 노원구 한글비석로 326 1층,"게,대게",37.6564743,127.078292,0
1,돈까스먹는용만이,3.6,35,123,https://place.map.kakao.com/12460195,서울 노원구 한글비석로20길 52,"돈까스,우동",37.6612172,127.0745963,0
2,호접몽,3.6,17,35,https://place.map.kakao.com/8177898,서울 노원구 중계로18길 9,중화요리,37.651092,127.0777783,1
3,중계고기파티,4.0,12,127,https://place.map.kakao.com/282482500,서울 노원구 중계로12길 6 1층,"육류,고기",37.6475933,127.081126,0
4,이종구낙지세상,4.5,15,23,https://place.map.kakao.com/26895444,서울 노원구 중계로 90 우암타운 1층,"해물,생선",37.643852,127.0838058,0
5,하나샤브샤브,3.4,16,44,https://place.map.kakao.com/187151325,서울 노원구 동일로203가길 29 브라운스톤상가 101호,샤브샤브,37.6400147,127.0642892,0
6,속초붉은대게 중계점,3.5,2,20,https://place.map.kakao.com/1701868494,서울 노원구 중계동 589,"게,대게",37.658358,127.0747916,0
7,칠성해물통짬뽕,4.4,30,21,https://place.map.kakao.com/27496127,서울 노원구 덕릉로83길 5 2층,중화요리,37.6597659,127.0749645,1
8,봉평메밀막국수 상계본점,3.9,16,13,https://place.map.kakao.com/9054096,서울 노원구 한글비석로20길 61,국수,37.6617034,127.0748884,0
9,화로상회 상계역점,2.2,9,54,https://place.map.kakao.com/1461918151,서울 노원구 한글비석로 384 대호프라자 113~120호,"육류,고기",37.65974730000001,127.0731798,0
10,영스넥,4.1,8,8,https://place.map.kakao.com/17079040,서울 노원구 한글비석로 245 두타빌 A동 지하1층 109호,떡볶이,37.65006109999999,127.0762802,0
11,봉심이족발,4.0,5,67,https://place.map.kakao.com/7908636,서울 노원구 덕릉로83길 20-5,"족발,보쌈",37.6603144,127.0742573,0
12,노브랜드버거 중계공원점,3.7,12,49,https://place.map.kakao.com/243743514,서울 노원구 동일로204가길 34,패스트푸드,37.6406859,127.0681273,3
13,온달왕돈까스 상계점,3.4,8,16,https://place.map.kakao.com/10625264,서울 노원구 한글비석로20길 10,"돈까스,우동",37.6596154,127.0737027,0
14,거북이삼겹살,5.0,3,57,https://place.map.kakao.com/1578482811,"서울 노원구 덕릉로 721 정진아트리움 107,108호",삼겹살,37.6620527,127.0754573,0
15,스타벅스 은행사거리점,3.2,6,4,https://place.map.kakao.com/10538293,"서울 노원구 중계로 217 중흥빌딩 103,203호",커피전문점,37.6504634,127.0759752,4
16,천우가,4.4,5,18,https://place.map.kakao.com/1431583989,서울 노원구 덕릉로 688 6층,"육류,고기",37.6589031,127.0755986,0
17,애슐리퀸즈 2001중계점,1.8,17,49,https://place.map.kakao.com/8459531,서울 노원구 동일로204가길 46 8층,패밀리레스토랑,37.6412281,127.0678668,3
18,아리엔스시,4.3,11,18,https://place.map.kakao.com/18510014,서울 노원구 중계로 225 청구종합상가동 1층 143호,"초밥,롤",37.6503119,127.0747945,2
19,맥도날드 중계점,2.5,6,2,https://place.map.kakao.com/7860478,서울 노원구 중계로 218,패스트푸드,37.6508113,127.0759834,3
20,카페브람스,2.1,8,11,https://place.map.kakao.com/1176215888,서울 노원구 중계로8길 48,카페,37.6461632,127.0846881,4
21,일식어원,4.0,5,16,https://place.map.kakao.com/8492822,서울 노원구 한글비석로 254,일식집,37.6503505,127.0770883,2
22,사이코우스시,1.1,8,15,https://place.map.kakao.com/24811983,서울 노원구 덕릉로73길 18,"초밥,롤",37.6521367,127.0723076,2
23,KFC 중계은행사거리점,2.4,7,2,https://place.map.kakao.com/27584428,서울 노원구 한글비석로 227,패스트푸드,37.647867,127.0762533,3
24,요남자 중계점,4.4,5,11,https://place.map.kakao.com/25936383,서울 노원구 중계로16길 30 1층,양식,37.65097859999999,127.0820691,3
25,라트커피,5.0,7,29,https://place.map.kakao.com/743923214,서울 노원구 한글비석로 245 두타빌상가 B동 1층 124호,커피전문점,37.65006109999999,127.0762802,4
26,뚝배기바지락칼국수,4.8,8,6,https://place.map.kakao.com/11884233,서울 노원구 중계로 158,국수,37.6490287,127.0810154,0
27,송화강식당,3.9,8,14,https://place.map.kakao.com/17588226,서울 노원구 한글비석로20길 14,양꼬치,37.6597492,127.0737645,1
28,은사즉석떡볶이,5.0,4,5,https://place.map.kakao.com/1026702659,서울 노원구 한글비석로 264 그랜드프라자 2층,떡볶이,37.6508596,127.0770963,0
29,최고집칼국수 중계점,3.1,8,1,https://place.map.kakao.com/10841140,서울 노원구 한글비석로 325,국수,37.6564075,127.077699,0
30,미스터회전초밥,0.0,0,0,https://place.map.kakao.com/333754774,서울 노원구 한글비석로 264,음식점,37.6510283,127.0772272,0
31,투썸플레이스 중계은행사거리점,2.3,8,4,https://place.map.kakao.com/14683999,서울 노원구 한글비석로 242 삼부플라자 1층,커피전문점,37.6492209,127.0769575,4
32,청계천8가삼성곱창,5.0,11,6,https://place.map.kakao.com/27496466,서울 노원구 중계로14길 29,"곱창,막창",37.6497561,127.0819708,0
33,타요키즈카페 서울중계점,2.0,1,8,https://place.map.kakao.com/26352452,서울 노원구 덕릉로 669 5층,키즈카페,37.6573431,127.0746365,4
34,갈비1번지,4.0,6,12,https://place.map.kakao.com/1676142968,"서울 노원구 한글비석로 366 신일아파트 1층 101,102호",갈비,37.6584697,127.0748741,0
35,양평해장국 중계점,4.5,10,6,https://place.map.kakao.com/71777233,서울 노원구 동일로203가길 29 브라운스톤 167~169호,해장국,37.6400147,127.0642892,0
36,플루토,2.3,3,13,https://place.map.kakao.com/14632086,서울 노원구 동일로 1308 정안프라자 지하1층,뷔페,37.6459711,127.06407,3
37,마리채 상계점,3.5,6,3,https://place.map.kakao.com/21237096,서울 노원구 덕릉로83길 9-8,"육류,고기",37.6597665,127.0748172,0
38,매머드커피 상계역점,3.8,6,3,https://place.map.kakao.com/1885490296,서울 노원구 한글비석로 384 대호상가 1층 125-1호,커피전문점,37.6597817,127.0731906,4
39,시골순대 상계점,5.0,6,7,https://place.map.kakao.com/16589600,서울 노원구 한글비석로20길 57,순대,37.6615843,127.0747504,0
40,나우키친 중계점,4.3,13,61,https://place.map.kakao.com/24406896,서울 노원구 한글비석로 254,양식,37.6503505,127.0770883,3
41,이층소정육식당 상계역점,2.5,2,45,https://place.map.kakao.com/258630503,서울 노원구 한글비석로 369 2층,"육류,고기",37.6583651,127.0739732,0
42,리차이나,3.2,10,13,https://place.map.kakao.com/26547607,서울 노원구 동일로203가길 29 브라운스톤 279호,중화요리,37.6400147,127.0642892,1
43,군자대한곱창 중계점,5.0,6,35,https://place.map.kakao.com/1822344286,서울 노원구 중계로 201 오성프라자 1층,"곱창,막창",37.6504368,127.0777536,0
44,커피빈 중계동은행사거리점,2.3,3,4,https://place.map.kakao.com/26624130,서울 노원구 한글비석로 263 성모빌딩 1층,커피전문점,37.6511746,127.0764616,4
45,홍연집 상계역점,2.2,5,25,https://place.map.kakao.com/27478815,서울 노원구 덕릉로83길 19-5,회,37.6597554,127.0742008,0
46,도미노피자 중계점,1.8,5,5,https://place.map.kakao.com/7832343,서울 노원구 한글비석로8길 29 중계주공6단지 상가 102호,피자,37.648128,127.079395,3
47,스시락,3.6,11,6,https://place.map.kakao.com/20099642,서울 노원구 한글비석로 269,"초밥,롤",37.6516789,127.0767715,2
48,중계수산,3.5,4,7,https://place.map.kakao.com/1099388561,서울 노원구 덕릉로 686,일식집,37.6587655,127.0753929,2
49,봄날카페,5.0,2,3,https://place.map.kakao.com/964891721,서울 노원구 중계로18길 13,커피전문점,37.6512732,127.0777829,4
50,포레스트담,2.0,3,6,https://place.map.kakao.com/22510150,서울 노원구 중계로 218,양식,37.6508113,127.0759834,3
51,인상적,4.2,5,26,https://place.map.kakao.com/1673662721,서울 노원구 덕릉로83길 20-7 지하1층,와인바,37.6604727,127.0743347,3
52,싹쓰리솥뚜껑김치삼겹살 중계점,4.0,8,9,https://place.map.kakao.com/1691544625,서울 노원구 중계로 129,삼겹살,37.6465989,127.0805852,0
53,족발야시장 상계역점,4.2,18,117,https://place.map.kakao.com/2147100552,서울 노원구 한글비석로22길 40 1층,"족발,보쌈",37.6611441,127.0742379,0
54,역전할머니맥주 서울상계역점,5.0,1,7,https://place.map.kakao.com/250122602,서울 노원구 한글비석로20길 29,"호프,요리주점",37.6604515,127.0739235,5
55,버거톤 중계점,3.0,15,5,https://place.map.kakao.com/27596619,서울 노원구 섬밭로 258 건영백화점 1층,햄버거,37.63914,127.063972,3
56,소문난 감자탕뼈해장국,3.2,6,9,https://place.map.kakao.com/13287922,서울 노원구 덕릉로 694,감자탕,37.6595401,127.0755952,0
57,설도 중계점,5.0,2,2,https://place.map.kakao.com/1401934696,서울 노원구 덕릉로 665-1 1층,"육류,고기",37.6570193,127.0744796,0
58,신의주찹쌀순대 중계동점,2.4,14,21,https://place.map.kakao.com/13096742,"서울 노원구 동일로203가길 29 1층 144,145호",순대,37.6393876,127.0642707,0
59,500소갈비살 상계역점,0.0,0,13,https://place.map.kakao.com/253049752,서울 노원구 덕릉로83길 14-7,갈비,37.6602869,127.0746566,0
60,서원,4.2,6,0,https://place.map.kakao.com/65946463,서울 노원구 덕릉로 692,갈비,37.6593614,127.0756621,0
61,대머리곱창 중계점,3.8,5,7,https://place.map.kakao.com/357421900,서울 노원구 동일로 1279,"곱창,막창",37.6420655,127.0640457,0
62,3km,3.4,7,5,https://place.map.kakao.com/1584319026,서울 노원구 중계로19길 48,"호프,요리주점",37.6483727,127.0787833,5
63,예가,4.3,3,7,https://place.map.kakao.com/16620366,서울 노원구 중계로8길 11,추어,37.64594880000001,127.0826092,0
64,우서목김밥,3.2,10,3,https://place.map.kakao.com/626332689,서울 노원구 중계로 202,분식,37.6507596,127.0777847,0
65,노랑통닭 중계점,3.7,3,55,https://place.map.kakao.com/1579088698,서울 노원구 한글비석로 245 두타빌 B동 1층,치킨,37.6495775,127.076352,0
66,맨시니스,3.7,6,8,https://place.map.kakao.com/364787817,서울 노원구 한글비석로22길 28 예원빌딩 4층,카페,37.6606817,127.0737586,4
67,교촌치킨 중계2호점,1.4,10,2,https://place.map.kakao.com/19147149,서울 노원구 덕릉로 721 정진빌라 1층,치킨,37.6620064,127.0755034,0
68,토다이 중계점(휴업중),2.1,11,34,https://place.map.kakao.com/15107601,서울 노원구 섬밭로 258 건영백화점 4층,해산물뷔페,37.63914,127.063972,0
69,라화쿵부 상계역점,4.4,7,6,https://place.map.kakao.com/718586106,서울 노원구 덕릉로83길 17 2층,중식,37.659948,127.0742879,1
70,지지고 은행사거리점,5.0,3,2,https://place.map.kakao.com/1166916322,서울 노원구 한글비석로 265 영광프라자 104호,도시락,37.6515201,127.076658,0
71,배스킨라빈스 중계브라운스톤점,2.4,5,2,https://place.map.kakao.com/12255580,서울 노원구 동일로203가길 29,아이스크림,37.6393876,127.0642707,0
72,설빙 중계은행사거리점,3.0,2,4,https://place.map.kakao.com/26644177,서울 노원구 중계로 218 원광빌딩 201호,디저트카페,37.6527131,127.0756028,4
73,춘천골닭갈비,0.0,0,7,https://place.map.kakao.com/1957292276,서울 노원구 덕릉로83길 15 1층,닭요리,37.6598165,127.0744131,0
74,BHC치킨 상계역점,5.0,5,0,https://place.map.kakao.com/2070591387,서울 노원구 덕릉로87길 13,치킨,37.6606132,127.0749008,0
75,키즈앤팡 중계점,4.0,2,3,https://place.map.kakao.com/416680587,서울 노원구 중계로12가길 2 선인빌딩 4층,키즈카페,37.6473276,127.0820619,4
76,하남돼지집 중계은행점,1.0,1,17,https://place.map.kakao.com/25161938,서울 노원구 한글비석로 271 1층,삼겹살,37.6519368,127.0770403,0
77,해신횟집,4.0,6,4,https://place.map.kakao.com/16679449,서울 노원구 덕릉로83길 20-4,참치회,37.66026770000001,127.0745016,0
78,춘천최부자숯불닭갈비 상계점,0.0,0,16,https://place.map.kakao.com/1898315427,서울 노원구 덕릉로83길 10 1층,닭요리,37.6599353,127.0748525,0
79,교촌치킨 중계1호점,3.2,5,1,https://place.map.kakao.com/8229796,서울 노원구 한글비석로 245,치킨,37.649542,127.0763583,0
80,맘스터치 상계역점,2.9,8,4,https://place.map.kakao.com/558704688,서울 노원구 덕릉로83길 26 2층,패스트푸드,37.6602831,127.074048,3
81,삼정종합어시장,3.3,3,13,https://place.map.kakao.com/1442356939,서울 노원구 덕릉로83길 15 1층,회,37.6598165,127.0744131,0
82,노원상계서서갈비,5.0,2,2,https://place.map.kakao.com/23786499,서울 노원구 한글비석로20길 56,갈비,37.6614217,127.0748125,0
83,BHC치킨 중계점,2.3,15,3,https://place.map.kakao.com/26828958,서울 노원구 동일로 1280 상가동 지하층 06호 ,치킨,37.6428027,127.0664601,0
84,조마루 상계역점,3.0,2,7,https://place.map.kakao.com/27300727,서울 노원구 덕릉로 705,감자탕,37.6606306,127.0752802,0
85,고피자 중계학원가점,4.0,6,6,https://place.map.kakao.com/441150220,서울 노원구 한글비석로 250 그린코아빌딩 115호,피자,37.6499986,127.0770408,3
86,청년다방 상계역점,4.8,4,9,https://place.map.kakao.com/1287008852,서울 노원구 덕릉로83길 26 102호,떡볶이,37.6602831,127.074048,0
87,설빙 상계역점,5.0,3,3,https://place.map.kakao.com/567336801,서울 노원구 덕릉로87길 21 2층,디저트카페,37.660763,127.074466,4
88,매일파스타,3.5,8,13,https://place.map.kakao.com/222388232,"서울 노원구 동일로203가길 29 브라운스톤상가 2층 226, 227호",양식,37.6393876,127.0642707,3
89,사이공본가 상계점,4.0,5,6,https://place.map.kakao.com/199879654,서울 노원구 덕릉로 699 1층105호,베트남음식,37.660074,127.0751965,5
90,보노돈까스,4.9,8,8,https://place.map.kakao.com/21131937,서울 노원구 중계로8길 128,"돈까스,우동",37.6482326,127.0833879,0
91,그남자의덮밥 중계점,4.0,5,61,https://place.map.kakao.com/2061208553,서울 노원구 동일로203가길 29 중계브라운스톤 156호,퓨전한식,37.6400147,127.0642892,0
92,송정낙지,1.0,1,10,https://place.map.kakao.com/1163481691,서울 노원구 덕릉로83길 16,"해물,생선",37.6600636,127.0745517,0
93,교촌치킨 중계역점,2.7,7,1,https://place.map.kakao.com/16820460,서울 노원구 동일로 1279,치킨,37.6420655,127.0640457,0
94,이자카야심,3.0,1,15,https://place.map.kakao.com/1483918776,서울 노원구 덕릉로83길 20-10,일본식주점,37.6604324,127.0745891,2
95,국물명가전주콩나물국밥 상계역점,3.5,4,4,https://place.map.kakao.com/1315294173,서울 노원구 한글비석로 367,국밥,37.6582803,127.0740763,0
96,인생극장 상계역점,0.0,0,5,https://place.map.kakao.com/480154023,서울 노원구 한글비석로20길 39,갈비,37.66092039999999,127.0740922,0
97,뚜레쥬르 상계점,2.3,3,0,https://place.map.kakao.com/1603868737,서울 노원구 덕릉로 669,"제과,베이커리",37.6573431,127.0746365,4
98,푸라닭치킨 상계역점,4.4,28,0,https://place.map.kakao.com/1865160358,서울 노원구 덕릉로83길 20-7 1층,치킨,37.6604727,127.0743347,0
99,채선당 중계점,3.0,1,2,https://place.map.kakao.com/8093485,서울 노원구 덕릉로 692 2층,샤브샤브,37.6593614,127.0756621,0
100,국빈,4.5,2,3,https://place.map.kakao.com/11558079,서울 노원구 중계로16가길 29,중화요리,37.6504177,127.0825836,1
101,동대문엽기떡볶이 중계점,4.5,4,9,https://place.map.kakao.com/26983981,서울 노원구 덕릉로 686 1층,떡볶이,37.6587655,127.0753929,0
102,평창메밀막국수,3.3,4,3,https://place.map.kakao.com/17360930,서울 노원구 한글비석로20길 15-11,국수,37.66026919999999,127.0735427,0
103,포&시드니 중계브라운스톤점,3.6,5,12,https://place.map.kakao.com/27323374,서울 노원구 동일로203가길 29 중계브라운스톤아파트 상가 1층 110호,동남아음식,37.6400147,127.0642892,5
104,양꼬치가,3.0,2,16,https://place.map.kakao.com/1575054414,서울 노원구 한글비석로20길 30,중화요리,37.6604154,127.0741541,1
105,본죽 중계은행사거리점,5.0,2,2,https://place.map.kakao.com/16617383,서울 노원구 한글비석로 245 두타빌A동 110호,죽,37.65006109999999,127.0762802,0
106,만선수산,0.0,0,3,https://place.map.kakao.com/15668564,서울 노원구 한글비석로 366,회,37.658358,127.0747916,0
107,명륜진사갈비 상계역점,2.6,5,6,https://place.map.kakao.com/1521072166,서울 노원구 덕릉로87길 21,갈비,37.660763,127.074466,0
108,코코로돈까스,4.0,25,24,https://place.map.kakao.com/17550298,서울 노원구 한글비석로22길 30-1,"돈까스,우동",37.6607409,127.0738372,0
109,싸움의고수 은행사거리점,3.8,5,2,https://place.map.kakao.com/1659385755,서울 노원구 한글비석로 264 중계그랜드프라자 113호,"족발,보쌈",37.6508596,127.0770963,0
110,롯데리아 상계점,3.0,1,2,https://place.map.kakao.com/14600358,서울 노원구 한글비석로 369,패스트푸드,37.6583651,127.0739732,3
111,용을타는 돼지네포장마차,2.0,1,3,https://place.map.kakao.com/15858824,서울 노원구 중계로18길 17,실내포장마차,37.6514801,127.0778563,0
112,뚜레쥬르 중계브라운점,2.5,4,0,https://place.map.kakao.com/7849743,"서울 노원구 동일로203가길 29 브라운스톤중계 1층 185,186호","제과,베이커리",37.6400147,127.0642892,4
113,써브웨이 중계은행사거리점,5.0,2,0,https://place.map.kakao.com/1374085143,서울 노원구 한글비석로 269 1층,샌드위치,37.6516789,127.0767715,3
114,파리바게뜨 상계본점,5.0,3,1,https://place.map.kakao.com/1571223188,서울 노원구 한글비석로15길 3 파리바게뜨 상계본점,"제과,베이커리",37.6598029,127.0732909,4
115,옛날통닭,4.0,4,2,https://place.map.kakao.com/1285397795,서울 노원구 동일로203가길 29 브라운스톤 1층,치킨,37.6393876,127.0642707,0
116,탐앤탐스 하계점,4.0,2,1,https://place.map.kakao.com/17083009,서울 노원구 섬밭로 258 1층,커피전문점,37.6389443,127.0647295,4
117,얌샘김밥 중계역점,4.5,6,4,https://place.map.kakao.com/1796497210,서울 노원구 동일로 1279 중계그린아파트 B상가 101호,분식,37.6415758,127.0635039,0
118,옛촌냉면,3.3,3,3,https://place.map.kakao.com/13293729,서울 노원구 동일로 1279,냉면,37.6420655,127.0640457,0
119,사카나,5.0,4,5,https://place.map.kakao.com/16082172,서울 노원구 한글비석로20길 33 1층,일본식주점,37.6606835,127.073983,2
120,빽다방 중계은행사거리점,3.3,3,0,https://place.map.kakao.com/27095996,서울 노원구 한글비석로 235 하나프라자빌딩 105호,커피전문점,37.650443,127.0764298,4
121,미스터짱닭치킨 상계역점,4.3,4,7,https://place.map.kakao.com/19661945,서울 노원구 한글비석로20길 17,치킨,37.6599809,127.0736687,0
122,복촌닭한마리,5.0,2,22,https://place.map.kakao.com/19531893,서울 노원구 한글비석로20길 19 2층,국수,37.6600371,127.0737122,0
123,배스킨라빈스 상계역점,2.1,7,3,https://place.map.kakao.com/10410434,서울 노원구 한글비석로 384 대호프라자상가,아이스크림,37.65974730000001,127.0731798,0
124,굽네치킨 중계1동점,5.0,1,0,https://place.map.kakao.com/1028864335,서울 노원구 덕릉로 591 1층 102호,치킨,37.6509816,127.071854,0
125,땅스부대찌개 중계점,5.0,1,3,https://place.map.kakao.com/1803019295,서울 노원구 중계로 198 상가 1층,"찌개,전골",37.6519337,127.0795233,0
126,도리연닭도리탕,5.0,1,14,https://place.map.kakao.com/244846284,서울 노원구 덕릉로83길 20-5,닭요리,37.6603144,127.0742573,0
127,미래수산,3.7,3,3,https://place.map.kakao.com/15319187,서울 노원구 동일로 1280,회,37.6428027,127.0664601,0
128,가츠몽 중계은행사거리점,0.0,0,2,https://place.map.kakao.com/1666035904,서울 노원구 한글비석로 231 위성프라자 104호,"돈까스,우동",37.6560102,127.0611427,0
129,곤조참치,4.3,6,4,https://place.map.kakao.com/620791338,서울 노원구 덕릉로 721,"해물,생선",37.6620064,127.0755034,0
130,파파존스 중계점,5.0,3,14,https://place.map.kakao.com/21413910,서울 노원구 한글비석로 264 그랜드프라자 2층,피자,37.6508596,127.0770963,3
131,수유리우동집 상계직영점,2.7,9,0,https://place.map.kakao.com/20636837,서울 노원구 덕릉로83길 18,"돈까스,우동",37.6600958,127.0744074,0
132,장수한우곱창 상계점,4.1,10,5,https://place.map.kakao.com/145407990,서울 노원구 덕릉로83길 5 한화꿈에그린 더퍼스트 상가 1층 105호,"곱창,막창",37.6589569,127.0747524,0
133,후라이드참잘하는집 중계점,4.7,3,3,https://place.map.kakao.com/1515500122,서울 노원구 노원로 333,치킨,37.6464986,127.0688377,0
134,옛날통닭1번지 중계점,5.0,5,2,https://place.map.kakao.com/1298195237,서울 노원구 중계로12가길 2 1층 105호,치킨,37.6473276,127.0820619,0
135,남원골추어탕,5.0,2,0,https://place.map.kakao.com/8881535,서울 노원구 덕릉로83길 9-16,추어,37.6597665,127.0748172,0
136,메가커피 중계브라운스톤점,2.7,3,2,https://place.map.kakao.com/1443789514,"서울 노원구 동일로203가길 29 1층 173,174호",커피전문점,37.6393728,127.0642922,4
137,왕골감자탕 중계점,1.0,2,5,https://place.map.kakao.com/1563223249,서울 노원구 한글비석로 273 1층,감자탕,37.6521219,127.0772046,0
138,피자헛 중계본점,4.5,2,1,https://place.map.kakao.com/1096945990,서울 노원구 한글비석로15길 27,피자,37.6569895,127.0741309,3
139,메가커피 상계역점,5.0,3,2,https://place.map.kakao.com/757831707,서울 노원구 덕릉로83길 18,커피전문점,37.6600958,127.0744074,4
140,맘스터치 노원중계점,1.0,4,2,https://place.map.kakao.com/652160053,서울 노원구 한글비석로 233 1층,패스트푸드,37.6484656,127.0762821,3
141,등촌샤브칼국수 중계점,5.0,1,7,https://place.map.kakao.com/1256863259,서울 노원구 한글비석로 270 스카이타워 104호,샤브샤브,37.6515448,127.0773761,0
142,투썸커피 하계CGV스윗바점,0.0,0,0,https://place.map.kakao.com/23078460,서울 노원구 섬밭로 258,커피전문점,37.6389443,127.0647295,4
143,파리바게뜨 중계두타빌점,0.0,0,2,https://place.map.kakao.com/8567480,서울 노원구 한글비석로 245,"제과,베이커리",37.649542,127.0763583,4
144,BBQ 중계은행점,1.2,14,4,https://place.map.kakao.com/18902985,서울 노원구 한글비석로 272 중원코아빌딩 1층 105호,치킨,37.6517762,127.077513,0
145,미스사이공 중계점,2.5,4,5,https://place.map.kakao.com/174477705,"서울 노원구 한글비석로 264 중계그랜드프라자 2층 210,211호",베트남음식,37.6508596,127.0770963,5
146,수유다래함박스텍 중계점,3.3,6,10,https://place.map.kakao.com/1935352310,서울 노원구 덕릉로 699 1층,"스테이크,립",37.660074,127.0751965,3
147,이코이바,4.5,2,6,https://place.map.kakao.com/16905243,서울 노원구 한글비석로20길 54,일본식주점,37.6613257,127.0747559,2
148,카페109,0.0,0,1,https://place.map.kakao.com/1229879684,서울 노원구 덕릉로83길 6 1층,커피전문점,37.659988,127.0750253,4
149,60계 서울중계점,5.0,2,3,https://place.map.kakao.com/1963902119,서울 노원구 중계로 164,치킨,37.6497082,127.0811464,0
150,감동식당,4.6,61,180,https://place.map.kakao.com/1317959049,서울 노원구 한글비석로47길 58 1층,갈비,37.6615836,127.0665469,0
151,강강술래 상계점,3.3,37,120,https://place.map.kakao.com/18536783,서울 노원구 동일로 1628 2층,"육류,고기",37.6738242,127.0560348,0
152,로니로티 노원점,4.0,30,209,https://place.map.kakao.com/1010045527,서울 노원구 상계로 63-7 청우빌딩 2층 201호,양식,37.6645066,127.0737934,3
153,감각,3.1,20,195,https://place.map.kakao.com/586007148,서울 노원구 상계로 77 1층,카페,37.6567015,127.0634404,4
154,어글리스토브 노원역점,3.8,32,143,https://place.map.kakao.com/24658744,서울 노원구 노해로81길 12-21 3층,양식,37.655781,127.0641648,3
155,시드누아 노원본점,2.6,52,168,https://place.map.kakao.com/19696160,서울 노원구 상계로 84,커피전문점,37.6562709,127.0642402,4
156,왕십리조개창고 노원점,2.9,25,134,https://place.map.kakao.com/25450376,서울 노원구 상계로1길 38-11 우창프라자 2층 201호,조개,37.6579356,127.0620399,0
157,용순가재골수제비,2.6,44,159,https://place.map.kakao.com/20747637,서울 노원구 동일로242길 100 1층,수제비,37.6743943,127.0606312,0
158,숟가락반상 마실 노원점,4.2,65,42,https://place.map.kakao.com/1601456521,서울 노원구 노원로 412,한식,37.653374,127.0680991,0
159,삼덕식당,3.8,14,100,https://place.map.kakao.com/298434750,서울 노원구 상계로5길 9 1층,"육류,고기",37.6569542,127.0638327,0
160,땅코참숯구이 노원점,4.5,19,100,https://place.map.kakao.com/1572967845,서울 노원구 노해로85길 15-5,"육류,고기",37.6563426,127.0653296,0
161,소담촌 노원역점,3.1,14,50,https://place.map.kakao.com/2097885929,서울 노원구 상계로 90 마블러스1 2층,샤브샤브,37.6587754,127.0684857,0
162,털보고된이 본점,4.0,55,107,https://place.map.kakao.com/26086942,서울 노원구 노해로81길 22-22,"해물,생선",37.6558713,127.0637387,0
163,풍미연,2.7,17,51,https://place.map.kakao.com/16590379,서울 노원구 노해로85길 7,설렁탕,37.655641,127.0648035,0
164,수락이오냉면 본점,3.3,23,54,https://place.map.kakao.com/16526733,서울 노원구 동일로237다길 7 1층,냉면,37.6738747,127.0525666,0
165,스시웨이 노원점,3.0,18,60,https://place.map.kakao.com/17849636,서울 노원구 동일로 1374,"초밥,롤",37.6512657,127.0617521,2
166,72420 노원직영점,4.3,31,69,https://place.map.kakao.com/38006070,서울 노원구 동일로217가길 11 1층,베트남음식,37.6534006,127.0598701,5
167,스시노칸도 노원역점,2.8,26,188,https://place.map.kakao.com/1358381190,서울 노원구 상계로3길 28 영빈빌딩 4층,"초밥,롤",37.6573474,127.0626321,2
168,위안바오,3.8,36,111,https://place.map.kakao.com/416374182,서울 노원구 동일로 1426,중식,37.6559099,127.0605366,1
169,이춘복참치 노원직영점,2.4,18,35,https://place.map.kakao.com/13608491,서울 노원구 노해로85길 10-7,참치회,37.6561359,127.0655124,0
170,수시로스시,3.4,19,90,https://place.map.kakao.com/736602099,서울 노원구 노원로 479 대광빌딩 1층,"초밥,롤",37.658837,127.0645832,2
171,우리집곱창 본점,4.1,14,73,https://place.map.kakao.com/16327756,서울 노원구 덕릉로123길 11,"곱창,막창",37.6701683,127.0803943,0
172,풍성진감자탕,4.7,21,28,https://place.map.kakao.com/767594066,서울 노원구 노해로83길 10-11,감자탕,37.6559745,127.0649273,0
173,쭈꾸미킹 노원점,3.2,14,84,https://place.map.kakao.com/592034631,서울 노원구 상계로1길 34 뉴금오프라자 1층,"해물,생선",37.6575193,127.0618117,0
174,화포식당 노원점,4.0,9,80,https://place.map.kakao.com/331097438,서울 노원구 상계로 72,"육류,고기",37.6559951,127.062988,0
175,샛별제과,4.6,19,47,https://place.map.kakao.com/1488538685,서울 노원구 상계로9길 23 101호,디저트카페,37.6582057,127.0660962,4
176,노원돈부리,4.3,41,59,https://place.map.kakao.com/709257368,서울 노원구 동일로 1343 동일프라자 101~103호,일식,37.6484591,127.0619869,2
177,아웃백스테이크하우스 노원점,3.7,22,155,https://place.map.kakao.com/16997192,서울 노원구 동일로 1419,패밀리레스토랑,37.6552663,127.0598295,3
178,장천,3.5,18,128,https://place.map.kakao.com/229428334,서울 노원구 동일로217가길 11 2층 202호,중화요리,37.6534006,127.0598701,1
179,썸머타이,4.1,34,47,https://place.map.kakao.com/89011711,서울 노원구 노해로75길 14-25 동신빌딩 1층,태국음식,37.6547199,127.0587369,5
180,엄마손칼국수,4.0,25,51,https://place.map.kakao.com/16051532,서울 노원구 상계로39길 5,국수,37.6710563,127.0802156,0
181,노원한우,3.3,3,129,https://place.map.kakao.com/1171557896,서울 노원구 동일로218길 35,"육류,고기",37.6540491,127.0627858,0
182,커피베스코,4.4,7,32,https://place.map.kakao.com/17688746,서울 노원구 상계로 55 2층,커피전문점,37.6560102,127.0611427,4
183,옛날칼국수,2.5,18,86,https://place.map.kakao.com/8015984,서울 노원구 동일로 1417,국수,37.6549923,127.0599384,0
184,제임스키친,4.3,8,56,https://place.map.kakao.com/17005666,서울 노원구 노해로81길 12-26 2층,이탈리안,37.6555741,127.0642104,3
185,시즌,4.0,3,138,https://place.map.kakao.com/985778800,서울 노원구 상계로3길 38-2 2층,디저트카페,37.6578283,127.0627077,4
186,스윗레시피,3.4,8,121,https://place.map.kakao.com/231176219,서울 노원구 상계로1길 38 2층,디저트카페,37.6576842,127.0616951,4
187,VIPS DELIVERY 상계점,0.0,0,0,https://place.map.kakao.com/947650399,서울 노원구 상계로27길 12,음식점,37.659116,127.0706964,0
188,노원목고기집,4.6,16,46,https://place.map.kakao.com/16056109,서울 노원구 상계로 96,"육류,고기",37.65661,127.0655348,0
189,노원왕곱창,2.1,14,59,https://place.map.kakao.com/26898894,서울 노원구 상계로 90 마블러스2 1층,"곱창,막창",37.6587754,127.0684857,0
190,전민규의황제누룽지탕 노원직영점,3.1,17,19,https://place.map.kakao.com/9924087,서울 노원구 노해로77길 14-8 1~2층,한식,37.6546907,127.0596237,0
191,비손샤브칼국수 수락산점,4.4,15,53,https://place.map.kakao.com/1012609060,서울 노원구 동일로 1660 2층 202호,샤브샤브,37.6765234,127.0556617,0
192,한우가,4.5,4,6,https://place.map.kakao.com/448912210,서울 노원구 노해로 517 굿모닝빌딩 1층,"육류,고기",37.6556456,127.0653791,0
193,롤링파스타 노원역점,2.9,21,91,https://place.map.kakao.com/1165409110,서울 노원구 상계로 70 화랑빌딩 2층 1호,이탈리안,37.6557476,127.0622921,3
194,고집불통강곱창 노원점,4.3,10,57,https://place.map.kakao.com/14098947,서울 노원구 노해로83길 18-5,"곱창,막창",37.6560919,127.0645065,0
195,중원,3.0,12,41,https://place.map.kakao.com/1382921458,서울 노원구 동일로242가길 36 1층,중화요리,37.6775039,127.0561401,1
196,평양칼국수,3.2,33,32,https://place.map.kakao.com/9532967,서울 노원구 동일로 1652 1층,국수,37.6756997,127.0555338,0
197,예향정 노원점,3.5,13,31,https://place.map.kakao.com/140377526,서울 노원구 동일로217가길 31 청화빌딩 2층,한식,37.6531212,127.0586134,0
198,홍익짬뽕 노원2호점,4.5,24,34,https://place.map.kakao.com/1365118901,서울 노원구 노해로83길 21,중화요리,37.6561446,127.0641081,1
199,스타벅스 노원역점,2.9,22,30,https://place.map.kakao.com/19469879,서울 노원구 동일로 1413 남성빌딩 1층,커피전문점,37.6547199,127.0599868,4
200,일심해장국 상계점,3.5,6,204,https://place.map.kakao.com/20743795,서울 노원구 노원로34길 58,해장국,37.6613963,127.0658851,0
201,이규민달인보쌈집 본점,4.1,15,40,https://place.map.kakao.com/20018277,서울 노원구 동일로 1598 부흥빌딩 지하1층,"족발,보쌈",37.6709957,127.0564034,0
202,현경양고기,4.4,21,68,https://place.map.kakao.com/1857841704,서울 노원구 상계로3길 21 202호,양꼬치,37.657176,127.0622614,1
203,독도게찜,3.7,21,76,https://place.map.kakao.com/432768483,서울 노원구 동일로242가길 50,"게,대게",37.678088,127.0560556,0
204,스타벅스 노원마들역점,4.4,13,17,https://place.map.kakao.com/2080972721,서울 노원구 노원로 569 임광아파트상가,커피전문점,37.6606791,127.057048,4
205,쭈꾸미달인 노원직영점,3.2,9,187,https://place.map.kakao.com/26904390,서울 노원구 상계로 71-1 1층,"해물,생선",37.6566014,127.0629736,0
206,스타벅스 상계초교사거리점,4.7,15,25,https://place.map.kakao.com/1800821127,서울 노원구 노원로 449,커피전문점,37.6460967,127.0712379,4
207,몽실디저트,4.3,14,54,https://place.map.kakao.com/1513264138,서울 노원구 상계로 51 노원프라자빌딩 1층 105호,"제과,베이커리",37.6559143,127.0608756,4
208,세컨플로어,4.0,7,55,https://place.map.kakao.com/470119969,서울 노원구 상계로1길 8 대유빌딩 2층 206호,카페,37.6563587,127.0617644,4
209,이자와 노원점,3.7,21,29,https://place.map.kakao.com/1965352886,서울 노원구 상계로 76 정암빌딩 2층 201호,일식,37.6223628,127.0597933,2
210,사랑회수산,5.0,2,17,https://place.map.kakao.com/26539020,서울 노원구 상계로 104 1층,회,37.6567419,127.0662664,0
211,맥도날드 상계DT점,3.7,28,12,https://place.map.kakao.com/26357904,서울 노원구 동일로 1612,패스트푸드,37.6723948,127.056223,3
212,일번지소한마리정육식당 노원본점,3.3,3,20,https://place.map.kakao.com/24793608,서울 노원구 상계로3길 32 1층,"육류,고기",37.6575827,127.0626439,0
213,나승준함흥냉면,3.9,14,19,https://place.map.kakao.com/26792775,서울 노원구 상계로 97 위너스빌딩 1층 104호,냉면,37.6570226,127.0656429,0
214,피노키오냉면,3.8,20,64,https://place.map.kakao.com/13499443,서울 노원구 한글비석로 480 보람상가 2층,냉면,37.6646633,127.0655693,0
215,가양양꼬치,4.1,9,27,https://place.map.kakao.com/14879333,서울 노원구 노해로85길 1 2층,양꼬치,37.6561016,127.0653965,1
216,활어의전설 노원점,3.0,6,16,https://place.map.kakao.com/311184645,서울 노원구 노해로81길 12-33 1층,회,37.6557166,127.0636511,0
217,천하뼈다귀감자탕,2.2,10,29,https://place.map.kakao.com/10853199,서울 노원구 동일로 1595,감자탕,37.67088030000001,127.0556697,0
218,노원족발,3.3,4,21,https://place.map.kakao.com/23495499,서울 노원구 노해로85길 14,"족발,보쌈",37.6560286,127.0652712,0
219,유정한우소곱창,1.3,7,34,https://place.map.kakao.com/25808164,서울 노원구 노해로85길 10-2,"곱창,막창",37.6557416,127.0653269,0
220,시골애 노원점,4.2,14,42,https://place.map.kakao.com/13122817,서울 노원구 상계로 64 가동 1층 1호,"해물,생선",37.6555926,127.0623312,0
221,스타벅스 중계역점,3.3,9,19,https://place.map.kakao.com/20046343,서울 노원구 동일로 1339 대한빌딩,커피전문점,37.6650797,127.0573201,4
222,버거킹 노원역점,3.4,9,22,https://place.map.kakao.com/1922012169,서울 노원구 노해로 456 동방빌딩 1층,패스트푸드,37.6535534,127.0587925,3
223,상계동 원조닭갈비,4.2,11,24,https://place.map.kakao.com/1445990797,서울 노원구 한글비석로36길 65 1층,닭요리,37.6641314,127.0725608,0
224,슈엔챠이 상계점,4.5,8,23,https://place.map.kakao.com/2102127599,서울 노원구 동일로 1335 2층,중화요리,37.6479584,127.0622561,1
225,더메이즈 노원점,4.2,13,27,https://place.map.kakao.com/1161456883,서울 노원구 상계로5길 26 6층,테마카페,37.6570766,127.0632419,4
226,곳,4.3,4,39,https://place.map.kakao.com/1250481954,서울 노원구 노해로85길 10-55,"호프,요리주점",37.6558974,127.0657692,5
227,경성쭈꾸미,4.7,11,74,https://place.map.kakao.com/1541371104,서울 노원구 덕릉로 789 1층,"해물,생선",37.6675532,127.0787388,0
228,본가왕뼈감자탕 노원역점,3.7,7,46,https://place.map.kakao.com/1222953596,서울 노원구 상계로3길 28,감자탕,37.6573474,127.0626321,0
229,스시통 노원본점,2.3,16,80,https://place.map.kakao.com/26491619,서울 노원구 동일로 1417 삼양빌딩 2층,"초밥,롤",37.6549923,127.0599384,2
230,영양센타 노원점,3.4,7,9,https://place.map.kakao.com/10642991,서울 노원구 동일로217가길 31 1층,삼계탕,37.6531212,127.0586134,0
231,투썸플레이스 노원문화의거리점,2.3,27,25,https://place.map.kakao.com/17757837,서울 노원구 상계로 69 2층,커피전문점,37.6563915,127.062643,4
232,이자카야모리,2.0,9,28,https://place.map.kakao.com/2075548768,서울 노원구 노해로81길 12-15 2층,일본식주점,37.655781,127.0641648,2
233,닭갈비제작소 노원점,4.0,6,23,https://place.map.kakao.com/1254595213,서울 노원구 상계로3길 29 2층,닭요리,37.6575156,127.0623614,0
234,스타벅스 노원KT점,3.7,14,18,https://place.map.kakao.com/18691127,서울 노원구 노해로 502,커피전문점,37.6543814,127.0636656,4
235,마들냉면,3.3,7,7,https://place.map.kakao.com/10363794,서울 노원구 한글비석로 474 보람상가2층 217호,냉면,37.6646633,127.0655693,0
236,청와정,1.9,14,20,https://place.map.kakao.com/863895545,서울 노원구 동일로 1611,"육류,고기",37.67222170000001,127.0554158,0
237,잼재미골,3.7,13,23,https://place.map.kakao.com/903173867,서울 노원구 노해로79길 6-19,"초밥,롤",37.6555926,127.0623312,2
238,마뇨떡볶이 노원역점,4.3,9,24,https://place.map.kakao.com/1698656854,서울 노원구 상계로 55 위성프라자 2층 201호,떡볶이,37.6560102,127.0611427,0
239,영스넥,3.6,11,27,https://place.map.kakao.com/17079123,서울 노원구 상계로 51 노원프라자빌딩 지하1층,분식,37.6559143,127.0608756,0
240,써브웨이 노원점,1.9,34,30,https://place.map.kakao.com/26321870,서울 노원구 노해로 502,샌드위치,37.6543814,127.0636656,3
241,라화쿵부 상계점,2.3,14,46,https://place.map.kakao.com/1944117785,서울 노원구 노해로 492 프린스빌딩 2층 203호,중화요리,37.6543867,127.062681,1
242,신미방,3.9,16,12,https://place.map.kakao.com/628049731,서울 노원구 상계로 64,중화요리,37.6555926,127.0623312,1
243,맥도날드 중계역점,2.4,15,14,https://place.map.kakao.com/8331701,서울 노원구 동일로 1341 장우빌딩 1층,패스트푸드,37.6482931,127.0620751,3
244,송재만참치 수락산역점,4.7,7,33,https://place.map.kakao.com/16061317,서울 노원구 동일로242길 25 2층,참치회,37.6754892,127.0569263,0
245,플로레스테이블,4.2,9,98,https://place.map.kakao.com/101891212,서울 노원구 상계로5길 12 3층,디저트카페,37.6575352,127.0639274,4
246,쭈꾸미달인 직영2호점,4.5,33,58,https://place.map.kakao.com/18657479,서울 노원구 상계로5길 3,"해물,생선",37.6567642,127.0638464,0
247,전주콩나물국밥,4.1,9,9,https://place.map.kakao.com/9386063,서울 노원구 노해로75길 14-26,국밥,37.6545423,127.058872,0
248,다미참치,5.0,2,29,https://place.map.kakao.com/1871306854,서울 노원구 동일로218길 17 2층,참치회,37.6538373,127.0617571,0
249,데일리식탁,3.8,14,56,https://place.map.kakao.com/1213793385,서울 노원구 상계로 97-5,일식,37.657186,127.0657859,2
250,봉평메밀막국수 직영점,3.3,9,11,https://place.map.kakao.com/21296190,서울 노원구 동일로242가길 14-8,국수,37.6763235,127.0560157,0
251,르다,4.7,7,74,https://place.map.kakao.com/1764989514,서울 노원구 상계로9길 28,카페,37.6582329,127.0665605,4
252,주가네서서갈비 본점,5.0,2,18,https://place.map.kakao.com/16051406,서울 노원구 노해로85길 22,갈비,37.6563599,127.065131,0
253,비엔나커피하우스 노원역점,4.1,10,34,https://place.map.kakao.com/1366601562,서울 노원구 동일로 1417 1층,커피전문점,37.6549923,127.0599384,4
254,고전한방삼계탕 노원점,1.0,6,12,https://place.map.kakao.com/16328989,서울 노원구 노해로 517,삼계탕,37.6556456,127.0653791,0
255,일차돌 노원점,3.0,8,56,https://place.map.kakao.com/1578507699,서울 노원구 노해로81길 12-21 1층,"육류,고기",37.655781,127.0641648,0
256,또와순두부수제비,3.0,6,34,https://place.map.kakao.com/16646116,서울 노원구 노해로85길 10-8,실내포장마차,37.6558732,127.0655667,0
257,카페멍스 노원점,4.3,16,6,https://place.map.kakao.com/552228863,서울 노원구 상계로5길 19 2층 201호,카페,37.6569224,127.0635645,4
258,이오냉면,2.1,7,41,https://place.map.kakao.com/12048553,서울 노원구 상계로1길 38-11,냉면,37.6579356,127.0620399,0
259,시골집,3.0,8,8,https://place.map.kakao.com/14526286,서울 노원구 동일로236길 11,"해물,생선",37.6736325,127.0561846,0
260,올드델리 노원점,3.7,10,32,https://place.map.kakao.com/11480937,서울 노원구 노해로85길 14 상계제일빌딩 2층,인도음식,37.6560254,127.0652363,5
261,태양부양꼬치 수락산점,3.9,7,85,https://place.map.kakao.com/54342051,서울 노원구 동일로239가길 22 2층,양꼬치,37.6761185,127.0548336,1
262,대머리곱창 노원점,2.8,17,30,https://place.map.kakao.com/16057023,서울 노원구 상계로1길 62-4,"곱창,막창",37.6587254,127.0616424,0
263,어장촌생선구이,4.0,8,7,https://place.map.kakao.com/20028584,서울 노원구 노해로75길 14-17,"해물,생선",37.6546268,127.0582839,0
264,빛나는바다 수락산점,2.4,11,14,https://place.map.kakao.com/21574389,서울 노원구 동일로230가길 84,회,37.6751769,127.056741,0
265,신화주꾸미,4.0,4,24,https://place.map.kakao.com/14527395,서울 노원구 동일로 1355 상계주공2단지 상가 1층,"해물,생선",37.650402,127.057054,0
266,오케이크 노원점,5.0,4,9,https://place.map.kakao.com/1920877338,서울 노원구 상계로3길 16 동원빌딩 1층 103호,"제과,베이커리",37.6569543,127.0624784,4
267,역전할머니맥주 서울노원역점,1.8,14,19,https://place.map.kakao.com/1648050966,서울 노원구 노해로81길 16 1층,"호프,요리주점",37.6555573,127.0628801,5
268,신고집찜칼국수 상계점,5.0,4,2,https://place.map.kakao.com/827764719,서울 노원구 한글비석로 424,한식,37.6621157,127.0701422,0
269,짚신매운갈비찜 노원점,2.1,7,29,https://place.map.kakao.com/16531943,서울 노원구 노해로85길 18,갈비,37.6562115,127.0651567,0
270,시오코 노원점,3.1,7,16,https://place.map.kakao.com/20373658,서울 노원구 상계로5길 26 지하1층,"호프,요리주점",37.6570766,127.0632419,5
271,금강산 상계점,0.0,0,44,https://place.map.kakao.com/339865073,서울 노원구 동일로 1630 1층,"육류,고기",37.6739232,127.0557944,0
272,하토상의술방,2.3,3,43,https://place.map.kakao.com/1332590568,서울 노원구 상계로3길 10 한일빌딩 2층,일본식주점,37.5714235,126.9997728,2
273,화덕피자주는부대찌개 노원점,3.1,7,23,https://place.map.kakao.com/26838989,서울 노원구 상계로 59 2층,"찌개,전골",37.6561445,127.061489,0
274,백두한우곱창전문 노원점,2.6,9,29,https://place.map.kakao.com/22675486,서울 노원구 상계로 92,"곱창,막창",37.6565174,127.0651007,0
275,투썸플레이스 상계사거리점,2.3,10,5,https://place.map.kakao.com/1989237181,서울 노원구 동일로 1374 2층,커피전문점,37.6512657,127.0617521,4
276,커피나무 노원역점,3.3,8,6,https://place.map.kakao.com/919057129,서울 노원구 상계로1길 14-11,카페,37.65701790000001,127.0617489,4
277,등촌샤브칼국수 노원점,4.7,6,52,https://place.map.kakao.com/360133586,서울 노원구 동일로218길 17 2층,샤브샤브,37.6538373,127.0617571,0
278,구석집 노원1호점,3.8,6,19,https://place.map.kakao.com/1674479148,서울 노원구 상계로1길 62-10 1층,"해물,생선",37.6587275,127.0619109,0
279,미스터아구,2.6,10,17,https://place.map.kakao.com/9205614,서울 노원구 덕릉로 744,아구,37.6638293,127.0765508,0
280,야채곱창춘천집닭갈비,3.2,16,19,https://place.map.kakao.com/15349377,서울 노원구 동일로245길 1,닭요리,37.6785455,127.0549071,0
281,쉐이크쉑 노원점,3.7,9,75,https://place.map.kakao.com/1429439886,서울 노원구 동일로 1414 1층,패스트푸드,37.6552101,127.0611517,3
282,커피빈 노원역점,4.2,5,11,https://place.map.kakao.com/1321281310,서울 노원구 노해로 490 길빌딩 2층,커피전문점,37.6543867,127.062431,4
283,대원집,3.0,5,17,https://place.map.kakao.com/16499980,서울 노원구 노해로85길 10-17,"육류,고기",37.6561426,127.0660234,0
284,북경,3.3,6,10,https://place.map.kakao.com/376023893,서울 노원구 동일로217가길 13 광일빌딩 2층 202호,중화요리,37.6533428,127.0596249,1
285,신닭발닭날개,4.9,9,32,https://place.map.kakao.com/25160901,서울 노원구 상계로3길 38-4 101호,닭요리,37.6577282,127.0628087,0
286,명동칼국수,2.5,6,23,https://place.map.kakao.com/1351485177,서울 노원구 상계로 93 경일빌딩 1층,국수,37.659116,127.0706964,0
287,타코비엔나,4.9,7,22,https://place.map.kakao.com/18723311,서울 노원구 상계로1길 38-11,일본식주점,37.6579356,127.0620399,2
288,참치박사 2호점,4.6,10,6,https://place.map.kakao.com/10771043,서울 노원구 노해로81길 12-33,참치회,37.6557166,127.0636511,0
289,파라솔분식,3.8,6,21,https://place.map.kakao.com/16621788,서울 노원구 상계로1길 14-17 1층,떡볶이,37.6572666,127.0618636,0
290,산채향,2.6,5,1,https://place.map.kakao.com/1799582622,서울 노원구 노해로77길 22 2층,한정식,37.655157,127.0593402,0
291,문지원의 열정스시,3.8,19,24,https://place.map.kakao.com/1179763443,서울 노원구 한글비석로 459 한보빌딩 1층,"초밥,롤",37.6640523,127.0669303,2
292,서가앤쿡 서울노원점,2.6,14,66,https://place.map.kakao.com/20026450,서울 노원구 상계로 64 지하1층,양식,37.6557064,127.0624207,3
293,다이브인브레드,4.9,14,27,https://place.map.kakao.com/1866260073,서울 노원구 한글비석로29길 31,"제과,베이커리",37.6603537,127.0695113,4
294,다마식당 노원점,2.9,8,68,https://place.map.kakao.com/22079801,서울 노원구 상계로5길 31 보광빌딩 1층,"육류,고기",37.6567871,127.0629826,0
295,디저트식탁,4.4,7,60,https://place.map.kakao.com/1927286862,서울 노원구 상계로1길 14-29 2층,디저트카페,37.6572666,127.0618636,4
296,삼시세끼 고기밥상 수락점,5.0,2,14,https://place.map.kakao.com/414125070,서울 노원구 동일로242길 17 2층,한식,37.67574949999999,127.0564707,0
297,라공방 노원점,3.6,25,51,https://place.map.kakao.com/1070623585,서울 노원구 상계로 69 101~103호,중화요리,37.6563915,127.062643,1
298,춘천골닭갈비,4.1,7,16,https://place.map.kakao.com/21237293,서울 노원구 상계로 90,닭요리,37.6563949,127.0647747,0
299,수락산풍천장어,3.5,6,121,https://place.map.kakao.com/1786457675,서울 노원구 동일로242길 48 다온빌딩 1층,장어,37.674719,127.0577409,0
300,신가네칼국수 노원본점,4.4,47,159,https://place.map.kakao.com/9199444,서울 노원구 공릉로59나길 78-14 1층,한식,37.6356584,127.0702137,0
301,해품장 팔팔장어 본점,4.4,8,62,https://place.map.kakao.com/804932066,서울 노원구 노원로 192,장어,37.6373708,127.0794606,0
302,제형면옥 하계점,2.9,36,25,https://place.map.kakao.com/84131333,서울 노원구 공릉로65길 16,냉면,37.6353337,127.0700546,0
303,마들원,2.0,9,55,https://place.map.kakao.com/1394900382,서울 노원구 공릉로62길 27-11,한식,37.6363706,127.0712902,0
304,DNJ레스토랑,3.0,10,11,https://place.map.kakao.com/21391105,서울 노원구 노원로 244 1층,중화요리,37.6394838,127.0742949,1
305,참누렁소,2.3,12,37,https://place.map.kakao.com/13094333,서울 노원구 공릉로63길 13,"육류,고기",37.634848,127.070507,0
306,태능숯불갈비,3.3,9,11,https://place.map.kakao.com/9490689,서울 노원구 한글비석로1길 37,갈비,37.6392915,127.0703463,0
307,502세컨즈카페 노원점,1.6,10,16,https://place.map.kakao.com/27583400,서울 노원구 섬밭로 232 1층,카페,37.6366317,127.066364,4
308,포앤반 하계역점,4.5,13,37,https://place.map.kakao.com/1288692596,서울 노원구 공릉로 322-3 1층,베트남음식,37.6357361,127.0715009,5
309,신고집찜칼국수 본점,3.5,13,23,https://place.map.kakao.com/9217906,서울 노원구 노원로15길 51-30,국수,37.6394183,127.0700841,0
310,신설국,3.7,3,18,https://place.map.kakao.com/7948597,서울 노원구 노원로 257 인정빌딩 2층 201호,일식집,37.6401942,127.0727915,2
311,장위동유성집 노원점,3.0,4,9,https://place.map.kakao.com/9341030,서울 노원구 한글비석로1길 68,"육류,고기",37.6392243,127.0715448,0
312,버거투버거,4.7,38,13,https://place.map.kakao.com/16877137,서울 노원구 공릉로62가길 50,햄버거,37.6370071,127.0747834,3
313,짬뽕필락 하계점,3.1,22,12,https://place.map.kakao.com/14747411,서울 노원구 공릉로70길 6 2층,중화요리,37.6391166,127.0697672,1
314,향림,2.3,12,6,https://place.map.kakao.com/8613656,서울 노원구 한글비석로 127 마린스포츠센타 2층,중화요리,37.6393913,127.0754063,1
315,카페밀크콩 하계점,3.8,15,8,https://place.map.kakao.com/1874910506,"서울 노원구 공릉로59나길 48-8 1,2층",카페,37.635236,127.0699017,4
316,허니돈,4.6,7,30,https://place.map.kakao.com/1353431124,서울 노원구 한글비석로 57 세이브존 지하1층,분식,37.636639,127.0684032,0
317,영덕물회전문,5.0,6,2,https://place.map.kakao.com/16051496,서울 노원구 공릉로58길 63,회,37.63516389999999,127.0720746,0
318,맥도날드 한신점,2.4,8,7,https://place.map.kakao.com/1372576235,서울 노원구 한글비석로 57,패스트푸드,37.6378958,127.0686347,3
319,스시준,3.5,14,12,https://place.map.kakao.com/21697154,서울 노원구 공릉로70길 8-3,일식,37.6391359,127.0700366,2
320,태능우렁쌈밥 하계점,2.4,5,10,https://place.map.kakao.com/20198541,서울 노원구 한글비석로1길 37 2층,쌈밥,37.6392915,127.0703463,0
321,스시다네,2.4,12,4,https://place.map.kakao.com/681342661,서울 노원구 한글비석로1길 33,일식집,37.639115,127.0703655,2
322,돈까스클럽 서울온천점,3.0,4,19,https://place.map.kakao.com/19567834,서울 노원구 노원로 247 1층,"돈까스,우동",37.6394137,127.0734006,0
323,스시앤모어,4.5,8,13,https://place.map.kakao.com/1601120420,서울 노원구 공릉로62가길 14,일식집,37.6367492,127.0741221,2
324,달밭소곱창,4.6,5,12,https://place.map.kakao.com/27589889,서울 노원구 한글비석로1길 68 타임빌딩 1층,"곱창,막창",37.6392243,127.0715448,0
325,참한우본가,5.0,1,3,https://place.map.kakao.com/20748479,서울 노원구 공릉로58가길 14,"육류,고기",37.6362238,127.0727956,0
326,닭한마리,5.0,1,10,https://place.map.kakao.com/1322840522,서울 노원구 공릉로70길 12,닭요리,37.6392575,127.0701473,0
327,카페인중독 노원점,4.3,3,5,https://place.map.kakao.com/1018192221,서울 노원구 공릉로58길 126,커피전문점,37.6361361,127.0751658,4
328,웅가네 개성김치녹차삼겹살,5.0,3,8,https://place.map.kakao.com/11181285,서울 노원구 공릉로59길 15 웅진상가동 1층 102호,삼겹살,37.6331134,127.0710645,0
329,하남돼지집 노원하계점,1.8,12,11,https://place.map.kakao.com/344763652,서울 노원구 한글비석로1길 51,삼겹살,37.6399817,127.0704612,0
330,퀴헨,3.8,6,5,https://place.map.kakao.com/612388833,서울 노원구 공릉로58길 120,한식,37.6359702,127.0749231,0
331,해주곰탕 하계직영점,3.3,9,4,https://place.map.kakao.com/9583651,서울 노원구 공릉로 360,곰탕,37.6388515,127.0697411,0
332,진미능이백숙,4.0,1,9,https://place.map.kakao.com/101202542,서울 노원구 한글비석로1길 69 2층,닭요리,37.6406843,127.0702032,0
333,대박짬뽕마을,3.4,11,13,https://place.map.kakao.com/22136835,서울 노원구 공릉로58가길 17,중식,37.6362335,127.0723094,1
334,BHC치킨 하계점,2.1,7,3,https://place.map.kakao.com/27346439,서울 노원구 공릉로58길 103 1층,치킨,37.6357359,127.0741103,0
335,크로븐,4.9,7,11,https://place.map.kakao.com/1123976973,서울 노원구 공릉로59가길 23 1층,"제과,베이커리",37.6344522,127.0708258,4
336,한동길감자탕,5.0,2,3,https://place.map.kakao.com/573195318,서울 노원구 공릉로70길 8-3,감자탕,37.6391359,127.0700366,0
337,식상가,5.0,3,11,https://place.map.kakao.com/289758101,서울 노원구 공릉로70길 10 2층,중식,37.63911909999999,127.0702,1
338,조선화로집 하계점,2.5,4,15,https://place.map.kakao.com/1865351623,서울 노원구 노원로 248 삼정이오니아빌딩 2층,"육류,고기",37.6399026,127.0738093,0
339,카페다온,2.3,3,1,https://place.map.kakao.com/27514125,서울 노원구 공릉로65길 20 1층,카페,37.6351772,127.069984,4
340,참이맛감자탕 하계점,2.5,8,8,https://place.map.kakao.com/179589959,서울 노원구 한글비석로 24,감자탕,37.6332505,127.0656144,0
341,온천골,3.4,5,9,https://place.map.kakao.com/9945752,서울 노원구 노원로 254,한식,37.6401491,127.0735275,0
342,교촌치킨 하계1호점,3.2,6,1,https://place.map.kakao.com/16617677,서울 노원구 한글비석로 89 청구상가 201동 101호,치킨,37.6371388,127.0609039,0
343,맘스터치 노원하계점,3.3,6,3,https://place.map.kakao.com/306286759,서울 노원구 노원로 257,패스트푸드,37.6402321,127.0727435,3
344,이디야커피 하계을지점,3.8,6,0,https://place.map.kakao.com/2125679465,서울 노원구 공릉로 326,커피전문점,37.6358505,127.0711596,4
345,리즈,5.0,2,7,https://place.map.kakao.com/1343092290,서울 노원구 공릉로58길 87,카페,37.6356082,127.0732258,4
346,분식사,4.8,5,9,https://place.map.kakao.com/1903131027,서울 노원구 공릉로59길 15 웅천종합상가 116호,분식,37.6324173,127.0710975,0
347,제로포인트제로,5.0,6,17,https://place.map.kakao.com/1893856194,서울 노원구 공릉로62길 19 1층,카페,37.6362158,127.0720673,4
348,박가네왕족발보쌈,4.5,2,5,https://place.map.kakao.com/7896706,서울 노원구 한글비석로 24,"족발,보쌈",37.6332505,127.0656144,0
349,낙지마당 하계점,3.0,2,6,https://place.map.kakao.com/1315879554,서울 노원구 공릉로70길 6,"해물,생선",37.6391166,127.0697672,0
350,이삭토스트 서울하계점,3.0,2,2,https://place.map.kakao.com/12587622,서울 노원구 노원로 254 103호,토스트,37.6401491,127.0735275,0
351,스시조,2.5,4,4,https://place.map.kakao.com/912752933,서울 노원구 노원로 244 2층,일식,37.6394838,127.0742949,2
352,버거킹 하계점,0.0,0,0,https://place.map.kakao.com/2047416101,서울 노원구 노원로 236,패스트푸드,37.639063,127.0750967,3
353,등나무집흑염소전문점,2.8,4,0,https://place.map.kakao.com/20743871,서울 노원구 한글비석로1길 21-1,"육류,고기",37.63854060000001,127.0704134,0
354,돈까스가게,4.0,11,5,https://place.map.kakao.com/2000861638,서울 노원구 공릉로 304,"돈까스,우동",37.6342228,127.0720172,0
355,캔모아,0.0,0,0,https://place.map.kakao.com/830992641,서울 노원구 공릉로 351 노원세이브존 지하1층,술집,37.636639,127.0684032,5
356,전복한상,4.0,3,1,https://place.map.kakao.com/233902353,서울 노원구 한글비석로1길 27,"굴,전복",37.638897,127.0703659,0
357,단수이대왕카스테라,4.0,3,0,https://place.map.kakao.com/653404462,서울 노원구 섬밭로 196 상가동1층 112호,"제과,베이커리",37.6336102,127.0678022,4
358,파리바게뜨 하계미성점,3.0,1,0,https://place.map.kakao.com/15178011,서울 노원구 공릉로59길 18 삼성씨티빌,"제과,베이커리",37.6336949,127.0706808,4
359,마왕족발 하계점,4.5,2,3,https://place.map.kakao.com/1932725185,서울 노원구 섬밭로 196 장미아파트 6단지 상가 101-2,"족발,보쌈",37.6335004,127.0675144,0
360,파리바게뜨 하계중앙점,1.0,1,0,https://place.map.kakao.com/12344288,서울 노원구 노원로 254 부광프라자 104호,"제과,베이커리",37.6401491,127.0735275,4
361,푸라닭치킨 하계점,5.0,1,1,https://place.map.kakao.com/1448240289,서울 노원구 노원로 248,치킨,37.6399026,127.0738093,0
362,미락시골밥상,3.0,3,15,https://place.map.kakao.com/16063587,서울 노원구 공릉로65길 10,한식,37.6355689,127.0704085,0
363,이디야커피 하계온천점,0.0,0,1,https://place.map.kakao.com/1322523550,서울 노원구 노원로 257 1층 104호,커피전문점,37.6402321,127.0727435,4
364,목포세꼬시,4.0,4,0,https://place.map.kakao.com/16620056,서울 노원구 한글비석로 24,회,37.6332505,127.0656144,0
365,소문난순대국,2.7,7,2,https://place.map.kakao.com/16061472,서울 노원구 공릉로58길 87 101호,순대,37.6356082,127.0732258,0
366,BBQ 하계점,2.3,3,1,https://place.map.kakao.com/1005038269,서울 노원구 노원로 248 삼정이오니아오피스텔 1층,치킨,37.6399026,127.0738093,0
367,구르미베이비카페,0.0,0,3,https://place.map.kakao.com/65343669,서울 노원구 공릉로 358-5,카페,37.638839,127.0699826,4
368,와플대학 하계장미캠퍼스,4.2,5,2,https://place.map.kakao.com/653216016,서울 노원구 섬밭로 196,"제과,베이커리",37.6336102,127.0678022,4
369,꾸꾸루꾸바베큐 하계점,4.0,1,5,https://place.map.kakao.com/16875454,서울 노원구 섬밭로 196 장미아파트상가 116,치킨,37.6335004,127.0678755,0
370,반찬카페 하계동규빈맘,3.0,2,0,https://place.map.kakao.com/551040937,서울 노원구 공릉로58길 87 1층,한식뷔페,37.6356082,127.0732258,0
371,진도리닭도리탕 노원점,0.0,0,2,https://place.map.kakao.com/1314046617,서울 노원구 한글비석로1길 81-4 1층,닭요리,37.641463,127.0702377,0
372,오이시돈카츠,3.3,4,3,https://place.map.kakao.com/1494463248,서울 노원구 공릉로59가길 29-1,"돈까스,우동",37.6345334,127.0707285,0
373,이리로,5.0,2,6,https://place.map.kakao.com/201780787,서울 노원구 공릉로 358-7 1층,양식,37.638833,127.0702512,3
374,정차돌 하계점,3.7,3,3,https://place.map.kakao.com/933790647,서울 노원구 한글비석로1길 33,"육류,고기",37.639115,127.0703655,0
375,참맛깔곱창,3.3,4,4,https://place.map.kakao.com/913915997,서울 노원구 섬밭로 232,"곱창,막창",37.6366317,127.066364,0
376,삼거리식당,5.0,1,1,https://place.map.kakao.com/16820289,서울 노원구 공릉로58길 82,한식,37.6354062,127.0729757,0
377,본죽 하계점,2.3,7,0,https://place.map.kakao.com/16003688,서울 노원구 노원로 248 삼성이오니아 오피스텔 106호,죽,37.6399026,127.0738093,0
378,메가커피 노원을지병원점,0.0,0,0,https://place.map.kakao.com/693268371,서울 노원구 공릉로 324-2 1층,커피전문점,37.6356173,127.0711761,4
379,파리바게뜨 하계벽산점,0.0,0,1,https://place.map.kakao.com/18134200,서울 노원구 섬밭로 209 건영아파트상가,"제과,베이커리",37.6487209,127.0743189,4
380,키즈런,0.0,0,1,https://place.map.kakao.com/23522134,서울 노원구 공릉로59길 15,키즈카페,37.6331134,127.0710645,4
381,김밥친구라면,3.0,3,0,https://place.map.kakao.com/16559454,서울 노원구 공릉로58길 131,분식,37.6363924,127.0753348,0
382,통짬뽕,2.3,3,0,https://place.map.kakao.com/16414710,서울 노원구 공릉로58가길 4,중화요리,37.6357477,127.0730904,1
383,삼거리실내포차,0.0,0,0,https://place.map.kakao.com/18876027,서울 노원구 공릉로58가길 19,실내포장마차,37.6361729,127.0723906,0
384,서울집,1.0,2,11,https://place.map.kakao.com/421061895,서울 노원구 공릉로 326-5,닭요리,37.6360718,127.0712192,0
385,달밭두루치기,0.0,0,3,https://place.map.kakao.com/16051287,서울 노원구 한글비석로1길 68,"불고기,두루치기",37.6392243,127.0715448,0
386,주도락,5.0,1,5,https://place.map.kakao.com/27299117,서울 노원구 공릉로 358-5 1층,"호프,요리주점",37.638839,127.0699826,5
387,양자강,2.7,3,1,https://place.map.kakao.com/8490458,서울 노원구 공릉로59길 15 3층,중화요리,37.6331134,127.0710645,1
388,카레테이블 과기대점,4.1,7,2,https://place.map.kakao.com/92416175,서울 노원구 공릉로58길 117 2층,퓨전일식,37.636035,127.0746833,2
389,고향숯불소갈비살,4.2,5,5,https://place.map.kakao.com/21331883,서울 노원구 섬밭로 196 장미아파트상가 1층,갈비,37.6335004,127.0678755,0
390,커피랑파이랑 1호점,5.0,2,1,https://place.map.kakao.com/16066588,서울 노원구 한글비석로1길 28,커피전문점,37.6392243,127.0715448,4
391,갑식이네착한낙지,1.0,1,19,https://place.map.kakao.com/1291628371,서울 노원구 노원로 247,"해물,생선",37.6394137,127.0734006,0
392,던킨도너츠 노원세이브존점,4.3,3,1,https://place.map.kakao.com/13042003,서울 노원구 한글비석로 57 노원세이브존 지하1층,도넛,37.636639,127.0684032,4
393,빅스타피자,0.0,0,0,https://place.map.kakao.com/1521817565,서울 노원구 공릉로58길 41,피자,37.6341786,127.0722341,3
394,속초세꼬시,3.0,1,0,https://place.map.kakao.com/16269584,서울 노원구 공릉로70길 6,회,37.6391166,127.0697672,0
395,도마우에,0.0,0,3,https://place.map.kakao.com/1162196929,서울 노원구 공릉로59가길 28,일본식주점,37.634591,127.070943,2
396,이디야커피 세이브존노원점,0.0,0,0,https://place.map.kakao.com/1530972537,서울 노원구 한글비석로 57 지하1층,커피전문점,37.6378958,127.0686347,4
397,처갓집양념치킨 하계점,5.0,1,3,https://place.map.kakao.com/1406722757,서울 노원구 공릉로58길 176 우방아파트 상가동 101호,치킨,37.625996,127.08608,0
398,우스타그램,3.8,5,14,https://place.map.kakao.com/1586050005,서울 노원구 섬밭로 196,"육류,고기",37.6336102,127.0678022,0
399,터틀힐,5.0,3,0,https://place.map.kakao.com/818233574,서울 노원구 공릉로58길 106 1층,샌드위치,37.63556639999999,127.0742177,3
400,네네치킨 하계1점,2.0,2,2,https://place.map.kakao.com/10191883,서울 노원구 공릉로59가길 28,치킨,37.634591,127.070943,0
401,카페리노,5.0,1,0,https://place.map.kakao.com/2039394114,서울 노원구 동일로207길 186,커피전문점,37.6362848,127.0613593,4
402,골마을남원추어탕,0.0,0,4,https://place.map.kakao.com/1365658433,서울 노원구 노원로 248,추어,37.6399026,127.0738093,0
403,참죽,0.0,0,0,https://place.map.kakao.com/1726306811,서울 노원구 공릉로 324-2 2층,죽,37.6356173,127.0711761,0
404,감나무아래,4.2,5,3,https://place.map.kakao.com/706132623,서울 노원구 공릉로70길 8-4,카페,37.6390577,127.0698393,4
405,혜성식당,0.0,0,0,https://place.map.kakao.com/1182342645,서울 노원구 노원로16길 21 중계주공9단지아파트 제1상가,"육류,고기",37.6428883,127.0737358,0
406,고릴라김밥시즌3,2.5,4,0,https://place.map.kakao.com/491727771,서울 노원구 노원로 248,분식,37.6399026,127.0738093,0
407,예노,0.0,0,1,https://place.map.kakao.com/1428401059,서울 노원구 공릉로58길 117,카페,37.636035,127.0746833,4
408,돌마루,4.8,4,2,https://place.map.kakao.com/12826383,서울 노원구 노원로15길 51-25,"육류,고기",37.6405713,127.0700539,0
409,하계생오리,5.0,3,1,https://place.map.kakao.com/2132841003,서울 노원구 한글비석로 91 2층,오리,37.6392243,127.0715448,0
410,비젼,5.0,4,0,https://place.map.kakao.com/1256088844,서울 노원구 공릉로58가길 12,한식,37.6360746,127.0729493,0
411,멕시칸라이브그릴,0.0,0,2,https://place.map.kakao.com/2049891492,서울 노원구 공릉로58길 87 102호,"육류,고기",37.6356082,127.0732258,0
412,피자엔,2.7,3,0,https://place.map.kakao.com/21541471,서울 노원구 한글비석로 57,피자,37.6378958,127.0686347,3
413,버무리 하계점,3.0,2,0,https://place.map.kakao.com/1734958783,서울 노원구 노원로 254 부광프라자 105호,떡볶이,37.6401491,127.0735275,0
414,스시선,5.0,1,2,https://place.map.kakao.com/683305507,서울 노원구 한글비석로 57 세이브존 지하1층,"초밥,롤",37.636639,127.0684032,2
415,터프커피(tuff coffee),4.0,1,2,https://place.map.kakao.com/1626748095,서울 노원구 공릉로58길 122,음식점,37.6360424,127.0750571,0
416,마시내탕수육&파닭,0.0,0,0,https://place.map.kakao.com/1729417527,서울 노원구 한글비석로 91,중화요리,37.6392243,127.0715448,1
417,수내닭꼬치 과기대점,0.0,0,2,https://place.map.kakao.com/158311561,서울 노원구 공릉로62가길 64 대영빌딩 1층,닭요리,37.5210579,126.9297678,0
418,바다속풍경,5.0,1,4,https://place.map.kakao.com/798666614,서울 노원구 공릉로58길 99,일식,37.6356799,127.0739841,2
419,티바두마리치킨 하계점,2.3,3,2,https://place.map.kakao.com/18465256,서울 노원구 공릉로58길 97 101호,치킨,37.6356428,127.073844,0
420,피자스톰 노원점,5.0,3,4,https://place.map.kakao.com/1058645266,서울 노원구 한글비석로1길 81-4,음식점,37.641463,127.0702377,0
421,페리카나 서울온천점,3.7,3,1,https://place.map.kakao.com/8134892,서울 노원구 노원로16길 21 중계주공9단지아파트 상가 1층 104호,치킨,37.6428883,127.0737358,0
422,에디슨DHA치킨 하계1호점,4.0,5,0,https://place.map.kakao.com/10570377,서울 노원구 섬밭로 196,치킨,37.6336102,127.0678022,0
423,청록영양탕,0.0,0,0,https://place.map.kakao.com/20744434,서울 노원구 공릉로58길 69,"사철탕,영양탕",37.6353814,127.0722293,0
424,마들순대국,0.0,0,0,https://place.map.kakao.com/20741507,서울 노원구 공릉로 326-5,순대,37.6360718,127.0712192,0
425,휘드카페 하계점,5.0,1,0,https://place.map.kakao.com/969790715,서울 노원구 공릉로58길 108,카페,37.6356282,127.0743937,4
426,크리스피자,5.0,1,1,https://place.map.kakao.com/12450397,서울 노원구 섬밭로 232,피자,37.6366317,127.066364,3
427,땡기네,5.0,3,2,https://place.map.kakao.com/63060212,서울 노원구 한글비석로1길 68,"곱창,막창",37.6392243,127.0715448,0
428,갑분식,0.0,0,8,https://place.map.kakao.com/13349332,서울 노원구 섬밭로 196 장미6단지상가 101-5호,분식,37.6336102,127.0678022,0
429,향촌 오리숯불회전구이,0.0,0,0,https://place.map.kakao.com/18437383,서울 노원구 공릉로58길 21,오리,37.6335701,127.0724343,0
430,채선당 샤브보트 세이브존노원점,5.0,1,5,https://place.map.kakao.com/2081831400,서울 노원구 한글비석로 57 지하1층,샤브샤브,37.6378958,127.0686347,0
431,치킨신드롬 중계점,0.0,0,1,https://place.map.kakao.com/13148279,서울 노원구 섬밭로 232 우성상가 109호,치킨,37.6366317,127.066364,0
432,커피하우스,1.8,5,1,https://place.map.kakao.com/27494197,서울 노원구 한글비석로1길 69,카페,37.6406843,127.0702032,4
433,짱스1인샤브샤브,5.0,1,3,https://place.map.kakao.com/1208647522,서울 노원구 공릉로 326-11,샤브샤브,37.6361755,127.0715771,0
434,깜닭치킨 하계점,0.0,0,2,https://place.map.kakao.com/2091449297,서울 노원구 한글비석로1길 59,치킨,37.6402884,127.0705038,0
435,두찜 노원하계점,3.0,2,17,https://place.map.kakao.com/602105620,서울 노원구 공릉로58길 88 1층,닭요리,37.6354352,127.0732257,0
436,조아애떡볶이 하계중앙점,0.0,0,0,https://place.map.kakao.com/262072037,서울 노원구 한글비석로 91 상가동 106호,떡볶이,37.6392243,127.0715448,0
437,치킨 더주모리 하계점,0.0,0,0,https://place.map.kakao.com/27494195,서울 노원구 노원로15길 43 1층,치킨,37.6407975,127.070059,0
438,정가네한방왕족발,0.0,0,3,https://place.map.kakao.com/1278461407,서울 노원구 노원로15길 51-30,"족발,보쌈",37.6394183,127.0700841,0
439,스시류,0.0,0,0,https://place.map.kakao.com/1926053950,서울 노원구 공릉로58길 131 동방빌딩 1층,"초밥,롤",37.6363924,127.0753348,2
440,안동반점,0.0,0,0,https://place.map.kakao.com/16676403,서울 노원구 섬밭로 232,중화요리,37.6366317,127.066364,1
441,추풍령맛감자탕 하계점,0.0,0,0,https://place.map.kakao.com/8164071,서울 노원구 공릉로 326-11,감자탕,37.6361755,127.0715771,0
442,한상차림,0.0,0,0,https://place.map.kakao.com/27513970,서울 노원구 공릉로62길 27-11,오리,37.6363706,127.0712902,0
443,공방카페 림,0.0,0,0,https://place.map.kakao.com/27349728,서울 노원구 공릉로58길 106 1층,카페,37.63556639999999,127.0742177,4
444,진참치,5.0,1,1,https://place.map.kakao.com/1640993908,서울 노원구 한글비석로1길 61,참치회,37.6403697,127.0704144,0
445,쌀통닭 하계점,3.3,3,2,https://place.map.kakao.com/225608909,서울 노원구 공릉로70길 10,치킨,37.63911909999999,127.0702,0
446,카페 쿼리,5.0,2,0,https://place.map.kakao.com/238097997,서울 노원구 공릉로58길 122 1층,카페,37.6360424,127.0750571,4
447,카페일분 하계점,5.0,1,0,https://place.map.kakao.com/80658833,서울 노원구 공릉로59길 15 1층 114호,카페,37.6331134,127.0710645,4
448,카페친구네집,5.0,2,0,https://place.map.kakao.com/576688140,서울 노원구 공릉로58길 23 1층,카페,37.6337152,127.072437,4
449,얌샘김밥 노원세이브존점,1.7,3,0,https://place.map.kakao.com/1047838694,서울 노원구 한글비석로 57,분식,37.6378958,127.0686347,0
450,연어시장,4.4,38,71,https://place.map.kakao.com/27487698,서울 노원구 석계로 13,회,37.6160187,127.0643088,0
451,무명칼국수,4.3,30,73,https://place.map.kakao.com/16820063,서울 노원구 석계로7길 4,국수,37.6166696,127.0638906,0
452,엄마마늘보쌈,4.1,17,39,https://place.map.kakao.com/19338611,서울 노원구 석계로 16,"족발,보쌈",37.6162877,127.0644753,0
453,화로상회,3.3,8,13,https://place.map.kakao.com/27503771,서울 노원구 광운로 37,"육류,고기",37.6207876,127.0586112,0
454,마떡다이천 광운대본점,4.5,19,13,https://place.map.kakao.com/1433789219,서울 노원구 석계로 106 1층,분식,37.6230986,127.060398,0
455,3900착한초밥,4.0,17,15,https://place.map.kakao.com/1465489061,서울 노원구 광운로1길 26,"초밥,롤",37.6192923,127.05607,2
456,스시다온,4.1,16,57,https://place.map.kakao.com/1660204183,서울 노원구 석계로 9 2층,"초밥,롤",37.61565,127.0644018,2
457,1일1잔,5.0,3,9,https://place.map.kakao.com/485967615,서울 노원구 광운로2길 6 1층,디저트카페,37.6180605,127.0574109,4
458,라무야끼,4.0,5,51,https://place.map.kakao.com/1867396584,서울 노원구 석계로3길 15-1,"육류,고기",37.615677,127.0637105,0
459,스타벅스 월계역점,2.9,16,6,https://place.map.kakao.com/1516356548,서울 노원구 초안산로2라길 26 104~106호,커피전문점,37.63115310000001,127.0577021,4
460,서민초밥,3.8,10,38,https://place.map.kakao.com/417526658,서울 노원구 석계로3길 17,"초밥,롤",37.6158483,127.0636041,2
461,투썸플레이스 석계역점,2.4,13,6,https://place.map.kakao.com/18513082,서울 노원구 석계로1길 10 2층,커피전문점,37.6155882,127.0640979,4
462,진정성담은양평가,3.0,2,32,https://place.map.kakao.com/1876792092,서울 노원구 석계로1길 14 2층,해장국,37.6155226,127.0638982,0
463,일심해장국 월계점,2.9,7,184,https://place.map.kakao.com/15319006,서울 노원구 석계로15길 25 한일아파트상가 108호,해장국,37.6218998,127.0613646,0
464,마루국시,3.1,8,5,https://place.map.kakao.com/11741047,서울 노원구 월계로55길 64 1층,한정식,37.633906,127.0596535,0
465,스타벅스 광운대점,3.6,9,3,https://place.map.kakao.com/17884753,서울 노원구 석계로 104,커피전문점,37.6231479,127.0607009,4
466,베트남노상식당 광운대점,3.8,13,15,https://place.map.kakao.com/133766057,서울 노원구 월계동 925,동남아음식,37.6218076,127.0603111,5
467,스시쟁이,2.8,14,10,https://place.map.kakao.com/26502291,서울 노원구 석계로 18,"초밥,롤",37.61639359999999,127.0644332,2
468,카페거실,3.4,7,19,https://place.map.kakao.com/1907430050,서울 노원구 화랑로47길 9,커피전문점,37.6157063,127.0666166,4
469,일번지포장마차,3.9,8,43,https://place.map.kakao.com/15291549,서울 노원구 화랑로 337-4,실내포장마차,37.6152064,127.0651538,0
470,육장군,4.4,5,33,https://place.map.kakao.com/27576442,서울 노원구 화랑로 337-15,"육류,고기",37.6155497,127.0650407,0
471,호재돈까스,4.4,18,35,https://place.map.kakao.com/1953570472,서울 노원구 석계로3길 15-1,"돈까스,우동",37.615677,127.0637105,0
472,슬슬커피,4.8,4,13,https://place.map.kakao.com/1682165592,서울 노원구 석계로11길 35 1층,커피전문점,37.6168277,127.0630436,4
473,서초우동 광운대역점,4.9,8,4,https://place.map.kakao.com/21556473,서울 노원구 석계로18길 23,"돈까스,우동",37.6240119,127.0606867,0
474,기와집,4.1,7,6,https://place.map.kakao.com/8690963,서울 노원구 석계로 35,한식,37.6178927,127.0637212,0
475,오메가생선구이 본점,4.3,7,17,https://place.map.kakao.com/17271272,서울 노원구 화랑로 343,"해물,생선",37.6152321,127.0660166,0
476,장군숯불족발,4.5,2,26,https://place.map.kakao.com/8073706,서울 노원구 화랑로43가길 27,"족발,보쌈",37.615009,127.0632182,0
477,마시써머거바,3.5,2,12,https://place.map.kakao.com/914234380,서울 노원구 월계동 46-3,토스트,37.6148558,127.0650279,0
478,황금오리,3.5,2,6,https://place.map.kakao.com/9630494,서울 노원구 석계로1길 22,오리,37.6155313,127.0633986,0
479,삼대냉면,3.9,7,16,https://place.map.kakao.com/16380812,서울 노원구 석계로9길 33 1층,냉면,37.6166694,127.0626265,0
480,한입삼겹살,3.0,5,1,https://place.map.kakao.com/299247092,서울 노원구 화랑로 337-4,삼겹살,37.6152064,127.0651538,0
481,왕코등갈비 석계점,3.0,4,8,https://place.map.kakao.com/23123025,서울 노원구 석계로 22,갈비,37.6168716,127.064374,0
482,미가양꼬치,4.7,6,5,https://place.map.kakao.com/13027304,서울 노원구 석계로 13-3 1층,양꼬치,37.6159043,127.0642004,1
483,맘스터치 석계역점,2.2,10,4,https://place.map.kakao.com/1367802236,서울 노원구 석계로1길 18 2층,패스트푸드,37.6155031,127.0637115,3
484,제주본가,3.5,4,5,https://place.map.kakao.com/9408821,서울 노원구 석계로1길 18,"육류,고기",37.6155031,127.0637115,0
485,애슐리퀸즈 이마트월계점,2.6,14,59,https://place.map.kakao.com/680801617,서울 노원구 마들로3길 15 이마트월계점 1층 애슐리퀸즈,패밀리레스토랑,37.6265118,127.0619079,3
486,육수당 석계역점,3.6,7,18,https://place.map.kakao.com/1892516181,서울 노원구 화랑로 343 1층 102호,국밥,37.6152321,127.0660166,0
487,초안산갈비,5.0,3,6,https://place.map.kakao.com/1635721809,서울 노원구 덕릉로60길 263,갈비,37.6297452,127.0465414,0
488,호호커피집,4.3,7,9,https://place.map.kakao.com/16421234,"서울 노원구 화랑로 337-21 1층, 2층",커피전문점,37.6158453,127.0649328,4
489,우리집,4.0,4,3,https://place.map.kakao.com/16851034,서울 노원구 광운로22길 9,한식,37.6284436,127.0592714,0
490,후아나 석계점,4.2,5,4,https://place.map.kakao.com/1671540851,서울 노원구 석계로1길 18 301호,디저트카페,37.6155031,127.0637115,4
491,친친,3.8,12,2,https://place.map.kakao.com/27475357,서울 노원구 석계로18길 10-9 2층,중화요리,37.6235883,127.0608982,1
492,샐러드조이,4.8,6,47,https://place.map.kakao.com/87024728,서울 노원구 초안산로2라길 31 BS빌딩 2층,카페,37.6311433,127.0581747,4
493,엉터리앙평해장국 석계역점,5.0,1,9,https://place.map.kakao.com/1512390559,서울 노원구 석계로1길 14,해장국,37.6155226,127.0638982,0
494,군자대한곱창 석계역점,5.0,2,25,https://place.map.kakao.com/125798933,서울 노원구 석계로 14-1 1층,"곱창,막창",37.6161232,127.064525,0
495,수해복마라탕 광운대점,4.4,16,11,https://place.map.kakao.com/961930767,서울 노원구 광운로 39 2층,중식,37.6210305,127.0588993,1
496,그남자의돼지갈비 4호점,3.7,3,10,https://place.map.kakao.com/2031372265,서울 노원구 월계로 336 2층,갈비,37.6291401,127.0578102,0
497,신연마라탕,4.3,8,6,https://place.map.kakao.com/364066914,서울 노원구 광운로 35,중식,37.62066890000001,127.0586353,1
498,여자만아구찜,3.5,2,5,https://place.map.kakao.com/534426827,서울 노원구 석계로18길 10-8,아구,37.6234861,127.0608575,0
499,아빵,4.4,7,10,https://place.map.kakao.com/27550729,서울 노원구 초안산로2라길 13,"제과,베이커리",37.6316399,127.0573935,4
500,클라우드9,4.0,4,9,https://place.map.kakao.com/20744235,서울 노원구 화랑로 337-23,이탈리안,37.6159207,127.0649047,3
501,태백마루,3.6,5,15,https://place.map.kakao.com/19176066,서울 노원구 화랑로 349 2층,닭요리,37.6153327,127.0666576,0
502,와플팝,5.0,3,1,https://place.map.kakao.com/574585945,서울 노원구 초안산로2라길 17 1층,간식,37.6315623,127.0575021,0
503,롯데리아 석계점,1.8,9,0,https://place.map.kakao.com/7857648,서울 노원구 화랑로 325,패스트푸드,37.6149164,127.0640383,3
504,빽다방 광운대점,4.3,3,4,https://place.map.kakao.com/27094505,서울 노원구 광운로 43 로얄포토빌딩 1층,커피전문점,37.6213106,127.0590011,4
505,노란오빠생각,1.0,1,0,https://place.map.kakao.com/980550235,서울 노원구 화랑로 337,떡볶이,37.6152064,127.0651538,0
506,파리바게뜨 석계역점,4.5,6,80,https://place.map.kakao.com/21656626,"서울 노원구 마들로 31 상가동 107,108,148호","제과,베이커리",37.6176466,127.0685939,4
507,하다식당 월계직영점,4.3,9,11,https://place.map.kakao.com/727616311,서울 노원구 초안산로2길 122 1층,"돈까스,우동",37.6338021,127.0582658,0
508,카페베르데 광운대본점,4.0,1,1,https://place.map.kakao.com/16298833,서울 노원구 광운로 17-3 1층,카페,37.6192718,127.0575587,4
509,싱싱오징어바다 석계역점,2.0,3,14,https://place.map.kakao.com/19839143,서울 노원구 석계로 14,"해물,생선",37.6160108,127.0645547,0
510,엘가커피 석계점,3.0,6,7,https://place.map.kakao.com/24693403,서울 노원구 석계로1길 22,카페,37.6155313,127.0633986,4
511,장어구이셀프타운,3.5,2,9,https://place.map.kakao.com/20740538,서울 노원구 화랑로45길 40,장어,37.6167711,127.065329,0
512,화돌농장,4.3,7,0,https://place.map.kakao.com/26849111,서울 노원구 광운로 133,"육류,고기",37.6282142,127.0579624,0
513,보리보리 옥선이시골밥상,1.7,3,5,https://place.map.kakao.com/11814895,서울 노원구 월계로55길 64,한식,37.633906,127.0596535,0
514,소문난곱창,4.7,3,4,https://place.map.kakao.com/13287923,서울 노원구 석계로7길 12-8 1층,"곱창,막창",37.6163437,127.0632513,0
515,용궁중화요리,2.0,7,9,https://place.map.kakao.com/8458383,서울 노원구 월계로 325,중화요리,37.6281642,127.0527347,1
516,도미노피자 월계점,4.3,4,1,https://place.map.kakao.com/26815517,서울 노원구 광운로 52,피자,37.6218638,127.0596658,3
517,꿈의김밥,4.0,6,1,https://place.map.kakao.com/866759727,서울 노원구 석계로3길 41 1층,분식,37.616447,127.0625319,0
518,스타벅스 월계트레이더스점,5.0,2,7,https://place.map.kakao.com/780657144,서울 노원구 마들로3길 17,커피전문점,37.6265118,127.0619079,4
519,써브웨이 광운대역점,1.9,7,7,https://place.map.kakao.com/2024470096,서울 노원구 광운로 57,샌드위치,37.622599,127.0595456,3
520,마포연탄불고기,4.4,9,5,https://place.map.kakao.com/21353407,서울 노원구 석계로18길 4,"불고기,두루치기",37.6232258,127.0605334,0
521,BHC치킨 월계스타점,4.2,5,1,https://place.map.kakao.com/1219738630,서울 노원구 초안산로2라길 19 201호,치킨,37.63143460000001,127.0576408,0
522,메가커피 석계역점,1.7,7,1,https://place.map.kakao.com/931744501,서울 노원구 화랑로 337 1층 103호,커피전문점,37.6152064,127.0651538,4
523,피자굽는오빠 2호점,5.0,1,27,https://place.map.kakao.com/140659618,서울 노원구 초안산로5길 12,이탈리안,37.6325296,127.0517095,3
524,백채김치찌개 석계점,3.3,7,13,https://place.map.kakao.com/27441093,서울 노원구 석계로3길 17,"찌개,전골",37.6158483,127.0636041,0
525,윤스쿡,4.8,18,14,https://place.map.kakao.com/2123663334,서울 노원구 광운로 29 2층,"돈까스,우동",37.6202851,127.0584102,0
526,교촌치킨 석계역점,1.7,13,4,https://place.map.kakao.com/16051747,서울 노원구 석계로 31,치킨,37.6175018,127.0638541,0
527,이상봉 이참치,3.1,10,14,https://place.map.kakao.com/22320179,서울 노원구 석계로 21 2층,일식,37.6166236,127.0641121,2
528,디델리 광운대점,3.0,5,11,https://place.map.kakao.com/16081384,서울 노원구 광운로 31,분식,37.6203955,127.0584779,0
529,옥남집,5.0,2,3,https://place.map.kakao.com/27524740,서울 노원구 광운로 68,한정식,37.6232768,127.0602564,0
530,커피나무,3.0,12,0,https://place.map.kakao.com/1030306506,서울 노원구 화랑로 325,커피전문점,37.6149164,127.0640383,4
531,장수국수,1.0,1,17,https://place.map.kakao.com/24997619,서울 노원구 광운로 27,국수,37.6201787,127.0582915,0
532,배스킨라빈스 석계점,3.0,5,4,https://place.map.kakao.com/26794261,서울 노원구 석계로1길 10,아이스크림,37.6155882,127.0640979,0
533,향원,4.1,10,1,https://place.map.kakao.com/19032295,서울 노원구 석계로 27,중화요리,37.6172562,127.0638991,1
534,빈대주막 석계점,3.0,2,4,https://place.map.kakao.com/16053856,서울 노원구 석계로1길 10,"호프,요리주점",37.6155882,127.0640979,5
535,청계천8가삼성곱창,4.8,4,4,https://place.map.kakao.com/374001076,서울 노원구 석계로3길 32,"곱창,막창",37.6163191,127.0630987,0
536,어반,5.0,2,11,https://place.map.kakao.com/685806660,서울 노원구 석계로3길 11 2층,"호프,요리주점",37.6157066,127.0639174,5
537,곤지암할매소머리국밥&순대국 본점,3.4,7,0,https://place.map.kakao.com/102346965,서울 노원구 월계로 338 상가 A동 101호,국밥,37.6290993,127.0586774,0
538,뚜레쥬르 카페광운대역점,4.5,2,2,https://place.map.kakao.com/814390841,서울 노원구 석계로 105,"제과,베이커리",37.6228285,127.0605396,4
539,이자카야 콤마,3.7,3,2,https://place.map.kakao.com/220378937,서울 노원구 석계로 10 2층,일본식주점,37.6157304,127.0646511,2
540,치킨에꼬치다,3.7,3,8,https://place.map.kakao.com/1036609254,서울 노원구 석계로 12 1층,치킨,37.61582569999999,127.0646182,0
541,석계3층집,4.3,3,5,https://place.map.kakao.com/26853973,서울 노원구 석계로 21 3층,오리,37.6166236,127.0641121,0
542,이디야커피 월계인덕점,0.0,0,1,https://place.map.kakao.com/1586230348,서울 노원구 광운로22길 39,커피전문점,37.6285009,127.0592932,4
543,맘스터치 월계역점,4.2,5,4,https://place.map.kakao.com/1286697365,서울 노원구 초안산로2라길 26 1층 107호,패스트푸드,37.63115310000001,127.0577021,3
544,KFC 월계이마트점,2.0,7,0,https://place.map.kakao.com/8014030,서울 노원구 마들로3길 15 2층,패스트푸드,37.62644,127.0619091,3
545,더원,3.6,5,11,https://place.map.kakao.com/152856273,서울 노원구 광운로 61,중식,37.6229034,127.0597592,1
546,노원골제주흑돼지 2호점,4.3,3,13,https://place.map.kakao.com/733033915,서울 노원구 석계로 19,"육류,고기",37.616466,127.064122,0
547,미식성,4.0,4,1,https://place.map.kakao.com/9443559,서울 노원구 광운로 9,중화요리,37.6186541,127.0572675,1
548,미아리우동집 석계역점,3.0,4,4,https://place.map.kakao.com/55284543,서울 노원구 석계로3길 27 1층,"돈까스,우동",37.6160918,127.0631899,0
549,리드브레드 석계역점,4.4,8,8,https://place.map.kakao.com/741643395,서울 노원구 화랑로 353 1층,"제과,베이커리",37.6154081,127.0669636,4
550,노랑통닭 석계역점,3.0,8,8,https://place.map.kakao.com/27430275,서울 노원구 석계로 12-1,치킨,37.6159191,127.0645876,0
551,던킨도너츠 광운대역점,3.7,3,1,https://place.map.kakao.com/21332237,서울 노원구 석계로 98-2,도넛,37.6232015,127.0616631,4
552,동대문엽기떡볶이 월계점,2.1,10,3,https://place.map.kakao.com/1346518616,서울 노원구 광운로 39 1층,떡볶이,37.6210305,127.0588993,0
553,육회공작소 석계점,2.0,2,5,https://place.map.kakao.com/27264445,서울 노원구 석계로 16,"육류,고기",37.6162877,127.0644753,0
554,햇살머믄꼬마김밥 석계역점,5.0,3,2,https://place.map.kakao.com/333894026,서울 노원구 화랑로45길 42,분식,37.6169293,127.0652806,0
555,여우곱창,5.0,1,11,https://place.map.kakao.com/13318900,서울 노원구 광운로 68,"곱창,막창",37.6232768,127.0602564,0
556,와라와라 석계역점,3.3,4,7,https://place.map.kakao.com/13082421,서울 노원구 석계로1길 14 3층,"호프,요리주점",37.6155226,127.0638982,5
557,이삭토스트 석계역점,5.0,2,2,https://place.map.kakao.com/1790780715,서울 노원구 석계로3길 21 1층,토스트,37.6159311,127.0634887,0
558,인정각,4.4,5,11,https://place.map.kakao.com/1816241497,서울 노원구 석계로3길 18 2층,중화요리,37.6159588,127.0637942,1
559,최대포소금구이,3.3,8,9,https://place.map.kakao.com/16442113,서울 노원구 석계로7길 14,"육류,고기",37.6163157,127.0635745,0
560,은빛회포차,4.0,4,3,https://place.map.kakao.com/983033146,서울 노원구 석계로3길 8,회,37.6158099,127.0642208,0
561,옛날통닭 석계점,4.0,2,2,https://place.map.kakao.com/1596819279,서울 노원구 석계로3길 36 1층,치킨,37.6163848,127.0629721,0
562,보배반점 월계점,5.0,1,1,https://place.map.kakao.com/149027499,서울 노원구 초안산로5길 12,중화요리,37.6325296,127.0517095,1
563,배스킨라빈스 광운대역점,5.0,4,1,https://place.map.kakao.com/14855950,서울 노원구 광운로 65,아이스크림,37.6231314,127.0599841,0
564,김밥천국 광운대점,2.9,8,1,https://place.map.kakao.com/10198074,서울 노원구 광운로 33,분식,37.6205277,127.0585612,0
565,공차 광운대점,3.1,8,4,https://place.map.kakao.com/1483893178,서울 노원구 광운로 20 80주년 기념관 지하1층 내 복지매장,카페,37.6194277,127.05982,4
566,신당동즉석떡볶이,4.0,1,2,https://place.map.kakao.com/21412773,서울 노원구 석계로9길 47,떡볶이,37.6162801,127.062048,0
567,홍콩반점0410 광운대동문점,0.0,0,1,https://place.map.kakao.com/1479862933,서울 노원구 석계로13길 23 부일빌딩 1층,중화요리,37.6201758,127.0615516,1
568,설빙 서울광운대점,2.0,3,1,https://place.map.kakao.com/530741465,서울 노원구 광운로 25 2층,디저트카페,37.6200275,127.058196,4
569,락궁,2.0,4,6,https://place.map.kakao.com/8314850,서울 노원구 마들로 31 그랑빌 아파트 주상가 2층,중화요리,37.6244076,127.0655937,1
570,본죽 석계역점,3.3,3,2,https://place.map.kakao.com/26310162,서울 노원구 석계로 11-1 1층,죽,37.6159083,127.0643566,0
571,e푸른선참치 석계본점,4.3,4,1,https://place.map.kakao.com/9167092,서울 노원구 석계로1길 14,참치회,37.6155226,127.0638982,0
572,춘천닭갈비,1.3,4,6,https://place.map.kakao.com/16501039,서울 노원구 석계로 11,닭요리,37.6171936,127.0632438,0
573,킹콩떡볶이 인덕대점,5.0,1,5,https://place.map.kakao.com/1755164268,서울 노원구 초안산로2길 124 1층,떡볶이,37.6338542,127.0583523,0
574,미스터피자 석계역점,0.0,0,0,https://place.map.kakao.com/44249129,서울 노원구 석계로1길 22 흥우빌딩 1층 105호,피자,37.6155026,127.0634876,3
575,싸다김밥,2.2,6,3,https://place.map.kakao.com/1385352415,서울 노원구 광운로 65,한식,37.6231314,127.0599841,0
576,신전떡볶이 광운대점,3.0,7,3,https://place.map.kakao.com/27232145,서울 노원구 광운로 52 1층,떡볶이,37.6218638,127.0596658,0
577,대명왕십리곱창,5.0,2,5,https://place.map.kakao.com/16502776,서울 노원구 석계로 18,"곱창,막창",37.61639359999999,127.0644332,0
578,노랑통닭 월계점,4.0,4,5,https://place.map.kakao.com/1664834673,서울 노원구 초안산로2라길 35,치킨,37.6310784,127.0582843,0
579,꽃제비칼국수,5.0,2,3,https://place.map.kakao.com/16297377,서울 노원구 광운로12길 13,국수,37.6212654,127.0598852,0
580,오네스토테이블,2.5,6,7,https://place.map.kakao.com/27382316,서울 노원구 월계동 925,이탈리안,37.6218076,127.0603111,3
581,언니떡볶이 동생브리또,3.0,3,5,https://place.map.kakao.com/1224186927,서울 노원구 광운로10길 3,떡볶이,37.6208615,127.0592865,0
582,서향,3.0,5,1,https://place.map.kakao.com/9163543,서울 노원구 석계로 95,중화요리,37.6229119,127.0611616,1
583,양드림,5.0,3,7,https://place.map.kakao.com/2115946682,서울 노원구 광운로2가길 1,"육류,고기",37.6174253,127.0586513,0
584,커피랑도서관 강북본점,0.0,0,3,https://place.map.kakao.com/623107528,서울 노원구 석계로 102 주원21빌딩 8층,북카페,37.6232317,127.0609242,4
585,이디야커피 석계역점,1.3,4,1,https://place.map.kakao.com/16879086,서울 노원구 석계로3길 3,커피전문점,37.6155161,127.0643253,4
586,스트릿츄러스 광운대점,4.4,5,1,https://place.map.kakao.com/2086560602,서울 노원구 광운로 21 동해문화예술회관 1층,카페,37.619745,127.0575777,4
587,착한족발 월계점,0.0,0,3,https://place.map.kakao.com/1377040460,서울 노원구 광운로 60 1층,"족발,보쌈",37.6226132,127.0599702,0
588,임자구포국수,5.0,2,5,https://place.map.kakao.com/22137056,서울 노원구 월계로 370 희성프라자 1층 122호,국수,37.6308761,127.0610421,0
589,현덕육회,4.7,6,3,https://place.map.kakao.com/1431936902,서울 노원구 화랑로47길 4,"육류,고기",37.6155352,127.0668555,0
590,진미통닭,4.0,4,2,https://place.map.kakao.com/2091088647,서울 노원구 광운로 45,치킨,37.6214621,127.0590116,0
591,메가커피 광운대역점,3.3,3,0,https://place.map.kakao.com/1950122890,서울 노원구 석계로 103,커피전문점,37.6226759,127.0607205,4
592,피자헤븐 월계점,5.0,4,34,https://place.map.kakao.com/23585237,서울 노원구 광운로 33 2층,피자,37.6205277,127.0585612,3
593,파파존스 광운대점,3.0,2,1,https://place.map.kakao.com/1333275014,서울 노원구 광운로 15 금혁빌딩 101호,피자,37.6190235,127.057606,3
594,60계 월계점,2.3,3,4,https://place.map.kakao.com/27607636,서울 노원구 마들로 31 한진한화그랑빌 주상가 지하1층,치킨,37.618141,127.068792,0
595,와플대학 광운대캠퍼스,4.0,6,9,https://place.map.kakao.com/22577995,서울 노원구 광운로 64 1층,"제과,베이커리",37.6227985,127.0601672,4
596,이삭토스트 광운대점,5.0,2,0,https://place.map.kakao.com/20748760,서울 노원구 석계로13길 23,토스트,37.6201758,127.0615516,0
597,달렉스,5.0,2,6,https://place.map.kakao.com/1139833679,서울 노원구 초안산로2라길 19-20 1층,커피전문점,37.6317619,127.0578961,4
598,본죽 월계점,5.0,5,0,https://place.map.kakao.com/15183424,서울 노원구 월계로 370 희성프라자 1층 126호,죽,37.6308761,127.0610421,0
599,지지고 광운대점,4.0,3,0,https://place.map.kakao.com/313608874,서울 노원구 광운로 27,도시락,37.6201787,127.0582915,0
600,광고온고을,3.2,5,6,https://place.map.kakao.com/16472635,서울 노원구 동일로 1065,한식,37.6251555,127.0727949,0
601,광고소문난기사식당,3.6,7,18,https://place.map.kakao.com/16268498,서울 노원구 동일로192길 30,기사식당,37.6260595,127.0750086,0
602,라라브레드 공릉점,3.7,68,364,https://place.map.kakao.com/872257394,서울 노원구 공릉로41길 32,디저트카페,37.6248229,127.0778368,4
603,경복식당,4.7,107,131,https://place.map.kakao.com/16414503,서울 노원구 공릉로39길 10,한식,37.6238783,127.0789484,0
604,공릉본점닭한마리 본점,3.9,46,76,https://place.map.kakao.com/20553565,서울 노원구 동일로 1020,닭요리,37.62114450000001,127.0747999,0
605,제일콩집,3.5,53,81,https://place.map.kakao.com/8083654,서울 노원구 동일로174길 37-8,두부전문점,37.6194809,127.0776354,0
606,에그머니,4.3,38,160,https://place.map.kakao.com/1826529353,서울 노원구 화랑로 421,양식,37.6174205,127.0743329,3
607,쪼매매운떡볶이 공릉점,4.5,81,121,https://place.map.kakao.com/16703995,서울 노원구 공릉로 208,떡볶이,37.628258,127.0777683,0
608,소문난멸치국수,3.3,48,84,https://place.map.kakao.com/13305804,서울 노원구 동일로173가길 81,국수,37.6218439,127.0724044,0
609,경회루,3.8,14,49,https://place.map.kakao.com/18722630,서울 노원구 동일로 1005 지하1층,한정식,37.6199743,127.0745687,0
610,기찻길풍경야채곱창,3.1,27,148,https://place.map.kakao.com/1137642618,서울 노원구 공릉로39길 21 1층,"곱창,막창",37.6235396,127.0782706,0
611,원조이모네연탄불곱창,2.3,42,59,https://place.map.kakao.com/21412672,서울 노원구 동일로192길 46,"곱창,막창",37.626482,127.0755743,0
612,상상과자점,3.9,28,96,https://place.map.kakao.com/1571140539,서울 노원구 동일로186길 77-7,디저트카페,37.6257193,127.0770134,4
613,아소코 공릉점,3.3,29,54,https://place.map.kakao.com/2013086833,서울 노원구 동일로184길 53 1층,일식집,37.6245824,127.0765834,2
614,참만나,4.3,8,21,https://place.map.kakao.com/20749857,서울 노원구 화랑로 443 디벨리움 3층,갈비,37.6183099,127.0765239,0
615,핏짜굽는언니 공릉점,3.0,33,58,https://place.map.kakao.com/21525800,서울 노원구 동일로198길 58 1층,피자,37.6294451,127.074714,3
616,따미커피,4.7,24,15,https://place.map.kakao.com/818423534,서울 노원구 공릉로 120,커피전문점,37.6206095,127.0785096,4
617,던모스,2.7,26,132,https://place.map.kakao.com/1520080778,서울 노원구 공릉로27길 8 1층,카페,37.6236045,127.0779443,4
618,카페드미셸,2.5,21,56,https://place.map.kakao.com/990866386,"서울 노원구 화랑로 441 미라쉘 1,2층",카페,37.6182324,127.0763006,4
619,바네하임,3.7,18,4,https://place.map.kakao.com/16999919,서울 노원구 공릉로32길 54 고려빌딩 1층,"호프,요리주점",37.6216698,127.0820557,5
620,스타벅스 공릉DT점,3.0,29,44,https://place.map.kakao.com/1826125340,서울 노원구 동일로 1015,커피전문점,37.6206884,127.0743116,4
621,멍텅구리즉석떡볶이 공릉점,2.5,18,74,https://place.map.kakao.com/27515257,서울 노원구 공릉로51길 14-2,떡볶이,37.628831,127.0763745,0
622,표준커피,4.5,20,68,https://place.map.kakao.com/153487369,서울 노원구 공릉로 119-5 이지스퀘어 1층,카페,37.6210059,127.0781524,4
623,(주)태릉풍천장어,2.2,6,26,https://place.map.kakao.com/1653381358,서울 노원구 화랑로 457,장어,37.61871319999999,127.0778613,0
624,무드쉐어,3.9,29,61,https://place.map.kakao.com/1338966452,서울 노원구 공릉로 119-23 1층 101호,카페,37.6214868,127.0778938,4
625,경성초밥,4.6,31,58,https://place.map.kakao.com/1169910256,서울 노원구 공릉로 119-5,일식,37.6210059,127.0781524,2
626,동학,4.4,8,36,https://place.map.kakao.com/16329163,서울 노원구 공릉로51길 6 1층,"호프,요리주점",37.6289979,127.0765175,5
627,공릉동도깨비,3.6,15,62,https://place.map.kakao.com/1675562479,서울 노원구 동일로178길 14,이탈리안,37.6210478,127.0754524,3
628,플랫커피,3.4,16,56,https://place.map.kakao.com/975733166,서울 노원구 공릉로39길 20 1층,커피전문점,37.6238012,127.0783025,4
629,위플랜트위커피,3.4,8,134,https://place.map.kakao.com/206091656,서울 노원구 동일로178길 59-39 2층,커피전문점,37.6227597,127.0776255,4
630,화로상회 공릉점,4.6,8,39,https://place.map.kakao.com/1677550004,서울 노원구 공릉로46길 6 현대프라자 1층 111호,"육류,고기",37.6269138,127.0796292,0
631,횡성한우정육백화점,4.4,12,68,https://place.map.kakao.com/20746565,서울 노원구 공릉로 162,"육류,고기",37.6242161,127.0797474,0
632,일상다반,2.8,34,93,https://place.map.kakao.com/27325995,서울 노원구 동일로186길 77-17,일식집,37.626126,127.0768215,2
633,아너카페,4.3,11,40,https://place.map.kakao.com/104777847,서울 노원구 동일로192다길 9,카페,37.62738119999999,127.0760299,4
634,스타벅스 공릉역,3.3,10,18,https://place.map.kakao.com/799469641,서울 노원구 동일로 1081,커피전문점,37.626337,127.0722523,4
635,파브커피,4.0,22,92,https://place.map.kakao.com/394316415,서울 노원구 동일로186길 76 1층,카페,37.6253194,127.0771452,4
636,청교옥,4.2,66,8,https://place.map.kakao.com/88388237,서울 노원구 공릉로 225 1층,냉면,37.6293475,127.0765177,0
637,오름제주고기 본점,2.8,12,87,https://place.map.kakao.com/903435269,서울 노원구 동일로192길 85,"육류,고기",37.6276162,127.0773808,0
638,오피셜커피,3.8,23,100,https://place.map.kakao.com/82447262,서울 노원구 동일로184길 69-7 1층 101호,카페,37.624986,127.0772627,4
639,국민소곱창 공릉점,4.0,5,74,https://place.map.kakao.com/2140415713,서울 노원구 동일로192길 88 오성빌딩 1층,"곱창,막창",37.65324810000001,127.0709302,0
640,네코정,3.5,13,37,https://place.map.kakao.com/1422521863,서울 노원구 동일로192길 77 동신아파트 104동 상가 2층,일식,37.627606,127.077609,2
641,생선까시,3.1,18,19,https://place.map.kakao.com/1674504332,서울 노원구 동일로191가길 22 1층,한식,37.6259402,127.0714064,0
642,본참치 태릉직영점,0.0,0,29,https://place.map.kakao.com/181738557,서울 노원구 동일로174길 7 1층,참치회,37.618866,127.0758567,0
643,르번미 태릉점,3.3,13,49,https://place.map.kakao.com/1010932244,서울 노원구 동일로 986 프레미어스엠코 102동 128호,베트남음식,37.6181739,127.0759592,5
644,공릉회수산,3.8,6,8,https://place.map.kakao.com/16906339,서울 노원구 공릉로 179,회,37.6258001,127.0796271,0
645,에슬로우커피 공릉점,4.4,8,13,https://place.map.kakao.com/27229512,서울 노원구 노원로 3 우토파크프라자 1층,커피전문점,37.6218823,127.0865752,4
646,브레드스팟,4.1,23,39,https://place.map.kakao.com/27478521,서울 노원구 공릉로 111-1,"제과,베이커리",37.6202945,127.0777443,4
647,산들바다,2.2,6,15,https://place.map.kakao.com/1232150620,서울 노원구 화랑로 443 디벨리움 2층,한정식,37.6183099,127.0765239,0
648,테르미니,3.6,14,4,https://place.map.kakao.com/26025273,서울 노원구 화랑로53길 12,양식,37.6263935,127.0941307,3
649,페페그라노,3.9,23,71,https://place.map.kakao.com/2026803402,서울 노원구 공릉로32길 5 1층,이탈리안,37.6220074,127.0795911,3
650,청학골,2.1,18,15,https://place.map.kakao.com/8580028,서울 노원구 동일로192길 6,갈비,37.625465,127.0735353,0
651,스시쟁이,3.1,13,45,https://place.map.kakao.com/21766457,서울 노원구 공릉로 197,"초밥,롤",37.6271548,127.0784174,2
652,버거킹 공릉역점,2.6,19,13,https://place.map.kakao.com/630873835,서울 노원구 동일로 1085,패스트푸드,37.6266565,127.0720931,3
653,루이스버거 공릉점,2.2,21,75,https://place.map.kakao.com/1753610905,서울 노원구 동일로192길 74 우은빌딩,햄버거,37.6270669,127.0769628,3
654,태릉양꼬치양갈비,4.1,8,16,https://place.map.kakao.com/1016347969,서울 노원구 공릉로 110 1층,양꼬치,37.6200563,127.0780452,1
655,미라쥬양과점,5.0,10,34,https://place.map.kakao.com/1840820291,서울 노원구 동일로196길 15 1층,디저트카페,37.6279992,127.0729046,4
656,로지다이닝키친,4.3,15,39,https://place.map.kakao.com/395667039,서울 노원구 공릉로43길 18 1층,일식,37.6261572,127.0785113,2
657,탐라도회,3.4,8,14,https://place.map.kakao.com/21328692,서울 노원구 동일로 1101 2층,회,37.6281456,127.0711343,0
658,맥도날드 과학기술대점,1.5,17,15,https://place.map.kakao.com/26518032,서울 노원구 공릉로 231,패스트푸드,37.6297228,127.0761199,3
659,아이엠돈까스,4.3,13,28,https://place.map.kakao.com/27404804,서울 노원구 동일로198길 60,"돈까스,우동",37.6294978,127.0748912,0
660,오누이,4.6,18,46,https://place.map.kakao.com/216150274,서울 노원구 동일로187길 12-47 1층,카페,37.62459,127.0723759,4
661,공릉우동집,3.3,18,47,https://place.map.kakao.com/16555583,서울 노원구 동일로192길 42,"돈까스,우동",37.6264176,127.0754006,0
662,알러이,4.9,27,39,https://place.map.kakao.com/1682005121,서울 노원구 공릉로43길 15,아시아음식,37.6259893,127.0787003,5
663,마포생고기,3.0,8,17,https://place.map.kakao.com/12991364,서울 노원구 동일로190길 39,"육류,고기",37.6260595,127.0750086,0
664,스타벅스 태릉입구역DT,4.5,6,8,https://place.map.kakao.com/944088477,서울 노원구 화랑로 469,커피전문점,37.619211,127.0792994,4
665,블루마일스커피로스터즈,4.0,19,47,https://place.map.kakao.com/1454424295,서울 노원구 동일로190길 65 2층,디저트카페,37.6265164,127.0766229,4
666,대마에스시,4.2,5,40,https://place.map.kakao.com/288510513,서울 노원구 동일로 1093 지층,"초밥,롤",37.6275213,127.0717221,2
667,비스킷플로어,3.8,36,61,https://place.map.kakao.com/1117657731,서울 노원구 동일로180길 61-7,카페,37.6232062,127.0775679,4
668,춘보만두,2.9,24,31,https://place.map.kakao.com/16055808,서울 노원구 섬밭로 56,한식,37.6218771,127.0718183,0
669,에이치큐브,3.9,35,14,https://place.map.kakao.com/26927344,"서울 노원구 노원로1길 73-12 지하1층,1,2층",카페,37.6204575,127.0829327,4
670,잔월,4.4,7,18,https://place.map.kakao.com/22080142,서울 노원구 동일로192길 38 지하1층,일본식주점,37.6263386,127.0752022,2
671,기린,3.9,13,1,https://place.map.kakao.com/270488437,서울 노원구 공릉로 209,일본식라면,37.6280512,127.0774797,2
672,씬머이,4.0,10,61,https://place.map.kakao.com/1714903264,서울 노원구 동일로173길 15,베트남음식,37.6182689,127.0742827,5
673,키노야 공릉점,4.4,7,7,https://place.map.kakao.com/674123744,서울 노원구 공릉로 152 1층,일본식주점,37.6234544,127.0795824,2
674,이너모스트,4.8,4,63,https://place.map.kakao.com/1910112179,서울 노원구 동일로183길 12-14 1층,카페,37.6237838,127.0729762,4
675,투썸플레이스 노원공릉점,1.6,17,6,https://place.map.kakao.com/27303578,서울 노원구 동일로192길 52,커피전문점,37.6265914,127.075846,4
676,화단과자점,4.5,13,45,https://place.map.kakao.com/1211861869,서울 노원구 동일로178길 59-25 1층 103호,"제과,베이커리",37.6221663,127.0776691,4
677,커피콩,3.6,11,15,https://place.map.kakao.com/18039621,서울 노원구 동일로193길 18,커피전문점,37.625965,127.0715727,4
678,할머니옛날보리쌈밥,4.7,11,9,https://place.map.kakao.com/9643836,서울 노원구 공릉로 133,쌈밥,37.6220368,127.0789711,0
679,아티스트웨이,4.4,9,31,https://place.map.kakao.com/547299085,서울 노원구 동일로192다길 55,카페,37.628081,127.0752256,4
680,권할머니능이흑염소,4.5,4,53,https://place.map.kakao.com/8680217,서울 노원구 공릉로41길 8,"사철탕,영양탕",37.6245834,127.0792467,0
681,원조공릉곱창,3.3,3,24,https://place.map.kakao.com/16056887,서울 노원구 동일로 1062,"곱창,막창",37.6248592,127.073493,0
682,싱싱오징어바다 과기대점,2.6,5,2,https://place.map.kakao.com/16330146,서울 노원구 동일로192길 30,"해물,생선",37.6260595,127.0750086,0
683,마롱카롱,3.5,13,44,https://place.map.kakao.com/1812102583,서울 노원구 공릉로 207 세림빌딩 2층,"제과,베이커리",37.6278624,127.0776525,4
684,백소정 공릉직영본점,3.4,19,39,https://place.map.kakao.com/1514689637,서울 노원구 동일로 1024 1층,"돈까스,우동",37.6215937,127.0746278,0
685,안시성,2.1,16,14,https://place.map.kakao.com/16906789,서울 노원구 화랑로 475,중화요리,37.6193289,127.0798609,1
686,하마돈,3.6,21,28,https://place.map.kakao.com/2006598797,서울 노원구 공릉로 153,양식,37.6237048,127.0793459,3
687,마이브라더스커피,2.5,2,20,https://place.map.kakao.com/19038710,서울 노원구 공릉로46길 28,커피전문점,37.626823,127.0817341,4
688,프랭크버거,3.5,8,7,https://place.map.kakao.com/86710461,서울 노원구 노원로1길 67 대덕프라자 1층 118호,햄버거,37.62078169999999,127.0836072,3
689,인차이나,3.3,19,11,https://place.map.kakao.com/26861724,서울 노원구 공릉로 167,중화요리,37.624873,127.0795218,1
690,등촌샤브칼국수 공릉점,4.7,18,38,https://place.map.kakao.com/1368613255,서울 노원구 공릉로 179 1층,샤브샤브,37.6258001,127.0796271,0
691,7일간의양심,4.0,12,21,https://place.map.kakao.com/118701285,서울 노원구 동일로192길 5,"스테이크,립",37.626035,127.0733753,3
692,공릉동멸치국수,3.4,8,14,https://place.map.kakao.com/21413715,서울 노원구 동일로173가길 43,국수,37.62014630000001,127.0729704,0
693,공덕관,2.4,13,22,https://place.map.kakao.com/16765207,서울 노원구 동일로192길 38,중화요리,37.6263386,127.0752022,1
694,공릉동 원조멸치국수 본점,3.2,6,6,https://place.map.kakao.com/20745752,서울 노원구 동일로195길 16,국수,37.6272947,127.0709715,0
695,굴다리 전주콩나물국밥,4.0,9,8,https://place.map.kakao.com/17209056,서울 노원구 동일로198길 32,국밥,37.6290016,127.0734268,0
696,스와레,4.0,7,14,https://place.map.kakao.com/14659962,서울 노원구 화랑로51길 20 1층,일식,37.6240491,127.0895779,2
697,하노이별 공릉점,2.8,12,23,https://place.map.kakao.com/19010252,서울 노원구 동일로174길 44,동남아음식,37.6189642,127.0779329,5
698,싹쓰리솥뚜껑김치삼겹살,3.0,10,24,https://place.map.kakao.com/20747169,서울 노원구 동일로 1020,삼겹살,37.62114450000001,127.0747999,0
699,추운돼지삼겹살 공릉점,3.7,6,10,https://place.map.kakao.com/1563510748,서울 노원구 동일로186길 77-21,삼겹살,37.6263493,127.0766873,0
700,라화방마라탕,3.8,5,22,https://place.map.kakao.com/315578128,서울 노원구 공릉로 208,중식,37.628258,127.0777683,1
701,남자서른,2.8,12,21,https://place.map.kakao.com/1917911801,서울 노원구 공릉로37길 23 1층,"호프,요리주점",37.6233679,127.0780824,5
702,아고라커피,3.6,22,63,https://place.map.kakao.com/1825626529,서울 노원구 동일로193길 14 1층,카페,37.6260239,127.0717305,4
703,스시락 2호공릉점,4.6,11,6,https://place.map.kakao.com/26838619,서울 노원구 공릉로 146 1층,"초밥,롤",37.623043,127.0795195,2
704,고씨네 서울여대점,2.7,7,22,https://place.map.kakao.com/2093975828,서울 노원구 화랑로51나길 8 203호,일식,37.6256639,127.0909662,2
705,태능고향풍천장어,3.3,4,5,https://place.map.kakao.com/16735673,서울 노원구 공릉로 101,장어,37.6192382,127.0778185,0
706,BHC치킨 태릉입구점,1.9,13,8,https://place.map.kakao.com/26580341,서울 노원구 공릉로 109 1층,치킨,37.6200889,127.0777185,0
707,만두장성,3.9,10,36,https://place.map.kakao.com/1339676000,서울 노원구 동일로180길 32 도깨비시장 나-20호,분식,37.6225575,127.0759584,0
708,우아즈,4.1,14,47,https://place.map.kakao.com/1275682622,서울 노원구 공릉로27길 72-3,테마카페,37.6243028,127.0779191,4
709,석천숯불갈비,3.6,8,12,https://place.map.kakao.com/20748983,서울 노원구 동일로 1001,갈비,37.6195497,127.0746814,0
710,우리할매떡볶이 공릉시장점,4.2,6,24,https://place.map.kakao.com/1940208491,서울 노원구 동일로180길 59 1층 02호,떡볶이,37.6229122,127.0775364,0
711,참치세상,4.4,5,28,https://place.map.kakao.com/24064837,서울 노원구 공릉로 204,참치회,37.6280519,127.0782557,0
712,꽃중년푸줏간,2.6,5,16,https://place.map.kakao.com/25085271,서울 노원구 동일로 1057,"육류,고기",37.6243369,127.0729659,0
713,루맨틱,4.4,5,42,https://place.map.kakao.com/33565585,서울 노원구 공릉로 104,"호프,요리주점",37.6195971,127.0782117,5
714,유정집 공릉점,2.0,1,2,https://place.map.kakao.com/16875802,서울 노원구 동일로173가길 65,"육류,고기",37.6211248,127.0726308,0
715,사잇길,4.8,4,23,https://place.map.kakao.com/490038053,서울 노원구 공릉로34길 109,술집,37.6256027,127.0808904,5
716,청계천8가삼성곱창,3.9,9,15,https://place.map.kakao.com/23107625,서울 노원구 공릉로38길 9,"곱창,막창",37.6232595,127.0800198,0
717,모두치킨,5.0,1,113,https://place.map.kakao.com/1127490386,서울 노원구 동일로191길 7 1층,치킨,37.6251472,127.0725435,0
718,소라분식 태릉본점,1.8,6,7,https://place.map.kakao.com/401975918,서울 노원구 화랑로51길 81 1층,분식,37.6246617,127.0875778,0
719,로지스시 공릉점,3.9,20,14,https://place.map.kakao.com/27473705,서울 노원구 동일로192길 87,일식,37.6276302,127.0775642,2
720,카페 오제트,4.1,12,51,https://place.map.kakao.com/1483345844,서울 노원구 공릉로51길 14-2 2층,카페,37.628831,127.0763745,4
721,소문난기사식당,3.6,7,18,https://place.map.kakao.com/16268498,서울 노원구 동일로192길 30,기사식당,37.6260595,127.0750086,0
722,춘천닭갈비 서울과기대점,4.8,8,13,https://place.map.kakao.com/16936111,서울 노원구 동일로192길 56,닭요리,37.6266418,127.0759598,0
723,더맛나곱창,4.6,9,9,https://place.map.kakao.com/26948094,서울 노원구 동일로198길 36 1층,"곱창,막창",37.6289933,127.073632,0
724,기가차다회집,4.0,4,8,https://place.map.kakao.com/1781898287,서울 노원구 동일로190길 65 우화빌딩 1층,회,37.6265164,127.0766229,0
725,스타쿠빙,4.7,7,6,https://place.map.kakao.com/1857538688,서울 노원구 동일로 1019,카페,37.6210311,127.0741182,4
726,마실자리 공릉철길점,3.1,7,11,https://place.map.kakao.com/544334420,서울 노원구 공릉로39길 28 1층,"호프,요리주점",37.6236134,127.0780273,5
727,유니온커피로스터,3.5,14,12,https://place.map.kakao.com/26555618,서울 노원구 동일로198길 72 1층,커피전문점,37.6295863,127.0753648,4
728,쇠뿔정육식당 공릉점,4.2,5,13,https://place.map.kakao.com/17909124,서울 노원구 공릉로20가길 1,"육류,고기",37.6195003,127.0788495,0
729,시작이밤이다,4.3,6,24,https://place.map.kakao.com/400355799,서울 노원구 동일로190길 33 현대빌라 101호,"호프,요리주점",37.6257623,127.074908,5
730,오봉족발 본점,5.0,1,2,https://place.map.kakao.com/215280197,서울 노원구 공릉로32길 4 1층,"족발,보쌈",37.6219556,127.0793131,0
731,코타브레드,3.8,11,37,https://place.map.kakao.com/1344660940,서울 노원구 공릉로 165 1층,"제과,베이커리",37.6246975,127.0795398,4
732,지금보고싶다 공릉점,5.0,2,26,https://place.map.kakao.com/1319008981,서울 노원구 동일로192길 63 2층,"호프,요리주점",37.6271208,127.0762586,5
733,엘밭,4.2,6,36,https://place.map.kakao.com/933986337,서울 노원구 섬밭로 16 201호,"제과,베이커리",37.6181634,127.0727764,4
734,뽕신 공릉동점,4.0,8,18,https://place.map.kakao.com/17247659,서울 노원구 동일로 1078,중화요리,37.6261,127.0730516,1
735,이박사왕돈까스,3.4,11,15,https://place.map.kakao.com/16498930,서울 노원구 동일로173가길 127,"돈까스,우동",37.6237906,127.071781,0
736,온고을,3.2,5,6,https://place.map.kakao.com/16472635,서울 노원구 동일로 1065,한식,37.6251555,127.0727949,0
737,원조강영숙봉평메밀촌 본점,4.6,15,16,https://place.map.kakao.com/17223169,서울 노원구 공릉로 191-6,국수,37.6268383,127.0786117,0
738,명륜진사갈비 서울공릉점,2.6,16,15,https://place.map.kakao.com/2015181783,서울 노원구 동일로 1106 2층,갈비,37.6287023,127.0718048,0
739,광성반점,3.4,8,17,https://place.map.kakao.com/15377755,서울 노원구 동일로173가길 5,중화요리,37.6184514,127.0735431,1
740,서봉포차,5.0,1,3,https://place.map.kakao.com/25548212,서울 노원구 동일로192길 58,실내포장마차,37.6267043,127.0761085,0
741,오늘손칼국수앤찜 공릉점,3.8,10,15,https://place.map.kakao.com/26418668,서울 노원구 동일로192길 5 2층,"해물,생선",37.626035,127.0733753,0
742,에이엔,5.0,3,19,https://place.map.kakao.com/1105006417,서울 노원구 동일로195길 7,"초밥,롤",37.6272934,127.0715029,2
743,태릉수산,2.3,3,7,https://place.map.kakao.com/16417877,서울 노원구 섬밭로 54,회,37.6217323,127.0718519,0
744,찬이네곱창,5.0,3,16,https://place.map.kakao.com/1064474316,서울 노원구 공릉로51길 7,"곱창,막창",37.6287363,127.0767042,0
745,오스테리아 잭팟,3.6,8,33,https://place.map.kakao.com/110604231,서울 노원구 화랑로53길 14 1층,양식,37.62653880000001,127.0940405,3
746,버거킹 화랑대역점,3.0,5,4,https://place.map.kakao.com/335629825,서울 노원구 노원로 3,패스트푸드,37.6218823,127.0865752,3
747,수돈재 공릉점,3.7,9,8,https://place.map.kakao.com/1472202260,서울 노원구 동일로192길 5 1층,"육류,고기",37.626035,127.0733753,0
748,동아맨숀,3.0,5,31,https://place.map.kakao.com/1433960184,서울 노원구 동일로184길 57,술집,37.6245844,127.0767216,5
749,써브웨이 공릉점,3.3,15,8,https://place.map.kakao.com/19658550,서울 노원구 공릉로 207,샌드위치,37.6278759,127.0776382,3
750,프린트카페 서울과기대점,0.0,0,0,https://place.map.kakao.com/1703681437,서울 노원구 공릉로 231,카페,37.6297228,127.0761199,4
751,오늘의파스타,4.4,19,25,https://place.map.kakao.com/1244697705,서울 노원구 공릉로 118 1층,이탈리안,37.6205785,127.0783378,3
