,Name,Score,Numberofscore,Review,Link,Addr1,Addr2,Typename,Latitude,Longtitude,Typenum,Dong,Challenge,Totalscore
2,경복식당,4.7,109,132,https://place.map.kakao.com/16414503,서울 노원구 공릉로39길 10,공릉동 740,한식,37.6238783,127.0789484,0,A,1,768.45
6,쪼매매운떡볶이 공릉점,4.5,80,123,https://place.map.kakao.com/16703995,서울 노원구 공릉로 208,공릉동 208-18,떡볶이,37.628258,127.0777683,0,A,1,540.0
36,청교옥,4.2,66,8,https://place.map.kakao.com/88388237,서울 노원구 공릉로 225 1층,공릉동 438-2,냉면,37.6293475,127.0765177,0,A,1,360.36
1,라라브레드 공릉점,3.8,69,365,https://place.map.kakao.com/872257394,서울 노원구 공릉로41길 32,공릉동 350-24,디저트카페,37.6248229,127.0778368,4,A,1,314.64
3,공릉본점닭한마리 본점,3.9,49,75,https://place.map.kakao.com/20553565,서울 노원구 동일로 1020,공릉동 577-10,닭요리,37.62114450000001,127.0747999,0,A,1,229.32
5,에그머니,4.3,39,162,https://place.map.kakao.com/1826529353,서울 노원구 화랑로 421,공릉동 683-14,양식,37.6175347,127.0741865,3,A,1,218.01
4,제일콩집,3.6,55,82,https://place.map.kakao.com/8083654,서울 노원구 동일로174길 37-8,공릉동 633-18,두부전문점,37.6194809,127.0776354,0,A,1,217.8
24,경성초밥,4.6,31,61,https://place.map.kakao.com/1169910256,서울 노원구 공릉로 119-5,공릉동 589-21,일식,37.6210059,127.0781524,2,A,1,213.9
60,알러이,4.9,27,39,https://place.map.kakao.com/1682005121,서울 노원구 공릉로43길 15,공릉동 408-1,아시아음식,37.6259893,127.0787003,5,A,1,198.45
15,따미커피,4.7,24,15,https://place.map.kakao.com/818423534,서울 노원구 공릉로 120,공릉동 644-24,커피전문점,37.6206095,127.0785096,4,A,1,169.2
64,비스킷플로어,3.8,36,61,https://place.map.kakao.com/1117657731,서울 노원구 동일로180길 61-7,공릉동 561-22,카페,37.6232062,127.0775679,4,A,1,164.16
69,에이치큐브,3.9,35,13,https://place.map.kakao.com/26927344,"서울 노원구 노원로1길 73-12 지하1층,1,2층",공릉동 240-243,카페,37.6204575,127.0829327,4,A,1,163.8
23,무드쉐어,3.9,29,60,https://place.map.kakao.com/1338966452,서울 노원구 공릉로 119-23 1층 101호,공릉동 589-16,카페,37.6214868,127.0778938,4,A,1,135.72
21,표준커피,4.5,20,68,https://place.map.kakao.com/153487369,서울 노원구 공릉로 119-5 이지스퀘어 1층,공릉동 589-21,카페,37.6210059,127.0781524,4,A,1,135.0
12,상상과자점,3.9,28,95,https://place.map.kakao.com/1571140539,서울 노원구 동일로186길 77-7,공릉동 504-15,디저트카페,37.6257193,127.0770134,4,A,1,131.04
88,등촌샤브칼국수 공릉점,4.7,18,37,https://place.map.kakao.com/1368613255,서울 노원구 공릉로 179 1층,공릉동 408-8,샤브샤브,37.6258001,127.0796271,0,A,1,126.9
56,오누이,4.6,18,46,https://place.map.kakao.com/216150274,서울 노원구 동일로187길 12-47 1층,공릉동 400-17,카페,37.62459,127.0723759,4,A,1,124.2
45,브레드스팟,4.1,23,39,https://place.map.kakao.com/27478521,서울 노원구 공릉로 111-1,공릉동 633-9,"제과,베이커리",37.6202945,127.0777443,4,A,1,122.59
7,소문난멸치국수,3.3,48,83,https://place.map.kakao.com/13305804,서울 노원구 동일로173가길 81,공릉동 571-16,국수,37.6218439,127.0724044,0,A,1,118.8
34,파브커피,4.0,22,92,https://place.map.kakao.com/394316415,서울 노원구 동일로186길 76 1층,공릉동 506-29,카페,37.6253194,127.0771452,4,A,1,114.4
49,페페그라노,3.9,23,77,https://place.map.kakao.com/2026803402,서울 노원구 공릉로32길 5 1층,공릉동 333-16,이탈리안,37.6220074,127.0795911,3,A,1,107.64
39,오피셜커피,3.8,23,96,https://place.map.kakao.com/82447262,서울 노원구 동일로184길 69-7 1층 101호,공릉동 506-34,카페,37.6248988,127.0772887,4,A,1,104.88
136,원조강영숙봉평메밀촌 본점,4.6,15,16,https://place.map.kakao.com/17223169,서울 노원구 공릉로 191-6,공릉동 441-40,국수,37.6268383,127.0786117,0,A,1,103.5
65,블루마일스커피로스터즈,4.0,19,47,https://place.map.kakao.com/1454424295,서울 노원구 동일로190길 65 2층,공릉동 392-21,디저트카페,37.6265164,127.0766229,4,A,1,98.8
126,로지스시 공릉점,3.9,20,14,https://place.map.kakao.com/27473705,서울 노원구 동일로192길 87,공릉동 441-152,일식,37.6276302,127.0775642,2,A,1,93.6
78,화단과자점,4.5,13,45,https://place.map.kakao.com/1211861869,서울 노원구 동일로178길 59-25 1층 103호,공릉동 587-6,"제과,베이커리",37.6221663,127.0776691,4,A,1,87.75
94,아고라커피,3.6,22,60,https://place.map.kakao.com/1825626529,서울 노원구 동일로193길 14 1층,공릉동 379-23,카페,37.6260239,127.0717305,4,A,1,87.12
50,로지다이닝키친,4.3,15,39,https://place.map.kakao.com/395667039,서울 노원구 공릉로43길 18 1층,공릉동 408-125,일식,37.6261572,127.0785113,2,A,1,83.85
68,백소정 공릉점,3.6,21,39,https://place.map.kakao.com/1514689637,서울 노원구 동일로 1024 1층,공릉동 577-7,"돈까스,우동",37.6215937,127.0746278,0,A,1,83.16
92,하마돈,3.6,21,28,https://place.map.kakao.com/2006598797,서울 노원구 공릉로 153,공릉동 345-3,양식,37.6237048,127.0793459,3,A,1,83.16
84,할머니옛날보리쌈밥,4.7,11,9,https://place.map.kakao.com/9643836,서울 노원구 공릉로 133,공릉동 336-3,쌈밥,37.6220368,127.0789711,0,A,1,77.55
105,스시락 2호공릉점,4.6,11,7,https://place.map.kakao.com/26838619,서울 노원구 공릉로 146 1층,공릉동 238-48,"초밥,롤",37.623043,127.0795195,2,A,1,75.9
113,우아즈,4.1,14,46,https://place.map.kakao.com/1275682622,서울 노원구 공릉로27길 72-3,공릉동 350-90,테마카페,37.6243028,127.0779191,4,A,1,74.62
14,핏짜굽는언니 공릉점,3.0,33,55,https://place.map.kakao.com/21525800,서울 노원구 동일로198길 58 1층,공릉동 431-4,피자,37.6294451,127.074714,3,A,1,74.25
17,바네하임,3.7,18,3,https://place.map.kakao.com/16999919,서울 노원구 공릉로32길 54 고려빌딩 1층,공릉2동 240-19,"호프,요리주점",37.6216698,127.0820557,5,A,1,73.26
55,아이엠돈까스,4.3,13,29,https://place.map.kakao.com/27404804,서울 노원구 동일로198길 60,공릉동 431-3,"돈까스,우동",37.6294978,127.0748912,0,A,1,72.67
11,아소코 공릉점,3.3,29,55,https://place.map.kakao.com/2013086833,서울 노원구 동일로184길 53 1층,공릉동 509-41,일식집,37.6245824,127.0765834,2,A,1,71.775
30,횡성한우정육백화점,4.4,12,68,https://place.map.kakao.com/20746565,서울 노원구 공릉로 162,공릉동 345-1,"육류,고기",37.6242161,127.0797474,0,A,1,68.64
9,기찻길풍경야채곱창,3.2,28,148,https://place.map.kakao.com/1137642618,서울 노원구 공릉로39길 21 1층,공릉동 351-1,"곱창,막창",37.6235396,127.0782706,0,A,1,67.2
19,스타벅스 공릉DT점,3.0,29,44,https://place.map.kakao.com/1826125340,서울 노원구 동일로 1015,공릉동 597-34,커피전문점,37.6206884,127.0743116,4,A,1,65.25
118,카페 오제트,4.1,12,51,https://place.map.kakao.com/1483345844,서울 노원구 공릉로51길 14-2 2층,공릉동 439-2,카페,37.628831,127.0763745,4,A,1,63.96
90,7일간의양심,4.0,12,21,https://place.map.kakao.com/118701285,서울 노원구 동일로192길 5,공릉동 386-6,"스테이크,립",37.626035,127.0733753,3,A,1,62.4
32,아너카페,4.3,11,41,https://place.map.kakao.com/104777847,서울 노원구 동일로192다길 9,공릉동 389-12,카페,37.62738119999999,127.0760299,4,A,1,61.49
72,기린,3.9,13,1,https://place.map.kakao.com/270488437,서울 노원구 공릉로 209,공릉동 441-18,일본식라면,37.6280512,127.0774797,2,A,1,60.84
8,경회루,3.6,15,49,https://place.map.kakao.com/18722630,서울 노원구 동일로 1005 지하1층,공릉동 597-17,한정식,37.6198888,127.0744983,0,A,1,59.4
29,공릉동도깨비,3.6,15,62,https://place.map.kakao.com/1675562479,서울 노원구 동일로178길 14,공릉동 593-3,이탈리안,37.6210478,127.0754524,3,A,1,59.4
71,춘보만두,3.0,25,31,https://place.map.kakao.com/16055808,서울 노원구 섬밭로 56,공릉동 571-30,한식,37.6218771,127.0718183,0,A,1,56.25
44,테르미니,3.6,14,4,https://place.map.kakao.com/26025273,서울 노원구 화랑로53길 12,공릉동 27-20,양식,37.6263935,127.0941307,3,A,1,55.44
128,코타브레드,3.8,11,41,https://place.map.kakao.com/1344660940,서울 노원구 공릉로 165 1층,공릉동 411-5,"제과,베이커리",37.6246975,127.0795398,4,A,1,50.16
122,유니온커피로스터,3.5,14,11,https://place.map.kakao.com/26555618,서울 노원구 동일로198길 72 1층,공릉동 434-3,커피전문점,37.6295863,127.0753648,4,A,1,49.0
31,일상다반,2.8,34,90,https://place.map.kakao.com/27325995,서울 노원구 동일로186길 77-17,공릉동 504-28,일식집,37.626126,127.0768215,2,A,1,47.6
87,인차이나,3.3,19,11,https://place.map.kakao.com/26861724,서울 노원구 공릉로 167,공릉동 411-4,중화요리,37.624873,127.0795218,1,A,1,47.025
37,네코정,3.5,13,36,https://place.map.kakao.com/1422521863,서울 노원구 동일로192길 77 동신아파트 104동 상가 2층,공릉동 745,일식,37.628077,127.0768608,2,A,1,45.5
85,마롱카롱,3.5,13,44,https://place.map.kakao.com/1812102583,서울 노원구 공릉로 207 세림빌딩 2층,공릉동 441-19,"제과,베이커리",37.6278759,127.0776382,4,A,1,45.5
59,공릉우동집,3.3,18,47,https://place.map.kakao.com/16555583,서울 노원구 동일로192길 42,공릉동 392-1,"돈까스,우동",37.6264176,127.0754006,0,A,1,44.55
82,커피콩,3.6,11,15,https://place.map.kakao.com/18039621,서울 노원구 동일로193길 18,공릉동 379-24,커피전문점,37.625965,127.0715727,4,A,1,43.56
43,생선까시,3.1,18,19,https://place.map.kakao.com/1674504332,서울 노원구 동일로191가길 22 1층,공릉동 379-25,한식,37.6259402,127.0714064,0,A,1,41.85
28,플랫커피,3.4,16,55,https://place.map.kakao.com/975733166,서울 노원구 공릉로39길 20 1층,공릉동 349-8,커피전문점,37.6238012,127.0783025,4,A,1,40.8
148,써브웨이 공릉점,3.3,15,7,https://place.map.kakao.com/19658550,서울 노원구 공릉로 207,공릉동 441-19,샌드위치,37.6278759,127.0776382,3,A,1,37.125
16,던모스,2.7,26,132,https://place.map.kakao.com/1520080778,서울 노원구 공릉로27길 8 1층,공릉동 320-107,카페,37.6213011,127.0784614,4,A,1,35.1
99,남자서른,3.1,14,21,https://place.map.kakao.com/1917911801,서울 노원구 공릉로37길 23 1층,공릉동 351-21,"호프,요리주점",37.6233679,127.0780824,5,A,1,32.55
41,르번미 태릉점,3.3,13,49,https://place.map.kakao.com/1010932244,서울 노원구 동일로 986 프레미어스엠코 102동 128호,공릉동 670-20,베트남음식,37.6185055,127.0761919,5,A,1,32.175
10,원조이모네연탄불곱창,2.3,42,58,https://place.map.kakao.com/21412672,서울 노원구 동일로192길 46,공릉동 392-2,"곱창,막창",37.626482,127.0755743,0,A,1,28.98
133,이박사왕돈까스,3.4,11,14,https://place.map.kakao.com/16498930,서울 노원구 동일로173가길 127,공릉동 492-8,"돈까스,우동",37.6237906,127.071781,0,A,1,28.05
18,카페드미셸,2.5,21,56,https://place.map.kakao.com/990866386,"서울 노원구 화랑로 441 미라쉘 1,2층",공릉동 670-25,카페,37.6181366,127.0763709,4,A,1,26.25
96,싹쓰리솥뚜껑김치삼겹살,3.1,11,24,https://place.map.kakao.com/20747169,서울 노원구 동일로 1020,공릉동 577-10,삼겹살,37.62114450000001,127.0747999,0,A,1,25.575
52,버거킹 공릉역점,2.6,19,13,https://place.map.kakao.com/630873835,서울 노원구 동일로 1085,공릉동 379-20,패스트푸드,37.6266565,127.0720931,3,A,1,24.7
20,멍텅구리즉석떡볶이 공릉점,2.5,18,73,https://place.map.kakao.com/27515257,서울 노원구 공릉로51길 14-2,공릉동 439-2,떡볶이,37.628831,127.0763745,0,A,1,22.5
139,명륜진사갈비 서울공릉점,2.6,16,15,https://place.map.kakao.com/2015181783,서울 노원구 동일로 1106 2층,공릉동 362-1,갈비,37.6287023,127.0718048,0,A,1,20.8
53,스시쟁이,2.9,14,45,https://place.map.kakao.com/21766457,서울 노원구 공릉로 197,공릉동 424-4,"초밥,롤",37.6271548,127.0784174,2,A,1,20.3
35,오름제주고기 본점,2.8,12,89,https://place.map.kakao.com/903435269,서울 노원구 동일로192길 85,공릉동 441-136,"육류,고기",37.6276162,127.0773808,0,A,1,16.8
98,하노이별 공릉점,2.8,12,23,https://place.map.kakao.com/19010252,서울 노원구 동일로174길 44,공릉동 661-15,동남아음식,37.618967,127.0779374,5,A,1,16.8
62,루이스버거 공릉점,2.2,21,72,https://place.map.kakao.com/1753610905,서울 노원구 동일로192길 74 우은빌딩,공릉동 441-92,햄버거,37.6270669,127.0769628,3,A,1,13.86
47,청학골,2.1,18,15,https://place.map.kakao.com/8580028,서울 노원구 동일로192길 6,공릉동 395-1,갈비,37.6254503,127.0733916,0,A,1,11.34
79,안시성,2.1,16,14,https://place.map.kakao.com/16906789,서울 노원구 화랑로 475,공릉동 653-20,중화요리,37.6193289,127.0798609,1,A,1,10.08
91,공덕관,2.4,13,22,https://place.map.kakao.com/16765207,서울 노원구 동일로192길 38,공릉1동 393-15,중화요리,37.6263386,127.0752022,1,A,1,9.36
74,투썸플레이스 노원공릉점,1.6,17,6,https://place.map.kakao.com/27303578,서울 노원구 동일로192길 52,공릉동 392-14,커피전문점,37.6265914,127.075846,4,A,1,8.16
58,맥도날드 과학기술대점,1.5,17,15,https://place.map.kakao.com/26518032,서울 노원구 공릉로 231,공릉동 435-2,패스트푸드,37.6297228,127.0761199,3,A,1,7.65
104,BHC치킨 태릉입구점,1.9,13,8,https://place.map.kakao.com/26580341,서울 노원구 공릉로 109 1층,공릉동 633-11,치킨,37.6200889,127.0777185,0,A,1,7.41
51,미라쥬양과점,5.0,10,35,https://place.map.kakao.com/1840820291,서울 노원구 동일로196길 15 1층,공릉동 362-12,디저트카페,37.6279992,127.0729046,4,A,0,75.0
127,더맛나곱창,4.6,9,9,https://place.map.kakao.com/26948094,서울 노원구 동일로198길 36 1층,공릉동 366-2,"곱창,막창",37.6289933,127.073632,0,A,0,62.1
121,춘천닭갈비 서울과기대점,4.8,8,13,https://place.map.kakao.com/16936111,서울 노원구 동일로192길 56,공릉동 392-27,닭요리,37.6266418,127.0759598,0,A,0,57.6
25,화로상회 공릉점,5.0,7,39,https://place.map.kakao.com/1677550004,서울 노원구 공릉로46길 6 현대프라자 1층 111호,공릉동 421-19,"육류,고기",37.6269138,127.0796292,0,A,0,52.5
67,씬머이,4.0,10,61,https://place.map.kakao.com/1714903264,서울 노원구 동일로173길 15,공릉동 683-25,베트남음식,37.6182689,127.0742827,5,A,0,52.0
76,아티스트웨이,4.4,9,32,https://place.map.kakao.com/547299085,서울 노원구 동일로192다길 55,공릉동 366-27,카페,37.6289321,127.0742094,4,A,0,51.48
13,참만나,4.3,9,21,https://place.map.kakao.com/20749857,서울 노원구 화랑로 443 디벨리움 3층,공릉동 670-7,갈비,37.6183099,127.0765239,0,A,0,50.31
106,스타쿠빙,4.7,7,7,https://place.map.kakao.com/1857538688,서울 노원구 동일로 1019,공릉동 576-18,카페,37.6210311,127.0741182,4,A,0,49.35
97,굴다리 전주콩나물국밥,4.0,9,8,https://place.map.kakao.com/17209056,서울 노원구 동일로198길 32,공릉동 366-1,국밥,37.6290016,127.0734268,0,A,0,46.8
108,만두장성,3.9,10,36,https://place.map.kakao.com/1339676000,서울 노원구 동일로180길 32 도깨비시장 나-20호,공릉동 585-1,분식,37.6224233,127.0760856,0,A,0,46.8
26,동학,4.4,8,37,https://place.map.kakao.com/16329163,서울 노원구 공릉로51길 6 1층,공릉동 439-15,"호프,요리주점",37.6289979,127.0765175,5,A,0,45.76
40,에슬로우커피 공릉점,4.4,8,14,https://place.map.kakao.com/27229512,서울 노원구 노원로 3 우토파크프라자 1층,공릉동 90-4,커피전문점,37.6218823,127.0865752,4,A,0,45.76
142,오늘손칼국수앤찜 공릉점,3.8,10,15,https://place.map.kakao.com/26418668,서울 노원구 동일로192길 5 2층,공릉동 386-6,"해물,생선",37.626035,127.0733753,0,A,0,45.6
57,태릉양꼬치양갈비,4.1,8,16,https://place.map.kakao.com/1016347969,서울 노원구 공릉로 110 1층,공릉동 644-7,양꼬치,37.6200563,127.0780452,1,A,0,42.64
120,청계천8가삼성곱창,3.9,9,17,https://place.map.kakao.com/23107625,서울 노원구 공릉로38길 9,공릉동 238-63,"곱창,막창",37.6232595,127.0800198,0,A,0,42.12
131,뽕신 공릉동점,4.0,8,18,https://place.map.kakao.com/17247659,서울 노원구 동일로 1078,공릉동 386-5,중화요리,37.6259673,127.0731269,1,A,0,41.6
70,잔월,4.4,7,18,https://place.map.kakao.com/22080142,서울 노원구 동일로192길 38 지하1층,공릉동 393-15,일본식주점,37.6263386,127.0752022,2,A,0,40.04
77,키노야 공릉점,4.4,7,7,https://place.map.kakao.com/674123744,서울 노원구 공릉로 152 1층,공릉동 340-17,일본식주점,37.6234544,127.0795824,2,A,0,40.04
63,스타벅스 태릉입구역DT,4.3,7,8,https://place.map.kakao.com/944088477,서울 노원구 화랑로 469,공릉동 653-8,커피전문점,37.619211,127.0792994,4,A,0,39.13
125,우리할매떡볶이 공릉시장점,4.3,7,27,https://place.map.kakao.com/1940208491,서울 노원구 동일로180길 59 1층 02호,공릉동 561-20,떡볶이,37.6229122,127.0775364,0,A,0,39.13
138,수돈재 공릉점,3.7,9,8,https://place.map.kakao.com/1472202260,서울 노원구 동일로192길 5 1층,공릉동 386-6,"육류,고기",37.626035,127.0733753,0,A,0,36.63
95,스와레,4.0,7,14,https://place.map.kakao.com/14659962,서울 노원구 화랑로51길 20 1층,공릉동 120-4,일식,37.6240491,127.0895779,2,A,0,36.4
123,쇠뿔정육식당 공릉점,4.3,6,12,https://place.map.kakao.com/17909124,서울 노원구 공릉로20가길 1,공릉동 644-64,"육류,고기",37.6195003,127.0788495,0,A,0,33.54
124,시작이밤이다,4.3,6,24,https://place.map.kakao.com/400355799,서울 노원구 동일로190길 33 현대빌라 101호,공릉동 393-10,"호프,요리주점",37.6257623,127.074908,5,A,0,33.54
132,엘밭,4.2,6,36,https://place.map.kakao.com/933986337,서울 노원구 섬밭로 16 201호,공릉동 609-9,"제과,베이커리",37.6181634,127.0727764,4,A,0,32.76
110,석천숯불갈비,3.6,8,13,https://place.map.kakao.com/20748983,서울 노원구 동일로 1001,공릉동 615-22,갈비,37.6195497,127.0746814,0,A,0,31.68
146,오스테리아 잭팟,3.6,8,33,https://place.map.kakao.com/110604231,서울 노원구 화랑로53길 14 1층,공릉동 27-19,양식,37.62653880000001,127.0940405,3,A,0,31.68
73,이너모스트,4.8,4,62,https://place.map.kakao.com/1910112179,서울 노원구 동일로183길 12-14 1층,공릉동 494-4,카페,37.6237838,127.0729762,4,A,0,28.8
109,참치세상,4.4,5,28,https://place.map.kakao.com/24064837,서울 노원구 공릉로 204,공릉동 705,참치회,37.6280519,127.0782557,0,A,0,28.6
116,루맨틱,4.4,5,43,https://place.map.kakao.com/33565585,서울 노원구 공릉로 104,공릉동 644-17,"호프,요리주점",37.6195971,127.0782117,5,A,0,28.6
117,사잇길,4.4,5,23,https://place.map.kakao.com/490038053,서울 노원구 공릉로34길 109,공릉동 224,술집,37.6256027,127.0808904,5,A,0,28.6
86,프랭크버거,3.5,8,7,https://place.map.kakao.com/86710461,서울 노원구 노원로1길 67 대덕프라자 1층 118호,공릉동 89-1,햄버거,37.62078169999999,127.0836072,3,A,0,28.0
107,소문난기사식당,3.6,7,18,https://place.map.kakao.com/16268498,서울 노원구 동일로192길 30,공릉동 393-5,기사식당,37.6260595,127.0750086,0,A,0,27.72
42,공릉회수산,3.8,6,9,https://place.map.kakao.com/16906339,서울 노원구 공릉로 179,공릉동 408-8,회,37.6258001,127.0796271,0,A,0,27.36
66,대마에스시,4.2,5,40,https://place.map.kakao.com/288510513,서울 노원구 동일로 1093 지층,공릉동 323-10,"초밥,롤",37.6275213,127.0717221,2,A,0,27.3
83,권할머니능이흑염소,4.5,4,53,https://place.map.kakao.com/8680217,서울 노원구 공릉로41길 8,공릉동 411-12,"사철탕,영양탕",37.6245834,127.0792467,0,A,0,27.0
144,에이엔,4.5,4,19,https://place.map.kakao.com/1105006417,서울 노원구 동일로195길 7,공릉동 379-13,"초밥,롤",37.6269585,127.0715399,2,A,0,27.0
38,국민소곱창 공릉점,4.0,5,73,https://place.map.kakao.com/2140415713,서울 노원구 동일로192길 88 오성빌딩 1층,공릉동 441-26,"곱창,막창",37.6272996,127.0775739,0,A,0,26.0
33,스타벅스 공릉역,3.3,10,18,https://place.map.kakao.com/799469641,서울 노원구 동일로 1081,공릉동 379-27,커피전문점,37.626337,127.0722523,4,A,0,24.75
100,추운돼지삼겹살 공릉점,3.7,6,10,https://place.map.kakao.com/1563510748,서울 노원구 동일로186길 77-21,공릉동 504-20,삼겹살,37.6263493,127.0766873,0,A,0,24.42
101,라화방마라탕,3.8,5,23,https://place.map.kakao.com/315578128,서울 노원구 공릉로 208,공릉동 208-18,중식,37.628258,127.0777683,1,A,0,22.8
145,찬이네곱창,5.0,3,16,https://place.map.kakao.com/1064474316,서울 노원구 공릉로51길 7,공릉동 440-11,"곱창,막창",37.6287363,127.0767042,0,A,0,22.5
149,전주식당,5.0,3,23,https://place.map.kakao.com/16589500,서울 노원구 화랑로 449-8,공릉동 661-3,"육류,고기",37.6187091,127.0773414,0,A,0,22.5
27,위플랜트위커피,3.4,8,135,https://place.map.kakao.com/206091656,서울 노원구 동일로178길 59-39 2층,공릉동 587-1,커피전문점,37.6227597,127.0776255,4,A,0,20.4
54,탐라도회,3.4,8,13,https://place.map.kakao.com/21328692,서울 노원구 동일로 1101 2층,공릉동 323-35,회,37.6281456,127.0711343,0,A,0,20.4
89,공릉동멸치국수,3.4,8,6,https://place.map.kakao.com/21413715,서울 노원구 동일로173가길 43,공릉동 604-26,국수,37.62014630000001,127.0729704,0,A,0,20.4
135,광성반점,3.4,8,17,https://place.map.kakao.com/15377755,서울 노원구 동일로173가길 5,공릉동 609-17,중화요리,37.6184514,127.0735431,1,A,0,20.4
61,마포생고기,3.0,8,17,https://place.map.kakao.com/12991364,서울 노원구 동일로190길 39,공릉동 393-5,"육류,고기",37.6260595,127.0750086,0,A,0,18.0
129,마실자리 공릉철길점,3.1,7,11,https://place.map.kakao.com/544334420,서울 노원구 공릉로39길 28 1층,공릉동 350-102,"호프,요리주점",37.6236134,127.0780273,5,A,0,16.275
134,지금보고싶다 공릉점,5.0,2,26,https://place.map.kakao.com/1319008981,서울 노원구 동일로192길 63 2층,공릉동 389-9,"호프,요리주점",37.6271208,127.0762586,5,A,0,15.0
93,공릉동 원조멸치국수 본점,3.2,6,6,https://place.map.kakao.com/20745752,서울 노원구 동일로195길 16,공릉동 323-21,국수,37.6272947,127.0709715,0,A,0,14.4
112,기가차다회집,3.4,5,8,https://place.map.kakao.com/1781898287,서울 노원구 동일로190길 65 우화빌딩 1층,공릉동 392-21,회,37.6265164,127.0766229,0,A,0,12.75
0,광고온고을,3.2,5,6,https://place.map.kakao.com/16472635,서울 노원구 동일로 1065,공릉동 398-5,한식,37.6251555,127.0727949,0,A,0,12.0
137,온고을,3.2,5,6,https://place.map.kakao.com/16472635,서울 노원구 동일로 1065,공릉동 398-5,한식,37.6251555,127.0727949,0,A,0,12.0
143,동아맨숀,3.0,5,30,https://place.map.kakao.com/1433960184,서울 노원구 동일로184길 57,공릉동 509-38,술집,37.6245844,127.0767216,5,A,0,11.25
147,버거킹 화랑대역점,3.0,5,5,https://place.map.kakao.com/335629825,서울 노원구 노원로 3,공릉동 90-4,패스트푸드,37.6218823,127.0865752,3,A,0,11.25
102,태능고향풍천장어,3.3,4,5,https://place.map.kakao.com/16735673,서울 노원구 공릉로 101,공릉동 633-15,장어,37.6192382,127.0778185,0,A,0,9.9
103,고씨네 서울여대점,2.7,7,22,https://place.map.kakao.com/2093975828,서울 노원구 화랑로51나길 8 203호,공릉동 107-138,일식,37.6247037,127.0895224,2,A,0,9.45
150,향토곱창,2.7,7,14,https://place.map.kakao.com/16819810,서울 노원구 동일로191길 10,공릉동 383-18,"곱창,막창",37.6254895,127.0723025,0,A,0,9.45
114,모두치킨,5.0,1,112,https://place.map.kakao.com/1127490386,서울 노원구 동일로191길 7 1층,공릉동 398-4,치킨,37.6251472,127.0725435,0,A,0,7.5
130,오봉족발 본점,5.0,1,2,https://place.map.kakao.com/215280197,서울 노원구 공릉로32길 4 1층,공릉동 333-7,"족발,보쌈",37.6219556,127.0793131,0,A,0,7.5
140,서봉포차,5.0,1,3,https://place.map.kakao.com/25548212,서울 노원구 동일로192길 58,공릉동 392-18,실내포장마차,37.6267043,127.0761085,0,A,0,7.5
80,원조공릉곱창,3.3,3,23,https://place.map.kakao.com/16056887,서울 노원구 동일로 1062,공릉동 499-1,"곱창,막창",37.6248592,127.073493,0,A,0,7.425
81,싱싱오징어바다 과기대점,2.6,5,2,https://place.map.kakao.com/16330146,서울 노원구 동일로192길 30,공릉동 393-5,"해물,생선",37.6260595,127.0750086,0,A,0,6.5
111,꽃중년푸줏간,2.6,5,16,https://place.map.kakao.com/25085271,서울 노원구 동일로 1057,공릉동 398-25,"육류,고기",37.6243369,127.0729659,0,A,0,6.5
22,(주)태릉풍천장어,2.2,6,26,https://place.map.kakao.com/1653381358,서울 노원구 화랑로 457,공릉동 661-7,장어,37.61871319999999,127.0778613,0,A,0,3.96
48,산들바다,2.2,6,16,https://place.map.kakao.com/1232150620,서울 노원구 화랑로 443 디벨리움 2층,공릉동 670-7,한정식,37.6183099,127.0765239,0,A,0,3.96
119,소라분식 태릉본점,1.8,6,7,https://place.map.kakao.com/401975918,서울 노원구 화랑로51길 81 1층,공릉동 110,분식,37.6246617,127.0875778,0,A,0,3.24
75,마이브라더스커피,2.5,2,20,https://place.map.kakao.com/19038710,서울 노원구 공릉로46길 28,공릉동 737,커피전문점,37.626823,127.0817341,4,A,0,2.5
141,태릉수산,2.3,3,7,https://place.map.kakao.com/16417877,서울 노원구 섬밭로 54,공릉동 571-31,회,37.6217323,127.0718519,0,A,0,2.07
115,유정집 공릉점,2.0,1,2,https://place.map.kakao.com/16875802,서울 노원구 동일로173가길 65,공릉동 573-22,"육류,고기",37.6211248,127.0726308,0,A,0,0.6
46,본참치 태릉직영점,0.0,0,29,https://place.map.kakao.com/181738557,서울 노원구 동일로174길 7 1층,공릉동 617-18,참치회,37.618866,127.0758567,0,A,0,0.0
301,연어시장,4.5,39,70,https://place.map.kakao.com/27487698,서울 노원구 석계로 13,월계동 63-5,회,37.6160187,127.0643088,0,B,1,263.25
302,무명칼국수,4.3,31,73,https://place.map.kakao.com/16820063,서울 노원구 석계로7길 4,월계동 68-79,국수,37.6166696,127.0638906,0,B,1,173.29
377,윤스쿡,4.8,18,14,https://place.map.kakao.com/2123663334,서울 노원구 광운로 29 2층,월계동 465-10,"돈까스,우동",37.6202851,127.0584102,0,B,1,129.6
306,마떡다이천 광운대본점,4.5,19,13,https://place.map.kakao.com/1433789219,서울 노원구 석계로 106 1층,월계동 379-36,분식,37.6230986,127.060398,0,B,1,128.25
322,호재돈까스,4.4,18,35,https://place.map.kakao.com/1953570472,서울 노원구 석계로3길 15-1,월계동 55,"돈까스,우동",37.6161123,127.0638353,0,B,1,102.96
340,수해복마라탕 광운대점,4.4,16,11,https://place.map.kakao.com/961930767,서울 노원구 광운로 39 2층,월계동 402-7,중식,37.6210305,127.0588993,1,B,1,91.52
303,엄마마늘보쌈,4.1,17,39,https://place.map.kakao.com/19338611,서울 노원구 석계로 16,월계동 64-10,"족발,보쌈",37.6162877,127.0644753,0,B,1,90.61
305,스시다온,4.1,16,62,https://place.map.kakao.com/1660204183,서울 노원구 석계로 9 2층,월계동 59-3,"초밥,롤",37.61565,127.0644018,2,B,1,85.28
308,3900착한초밥,3.9,18,15,https://place.map.kakao.com/1465489061,서울 노원구 광운로1길 26,월계동 497-5,"초밥,롤",37.6190613,127.0563573,2,B,1,84.24
316,베트남노상식당 광운대점,3.8,13,15,https://place.map.kakao.com/133766057,0,월계동 925,동남아음식,37.6218076,127.0603111,5,B,1,59.28
341,친친,3.8,12,2,https://place.map.kakao.com/27475357,서울 노원구 석계로18길 10-9 2층,월계동 379-2,중화요리,37.6235883,127.0608982,1,B,1,54.72
310,스타벅스 월계역점,2.9,15,6,https://place.map.kakao.com/1516356548,서울 노원구 초안산로2라길 26 104~106호,월계동 635-6,커피전문점,37.6294155,127.0574284,4,B,1,21.75
332,애슐리퀸즈 이마트월계점,2.6,16,59,https://place.map.kakao.com/680801617,서울 노원구 마들로3길 15 이마트월계점 1층 애슐리퀸즈,월계동 333-1,패밀리레스토랑,37.62644,127.0619091,3,B,1,20.8
318,스시쟁이,2.8,14,10,https://place.map.kakao.com/26502291,서울 노원구 석계로 18,월계동 64-9,"초밥,롤",37.61639359999999,127.0644332,2,B,1,19.6
379,커피나무,2.9,11,0,https://place.map.kakao.com/1030306506,서울 노원구 화랑로 325,월계동 50,커피전문점,37.6151692,127.0634212,4,B,1,15.95
312,투썸플레이스 석계역점,2.4,13,6,https://place.map.kakao.com/18513082,서울 노원구 석계로1길 10 2층,월계동 58-2,커피전문점,37.6155882,127.0640979,4,B,1,9.36
378,교촌치킨 석계역점,1.7,13,4,https://place.map.kakao.com/16051747,서울 노원구 석계로 31,월계동 73-13,치킨,37.6175018,127.0638541,0,B,1,6.63
323,서초우동 광운대역점,4.9,8,4,https://place.map.kakao.com/21556473,서울 노원구 석계로18길 23,월계동 382-3,"돈까스,우동",37.62385769999999,127.0607872,0,B,0,58.8
385,향원,4.1,10,1,https://place.map.kakao.com/19032295,서울 노원구 석계로 27,월계동 73-17,중화요리,37.6172562,127.0638991,1,B,0,53.3
370,마포연탄불고기,4.4,9,5,https://place.map.kakao.com/21353407,서울 노원구 석계로18길 4,월계동 379-25,"불고기,두루치기",37.6232258,127.0605334,0,B,0,51.48
354,하다식당 월계직영점,4.3,9,12,https://place.map.kakao.com/727616311,서울 노원구 초안산로2길 122 1층,월계동 271-23,"돈까스,우동",37.6338021,127.0582658,0,B,0,50.31
398,리드브레드 석계역점,4.4,8,9,https://place.map.kakao.com/741643395,서울 노원구 화랑로 353 1층,월계동 26-18,"제과,베이커리",37.6154081,127.0669636,4,B,0,45.76
311,서민초밥,3.8,10,37,https://place.map.kakao.com/417526658,서울 노원구 석계로3길 17,월계동 55-8,"초밥,롤",37.6158483,127.0636041,2,B,0,45.6
359,신연마라탕,4.3,8,6,https://place.map.kakao.com/364066914,서울 노원구 광운로 35,월계동 402-18,중식,37.62066890000001,127.0586353,1,B,0,44.72
347,샐러드조이,4.8,6,47,https://place.map.kakao.com/87024728,서울 노원구 초안산로2라길 31 BS빌딩 2층,월계동 276-18,카페,37.6311433,127.0581747,4,B,0,43.2
356,아빵,4.1,8,10,https://place.map.kakao.com/27550729,서울 노원구 초안산로2라길 13,월계동 655-14,"제과,베이커리",37.6316399,127.0573935,4,B,0,42.64
335,미가양꼬치,4.7,6,5,https://place.map.kakao.com/13027304,서울 노원구 석계로 13-3 1층,월계동 63-7,양꼬치,37.6159043,127.0642004,1,B,0,42.3
439,현덕육회,4.7,6,3,https://place.map.kakao.com/1431936902,서울 노원구 화랑로47길 4,월계동 26-19,"육류,고기",37.6155352,127.0668555,0,B,0,42.3
360,파리바게뜨 석계역점,4.5,6,77,https://place.map.kakao.com/21656626,"서울 노원구 마들로 31 상가동 107,108,148호",월계동 18,"제과,베이커리",37.6176466,127.0685939,4,B,0,40.5
327,오메가생선구이 본점,4.3,7,17,https://place.map.kakao.com/17271272,서울 노원구 화랑로 343,월계동 38-6,"해물,생선",37.6152321,127.0660166,0,B,0,39.13
343,호호커피집,4.3,7,11,https://place.map.kakao.com/16421234,"서울 노원구 화랑로 337-21 1층, 2층",월계동 62-7,커피전문점,37.6158453,127.0649328,4,B,0,39.13
352,화돌농장,4.3,7,0,https://place.map.kakao.com/26849111,서울 노원구 광운로 133,월계동 297,"육류,고기",37.6282142,127.0579624,0,B,0,39.13
443,본죽 월계점,5.0,5,0,https://place.map.kakao.com/15183424,서울 노원구 월계로 370 희성프라자 1층 126호,월계동 321-2,죽,37.6308761,127.0610421,0,B,0,37.5
321,일번지포장마차,3.9,8,42,https://place.map.kakao.com/15291549,서울 노원구 화랑로 337-4,월계동 36-5,실내포장마차,37.6157572,127.0651911,0,B,0,37.44
325,기와집,4.1,7,5,https://place.map.kakao.com/8690963,서울 노원구 석계로 35,월계동 73-2,한식,37.6178927,127.0637212,0,B,0,37.31
317,스타벅스 광운대점,3.6,9,3,https://place.map.kakao.com/17884753,서울 노원구 석계로 104,월계동 410-1,커피전문점,37.6231479,127.0607009,4,B,0,35.64
330,삼대냉면,3.9,7,16,https://place.map.kakao.com/16380812,서울 노원구 석계로9길 33 1층,월계동 435-11,냉면,37.6166694,127.0626265,0,B,0,32.76
366,꿈의김밥,4.0,6,1,https://place.map.kakao.com/866759727,서울 노원구 석계로3길 41 1층,월계동 485-5,분식,37.616447,127.0625319,0,B,0,31.2
447,와플대학 광운대캠퍼스,4.0,6,9,https://place.map.kakao.com/22577995,서울 노원구 광운로 64 1층,월계동 383-4,"제과,베이커리",37.6227985,127.0601672,4,B,0,31.2
414,배스킨라빈스 광운대역점,5.0,4,1,https://place.map.kakao.com/14855950,서울 노원구 광운로 65,월계동 383-25,아이스크림,37.6231314,127.0599841,0,B,0,30.0
450,피자헤븐 월계점,5.0,4,33,https://place.map.kakao.com/23585237,서울 노원구 광운로 33 2층,월계동 402-19,피자,37.6205277,127.0585612,3,B,0,30.0
324,슬슬커피,4.8,4,13,https://place.map.kakao.com/1682165592,서울 노원구 석계로11길 35 1층,월계동 484,커피전문점,37.6168277,127.0630436,4,B,0,28.8
384,청계천8가삼성곱창,4.8,4,4,https://place.map.kakao.com/374001076,서울 노원구 석계로3길 32,월계동 68-27,"곱창,막창",37.6163191,127.0630987,0,B,0,28.8
319,육장군,4.4,5,32,https://place.map.kakao.com/27576442,서울 노원구 화랑로 337-15,월계동 62-10,"육류,고기",37.6155497,127.0650407,0,B,0,28.6
409,인정각,4.4,5,11,https://place.map.kakao.com/1816241497,서울 노원구 석계로3길 18 2층,월계동 55-2,중화요리,37.6159588,127.0637942,1,B,0,28.6
437,스트릿츄러스 광운대점,4.4,5,1,https://place.map.kakao.com/2086560602,서울 노원구 광운로 21 동해문화예술회관 1층,월계동 466,카페,37.619745,127.0575777,4,B,0,28.6
339,육수당 석계역점,3.6,7,18,https://place.map.kakao.com/1892516181,서울 노원구 화랑로 343 1층 102호,월계동 38-6,국밥,37.6152321,127.0660166,0,B,0,27.72
309,라무야끼,3.8,6,51,https://place.map.kakao.com/1867396584,서울 노원구 석계로3길 15-1,월계동 55-10,"육류,고기",37.615677,127.0637105,0,B,0,27.36
342,후아나 석계점,4.2,5,4,https://place.map.kakao.com/1671540851,서울 노원구 석계로1길 18 301호,월계동 56,디저트카페,37.6155031,127.0637115,4,B,0,27.3
397,맘스터치 월계역점,4.2,5,4,https://place.map.kakao.com/1286697365,서울 노원구 초안산로2라길 26 1층 107호,월계동 951,패스트푸드,37.6277451,127.0568215,3,B,0,27.3
371,이상봉 이참치,3.1,10,14,https://place.map.kakao.com/22320179,서울 노원구 석계로 21 2층,월계동 68-20,일식,37.6166236,127.0641121,2,B,0,23.25
307,1일1잔,5.0,3,9,https://place.map.kakao.com/485967615,서울 노원구 광운로2길 6 1층,월계동 472-45,디저트카페,37.6180605,127.0574109,4,B,0,22.5
334,초안산갈비,5.0,3,6,https://place.map.kakao.com/1635721809,서울 노원구 덕릉로60길 263,월계동 799,갈비,37.6297452,127.0465414,0,B,0,22.5
349,와플팝,5.0,3,1,https://place.map.kakao.com/574585945,서울 노원구 초안산로2라길 17 1층,월계동 272-31,간식,37.6315623,127.0575021,0,B,0,22.5
402,햇살머믄꼬마김밥 석계역점,5.0,3,2,https://place.map.kakao.com/333894026,서울 노원구 화랑로45길 42,월계동 21-23,분식,37.6169293,127.0652806,0,B,0,22.5
436,양드림,5.0,3,7,https://place.map.kakao.com/2115946682,서울 노원구 광운로2가길 1,월계동 476-24,"육류,고기",37.6174253,127.0586513,0,B,0,22.5
362,도미노피자 월계점,4.3,4,1,https://place.map.kakao.com/26815517,서울 노원구 광운로 52,월계동 409-16,피자,37.6218638,127.0596658,3,B,0,22.36
421,e푸른선참치 석계본점,4.3,4,1,https://place.map.kakao.com/9167092,서울 노원구 석계로1길 14,월계동 56-7,참치회,37.6155022,127.0638294,0,B,0,22.36
365,소문난곱창,4.7,3,4,https://place.map.kakao.com/13287923,서울 노원구 석계로7길 12-8 1층,월계동 68-25,"곱창,막창",37.6163437,127.0632513,0,B,0,21.15
344,우리집,4.0,4,3,https://place.map.kakao.com/16851034,서울 노원구 광운로22길 9,월계동 298-6,한식,37.6284436,127.0592714,0,B,0,20.8
358,클라우드9,4.0,4,8,https://place.map.kakao.com/20744235,서울 노원구 화랑로 337-23,월계동 62-6,이탈리안,37.6159207,127.0649047,3,B,0,20.8
374,BHC치킨 월계스타점,4.0,4,1,https://place.map.kakao.com/1219738630,서울 노원구 초안산로2라길 19 201호,월계동 274-46,치킨,37.63143460000001,127.0576408,0,B,0,20.8
388,미식성,4.0,4,1,https://place.map.kakao.com/9443559,서울 노원구 광운로 9,월계동 469-16,중화요리,37.6186541,127.0572675,1,B,0,20.8
413,은빛회포차,4.0,4,3,https://place.map.kakao.com/983033146,서울 노원구 석계로3길 8,월계동 63-10,회,37.6158099,127.0642208,0,B,0,20.8
430,진미통닭,4.0,4,2,https://place.map.kakao.com/2091088647,서울 노원구 광운로 45,월계동 393-1,치킨,37.6214621,127.0590116,0,B,0,20.8
304,화로상회,3.3,8,12,https://place.map.kakao.com/27503771,서울 노원구 광운로 37,월계동 402-11,"육류,고기",37.6207876,127.0586112,0,B,0,19.8
350,태백마루,3.6,5,15,https://place.map.kakao.com/19176066,서울 노원구 화랑로 349 2층,월계동 26-13,닭요리,37.6153327,127.0666576,0,B,0,19.8
394,더원,3.6,5,11,https://place.map.kakao.com/152856273,서울 노원구 광운로 61,월계동 383-21,중식,37.6229034,127.0597592,1,B,0,19.8
410,최대포소금구이,3.3,8,9,https://place.map.kakao.com/16442113,서울 노원구 석계로7길 14,월계동 68-28,"육류,고기",37.6163157,127.0635745,0,B,0,19.8
315,마루국시,3.1,8,5,https://place.map.kakao.com/11741047,서울 노원구 월계로55길 64 1층,월계동 320-4,한정식,37.633906,127.0596535,0,B,0,18.6
419,공차 광운대점,3.1,8,4,https://place.map.kakao.com/1483893178,서울 노원구 광운로 20 80주년 기념관 지하1층 내 복지매장,월계동 447-1,카페,37.6194277,127.05982,4,B,0,18.6
401,노랑통닭 석계역점,3.0,8,8,https://place.map.kakao.com/27430275,서울 노원구 석계로 12-1,월계동 61-9,치킨,37.6159191,127.0645876,0,B,0,18.0
320,카페거실,3.4,7,20,https://place.map.kakao.com/1907430050,서울 노원구 화랑로47길 9,월계동 26-23,커피전문점,37.6157063,127.0666166,4,B,0,17.85
393,곤지암할매소머리국밥&순대국 본점,3.4,7,0,https://place.map.kakao.com/102346965,서울 노원구 월계로 338 상가 A동 101호,월계동 942,국밥,37.6290993,127.0586774,0,B,0,17.85
375,백채김치찌개 석계점,3.3,7,13,https://place.map.kakao.com/27441093,서울 노원구 석계로3길 17,월계동 55-8,"찌개,전골",37.6158483,127.0636041,0,B,0,17.325
357,빽다방 광운대점,4.3,3,4,https://place.map.kakao.com/27094505,서울 노원구 광운로 43 로얄포토빌딩 1층,월계동 393-14,커피전문점,37.6213106,127.0590011,4,B,0,16.77
391,석계3층집,4.3,3,5,https://place.map.kakao.com/26853973,서울 노원구 석계로 21 3층,월계동 68-20,오리,37.6166236,127.0641121,0,B,0,16.77
399,노원골제주흑돼지 2호점,4.3,3,13,https://place.map.kakao.com/733033915,서울 노원구 석계로 19,월계동 68-66,"육류,고기",37.616466,127.064122,0,B,0,16.77
427,신전떡볶이 광운대점,3.0,7,3,https://place.map.kakao.com/27232145,서울 노원구 광운로 52 1층,월계동 409-16,떡볶이,37.6218638,127.0596658,0,B,0,15.75
328,마시써머거바,4.0,3,12,https://place.map.kakao.com/914234380,0,월계동 46-3,토스트,37.6148558,127.0650279,0,B,0,15.6
346,군자대한곱창 석계역점,5.0,2,25,https://place.map.kakao.com/125798933,서울 노원구 석계로 14-1 1층,월계동 64-12,"곱창,막창",37.6161232,127.064525,0,B,0,15.0
369,스타벅스 월계트레이더스점,5.0,2,7,https://place.map.kakao.com/780657144,서울 노원구 마들로3길 17,월계동 333-1,커피전문점,37.62644,127.0619091,4,B,0,15.0
380,옥남집,5.0,2,3,https://place.map.kakao.com/27524740,서울 노원구 광운로 68,월계동 379-43,한정식,37.6232768,127.0602564,0,B,0,15.0
387,어반,5.0,2,11,https://place.map.kakao.com/685806660,서울 노원구 석계로3길 11 2층,월계동 55-13,"호프,요리주점",37.6157066,127.0639174,5,B,0,15.0
407,이삭토스트 석계역점,5.0,2,2,https://place.map.kakao.com/1790780715,서울 노원구 석계로3길 21 1층,월계동 55-7,토스트,37.6159311,127.0634887,0,B,0,15.0
423,꽃제비칼국수,5.0,2,3,https://place.map.kakao.com/16297377,서울 노원구 광운로12길 13,월계동 407-16,국수,37.6212654,127.0598852,0,B,0,15.0
428,대명왕십리곱창,5.0,2,5,https://place.map.kakao.com/16502776,서울 노원구 석계로 18,월계동 64-9,"곱창,막창",37.61639359999999,127.0644332,0,B,0,15.0
440,임자구포국수,5.0,2,5,https://place.map.kakao.com/22137056,서울 노원구 월계로 370 희성프라자 1층 122호,월계동 321-2,국수,37.6308761,127.0610421,0,B,0,15.0
446,이삭토스트 광운대점,5.0,2,0,https://place.map.kakao.com/20748760,서울 노원구 석계로13길 23,월계동 429-6,토스트,37.6201758,127.0615516,0,B,0,15.0
449,달렉스,5.0,2,6,https://place.map.kakao.com/1139833679,서울 노원구 초안산로2라길 19-20 1층,월계동 274-34,커피전문점,37.6317619,127.0578961,4,B,0,15.0
432,서향,3.3,6,1,https://place.map.kakao.com/9163543,서울 노원구 석계로 95,월계동 411-53,중화요리,37.6229119,127.0611616,1,B,0,14.85
326,장군숯불족발,4.5,2,19,https://place.map.kakao.com/8073706,서울 노원구 화랑로43가길 27,월계동 51-6,"족발,보쌈",37.615009,127.0632182,0,B,0,13.5
364,엘가커피 석계점,3.0,6,7,https://place.map.kakao.com/24693403,서울 노원구 석계로1길 22,월계동 54-1,카페,37.6155313,127.0633986,4,B,0,13.5
392,뚜레쥬르 카페광운대역점,4.5,2,2,https://place.map.kakao.com/814390841,서울 노원구 석계로 105,월계동 383-42,"제과,베이커리",37.6228285,127.0605396,4,B,0,13.5
426,노랑통닭 월계점,3.4,5,5,https://place.map.kakao.com/1664834673,서울 노원구 초안산로2라길 35,월계동 276-19,치킨,37.6310784,127.0582843,0,B,0,12.75
351,그남자의돼지갈비 4호점,3.7,3,10,https://place.map.kakao.com/2031372265,서울 노원구 월계로 336 2층,월계동 292-59,갈비,37.6291401,127.0578102,0,B,0,12.21
386,치킨에꼬치다,3.7,3,6,https://place.map.kakao.com/1036609254,서울 노원구 석계로 12 1층,월계동 61-10,치킨,37.61582569999999,127.0646182,0,B,0,12.21
389,이자카야 콤마,3.7,3,2,https://place.map.kakao.com/220378937,서울 노원구 석계로 10 2층,월계동 61-11,일본식주점,37.6157304,127.0646511,2,B,0,12.21
405,던킨도너츠 광운대역점,3.7,3,1,https://place.map.kakao.com/21332237,서울 노원구 석계로 98-2,월계동 85-5,도넛,37.6234395,127.061565,4,B,0,12.21
416,김밥천국 광운대점,2.9,8,1,https://place.map.kakao.com/10198074,서울 노원구 광운로 33,월계동 402-19,분식,37.6205277,127.0585612,0,B,0,11.6
331,한입삼겹살,3.0,5,1,https://place.map.kakao.com/299247092,서울 노원구 화랑로 337-4,월계동 36-5,삼겹살,37.6157572,127.0651911,0,B,0,11.25
337,제주본가,3.0,5,5,https://place.map.kakao.com/9408821,서울 노원구 석계로1길 18,월계동 56,"육류,고기",37.6155031,127.0637115,0,B,0,11.25
381,디델리 광운대점,3.0,5,11,https://place.map.kakao.com/16081384,서울 노원구 광운로 31,월계동 465-9,분식,37.6203955,127.0584779,0,B,0,11.25
382,배스킨라빈스 석계점,3.0,5,4,https://place.map.kakao.com/26794261,서울 노원구 석계로1길 10,월계동 58-2,아이스크림,37.6155882,127.0640979,0,B,0,11.25
411,옛날통닭 석계점,4.0,2,2,https://place.map.kakao.com/1596819279,서울 노원구 석계로3길 36 1층,월계동 486-6,치킨,37.6163848,127.0629721,0,B,0,10.4
314,일심해장국 월계점,2.9,7,178,https://place.map.kakao.com/15319006,서울 노원구 석계로15길 25 한일아파트상가 108호,월계동 926,해장국,37.6218998,127.0613646,0,B,0,10.15
408,와라와라 석계역점,3.3,4,7,https://place.map.kakao.com/13082421,서울 노원구 석계로1길 14 3층,월계동 56-8,"호프,요리주점",37.61551130000001,127.0639527,5,B,0,9.9
333,왕코등갈비 석계점,3.0,4,8,https://place.map.kakao.com/23123025,서울 노원구 석계로 22,월계동 66-4,갈비,37.6168716,127.064374,0,B,0,9.0
400,미아리우동집 석계역점,3.0,4,4,https://place.map.kakao.com/55284543,서울 노원구 석계로3길 27 1층,월계동 68-9,"돈까스,우동",37.6160918,127.0631899,0,B,0,9.0
338,엉터리앙평해장국 석계역점,5.0,1,9,https://place.map.kakao.com/1512390559,서울 노원구 석계로1길 14,월계동 56-8,해장국,37.61551130000001,127.0639527,0,B,0,7.5
372,피자굽는오빠 2호점,5.0,1,26,https://place.map.kakao.com/140659618,서울 노원구 초안산로5길 12,월계동 776,이탈리안,37.6325296,127.0517095,3,B,0,7.5
406,여우곱창,5.0,1,11,https://place.map.kakao.com/13318900,서울 노원구 광운로 68,월계동 379-43,"곱창,막창",37.6232768,127.0602564,0,B,0,7.5
415,보배반점 월계점,5.0,1,1,https://place.map.kakao.com/149027499,서울 노원구 초안산로5길 12,월계동 776,중화요리,37.6325296,127.0517095,1,B,0,7.5
424,킹콩떡볶이 인덕대점,5.0,1,5,https://place.map.kakao.com/1755164268,서울 노원구 초안산로2길 124 1층,월계동 271-17,떡볶이,37.6338542,127.0583523,0,B,0,7.5
435,오네스토테이블,2.5,6,7,https://place.map.kakao.com/27382316,0,월계동 925,이탈리안,37.6218076,127.0603111,3,B,0,7.5
445,예지네숯불왕갈비,5.0,1,2,https://place.map.kakao.com/1615591184,서울 노원구 월계로55길 64,월계동 320-4,갈비,37.633906,127.0596535,0,B,0,7.5
422,본죽 석계역점,3.3,3,2,https://place.map.kakao.com/26310162,서울 노원구 석계로 11-1 1층,월계동 63-9,죽,37.6159083,127.0643566,0,B,0,7.425
442,메가커피 광운대역점,3.3,3,0,https://place.map.kakao.com/1950122890,서울 노원구 석계로 103,월계동 410-7,커피전문점,37.6226759,127.0607205,4,B,0,7.425
329,황금오리,3.5,2,6,https://place.map.kakao.com/9630494,서울 노원구 석계로1길 22,월계동 54-1,오리,37.6155313,127.0633986,0,B,0,7.0
348,여자만아구찜,3.5,2,5,https://place.map.kakao.com/534426827,서울 노원구 석계로18길 10-8,월계동 379-10,아구,37.6234861,127.0608575,0,B,0,7.0
361,장어구이셀프타운,3.5,2,8,https://place.map.kakao.com/20740538,서울 노원구 화랑로45길 40,월계동 21-34,장어,37.6167711,127.065329,0,B,0,7.0
431,언니떡볶이 동생브리또,3.0,3,5,https://place.map.kakao.com/1224186927,서울 노원구 광운로10길 3,월계동 403-8,떡볶이,37.6208615,127.0592865,0,B,0,6.75
336,맘스터치 석계역점,2.2,10,4,https://place.map.kakao.com/1367802236,서울 노원구 석계로1길 18 2층,월계동 56,패스트푸드,37.6155031,127.0637115,3,B,0,6.6
403,동대문엽기떡볶이 월계점,2.1,10,3,https://place.map.kakao.com/1346518616,서울 노원구 광운로 39 1층,월계동 402-7,떡볶이,37.6210305,127.0588993,0,B,0,6.3
367,카페베르데 광운대본점,4.0,1,1,https://place.map.kakao.com/16298833,서울 노원구 광운로 17-3 1층,월계동 496-4,카페,37.6192718,127.0575587,4,B,0,5.2
412,신당동즉석떡볶이,4.0,1,2,https://place.map.kakao.com/21412773,서울 노원구 석계로9길 47,월계동 482-1,떡볶이,37.6162801,127.062048,0,B,0,5.2
363,롯데리아 석계점,1.8,9,0,https://place.map.kakao.com/7857648,서울 노원구 화랑로 325,월계동 50-29,패스트푸드,37.6149164,127.0640383,3,B,0,4.86
313,진정성담은양평가,3.0,2,32,https://place.map.kakao.com/1876792092,서울 노원구 석계로1길 14 2층,월계동 56-8,해장국,37.61551130000001,127.0639527,0,B,0,4.5
390,빈대주막 석계점,3.0,2,4,https://place.map.kakao.com/16053856,서울 노원구 석계로1길 10,월계동 58-2,"호프,요리주점",37.6155882,127.0640979,5,B,0,4.5
368,용궁중화요리,2.0,7,9,https://place.map.kakao.com/8458383,서울 노원구 월계로 325,월계2동 600,중화요리,37.6291182,127.0559661,1,B,0,4.2
395,KFC 월계이마트점,2.0,7,0,https://place.map.kakao.com/8014030,서울 노원구 마들로3길 15 2층,월계동 333-1,패스트푸드,37.62644,127.0619091,3,B,0,4.2
425,싸다김밥,2.2,6,3,https://place.map.kakao.com/1385352415,서울 노원구 광운로 65,월계동 383-25,한식,37.6231314,127.0599841,0,B,0,3.96
373,써브웨이 광운대역점,2.0,6,7,https://place.map.kakao.com/2024470096,서울 노원구 광운로 57,월계동 383-16,샌드위치,37.622599,127.0595456,3,B,0,3.6
376,메가커피 석계역점,1.7,7,1,https://place.map.kakao.com/931744501,서울 노원구 화랑로 337 1층 103호,월계동 46-1,커피전문점,37.6152064,127.0651538,4,B,0,3.57
418,락궁,2.0,4,5,https://place.map.kakao.com/8314850,서울 노원구 마들로 31 그랑빌 아파트 주상가 2층,월계3동 18,중화요리,37.6176466,127.0685939,1,B,0,2.4
448,60계 월계점,2.3,3,4,https://place.map.kakao.com/27607636,서울 노원구 마들로 31 한진한화그랑빌 주상가 지하1층,월계동 18-1,치킨,37.6158231,127.0688466,0,B,0,2.07
355,싱싱오징어바다 석계역점,2.0,3,14,https://place.map.kakao.com/19839143,서울 노원구 석계로 14,월계동 61-8,"해물,생선",37.6160108,127.0645547,0,B,0,1.8
420,설빙 서울광운대점,2.0,3,1,https://place.map.kakao.com/530741465,서울 노원구 광운로 25 2층,월계동 465-21,디저트카페,37.6200275,127.058196,4,B,0,1.8
433,춘천닭갈비,1.3,4,6,https://place.map.kakao.com/16501039,서울 노원구 석계로 11,월계동 62-3,닭요리,37.6158031,127.0643851,0,B,0,1.56
441,이디야커피 석계역점,1.3,4,1,https://place.map.kakao.com/16879086,서울 노원구 석계로3길 3,월계동 47-3,커피전문점,37.6155161,127.0643253,4,B,0,1.56
345,보리보리 옥선이시골밥상,1.7,3,5,https://place.map.kakao.com/11814895,서울 노원구 월계로55길 64,월계동 320-4,한식,37.633906,127.0596535,0,B,0,1.53
404,육회공작소 석계점,2.0,2,5,https://place.map.kakao.com/27264445,서울 노원구 석계로 16,월계동 64-10,"육류,고기",37.6162877,127.0644753,0,B,0,1.2
353,노란오빠생각,1.0,1,0,https://place.map.kakao.com/980550235,서울 노원구 화랑로 337,월계동 46-1,떡볶이,37.6152064,127.0651538,0,B,0,0.3
383,장수국수,1.0,1,17,https://place.map.kakao.com/24997619,서울 노원구 광운로 27,월계동 465-11,국수,37.6201787,127.0582915,0,B,0,0.3
444,날보러와요,1.0,1,3,https://place.map.kakao.com/27049063,서울 노원구 초안산로2라길 37,월계동 276-20,카페,37.63101899999999,127.058396,4,B,0,0.3
396,이디야커피 월계인덕점,0.0,0,1,https://place.map.kakao.com/1586230348,서울 노원구 광운로22길 39,월계동 290-1,커피전문점,37.6297806,127.0588105,4,B,0,0.0
417,홍콩반점0410 광운대동문점,0.0,0,1,https://place.map.kakao.com/1479862933,서울 노원구 석계로13길 23 부일빌딩 1층,월계동 429-6,중화요리,37.6201758,127.0615516,1,B,0,0.0
429,미스터피자 석계역점,0.0,0,0,https://place.map.kakao.com/44249129,서울 노원구 석계로1길 22 흥우빌딩 1층 105호,월계동 54-1,피자,37.6155313,127.0633986,3,B,0,0.0
434,착한족발 월계점,0.0,0,3,https://place.map.kakao.com/1377040460,서울 노원구 광운로 60 1층,월계동 383-27,"족발,보쌈",37.6226132,127.0599702,0,B,0,0.0
438,커피랑도서관 강북본점,0.0,0,3,https://place.map.kakao.com/623107528,서울 노원구 석계로 102 주원21빌딩 8층,월계동 413-1,북카페,37.6232317,127.0609242,4,B,0,0.0
151,감동식당,4.7,82,181,https://place.map.kakao.com/1317959049,서울 노원구 한글비석로47길 58 1층,상계동 434-49,갈비,37.6615836,127.0665469,0,C,1,578.1
160,숟가락반상 마실 노원점,4.2,65,39,https://place.map.kakao.com/1601456521,서울 노원구 노원로 412,상계동 318-1,한식,37.653374,127.0680991,0,C,1,354.9
163,털보고된이 본점,4.0,56,106,https://place.map.kakao.com/26086942,서울 노원구 노해로81길 22-22,상계동 332-3,"해물,생선",37.6558713,127.0637387,0,C,1,291.2
177,노원돈부리,4.4,42,59,https://place.map.kakao.com/709257368,서울 노원구 동일로 1343 동일프라자 101~103호,상계동 763-7,일식,37.6484591,127.0619869,2,C,1,240.24
250,쭈꾸미달인 직영2호점,4.4,34,58,https://place.map.kakao.com/18657479,서울 노원구 상계로5길 3,상계동 353-1,"해물,생선",37.6567642,127.0638464,0,C,1,194.48
182,썸머타이,4.1,34,47,https://place.map.kakao.com/89011711,서울 노원구 노해로75길 14-25 동신빌딩 1층,상계동 707-3,태국음식,37.6547297,127.0587472,5,C,1,181.22
166,72420 노원직영점,4.3,31,69,https://place.map.kakao.com/38006070,서울 노원구 동일로217가길 11 1층,상계동 733-2,베트남음식,37.6534006,127.0598701,5,C,1,173.29
170,위안바오,3.8,36,111,https://place.map.kakao.com/416374182,서울 노원구 동일로 1426,상계동 693,중식,37.6559099,127.0605366,1,C,1,164.16
199,홍익짬뽕 노원2호점,4.5,24,34,https://place.map.kakao.com/1365118901,서울 노원구 노해로83길 21,상계동 340-6,중화요리,37.6560722,127.0639515,1,C,1,162.0
153,로니로티 노원점,4.0,30,210,https://place.map.kakao.com/1010045527,서울 노원구 상계로 63-7 청우빌딩 2층 201호,상계동 603-8,양식,37.656501,127.0619072,3,C,1,156.0
173,풍성진감자탕,4.7,22,27,https://place.map.kakao.com/767594066,서울 노원구 노해로83길 10-11,상계동 326-2,감자탕,37.6559745,127.0649273,0,C,1,155.1
155,어글리스토브 노원역점,3.8,32,142,https://place.map.kakao.com/24658744,서울 노원구 노해로81길 12-21 3층,상계동 332-8,양식,37.6558247,127.0634196,3,C,1,145.92
162,땅코참숯구이 노원점,4.6,20,100,https://place.map.kakao.com/1572967845,서울 노원구 노해로85길 15-5,상계동 348-4,"육류,고기",37.6563426,127.0653296,0,C,1,138.0
152,강강술래 상계점,3.5,38,117,https://place.map.kakao.com/18536783,서울 노원구 동일로 1628 2층,상계동 1025-4,"육류,고기",37.6738242,127.0560348,0,C,1,133.0
176,샛별제과,4.6,19,47,https://place.map.kakao.com/1488538685,서울 노원구 상계로9길 23 101호,상계동 397-4,디저트카페,37.6582057,127.0660962,4,C,1,131.1
183,엄마손칼국수,3.9,26,52,https://place.map.kakao.com/16051532,서울 노원구 상계로39길 5,상계동 111-478,국수,37.6710563,127.0802156,0,C,1,121.68
204,현경양고기,4.4,21,68,https://place.map.kakao.com/1857841704,서울 노원구 상계로3길 21 202호,상계동 593-1,양꼬치,37.657176,127.0622614,1,C,1,120.12
210,맥도날드 상계DT점,3.7,28,13,https://place.map.kakao.com/26357904,서울 노원구 동일로 1612,상계동 1022,패스트푸드,37.6723948,127.056223,3,C,1,113.96
190,노원목고기집,4.6,16,46,https://place.map.kakao.com/16056109,서울 노원구 상계로 96,상계동 349-24,"육류,고기",37.65661,127.0655348,0,C,1,110.4
208,스타벅스 상계초교사거리점,4.7,15,25,https://place.map.kakao.com/1800821127,서울 노원구 노원로 449,상계동 372-16,커피전문점,37.65672259999999,127.0664411,4,C,1,105.75
262,카페멍스 노원점,4.2,18,6,https://place.map.kakao.com/552228863,서울 노원구 상계로5길 19 2층 201호,상계동 354-11,카페,37.6569224,127.0635645,4,C,1,98.28
218,피노키오냉면,3.8,20,64,https://place.map.kakao.com/13499443,서울 노원구 한글비석로 480 보람상가 2층,상계동 639,냉면,37.66624669999999,127.0649923,0,C,1,91.2
179,아웃백스테이크하우스 노원점,3.7,22,158,https://place.map.kakao.com/16997192,서울 노원구 동일로 1419,상계동 711-12,패밀리레스토랑,37.6552663,127.0598295,3,C,1,89.54
295,문지원의 열정스시,3.8,19,24,https://place.map.kakao.com/1179763443,서울 노원구 한글비석로 459 한보빌딩 1층,상계동 449-8,"초밥,롤",37.664031,127.0669209,2,C,1,86.64
192,비손샤브칼국수 수락산점,4.4,15,53,https://place.map.kakao.com/1012609060,서울 노원구 동일로 1660 2층 202호,상계동 1132-35,샤브샤브,37.6765234,127.0556617,0,C,1,85.8
205,독도게찜,3.7,21,76,https://place.map.kakao.com/432768483,서울 노원구 동일로242가길 50,상계동 1131-37,"게,대게",37.678088,127.0560556,0,C,1,85.47
214,이자와 노원점,3.7,21,29,https://place.map.kakao.com/1965352886,서울 노원구 상계로 76 정암빌딩 2층 201호,상계동 335,일식,37.656095,127.0634219,2,C,1,85.47
201,이규민달인보쌈집 본점,4.1,15,40,https://place.map.kakao.com/20018277,서울 노원구 동일로 1598 부흥빌딩 지하1층,상계동 964-5,"족발,보쌈",37.6710158,127.0563833,0,C,1,79.95
200,평양칼국수,3.2,33,32,https://place.map.kakao.com/9532967,서울 노원구 동일로 1652 1층,상계동 1119-24,국수,37.6756997,127.0555338,0,C,1,79.2
209,몽실디저트,4.3,14,55,https://place.map.kakao.com/1513264138,서울 노원구 상계로 51 노원프라자빌딩 1층 105호,상계동 693-1,"제과,베이커리",37.6559454,127.0608172,4,C,1,78.26
228,경성쭈꾸미,4.7,11,74,https://place.map.kakao.com/1541371104,서울 노원구 덕릉로 789 1층,상계동 101-180,"해물,생선",37.6675532,127.0787388,0,C,1,77.55
223,시골애 노원점,4.2,14,43,https://place.map.kakao.com/13122817,서울 노원구 상계로 64 가동 1층 1호,상계동 617,"해물,생선",37.6555926,127.0623312,0,C,1,76.44
245,신미방,3.9,16,12,https://place.map.kakao.com/628049731,서울 노원구 상계로 64,상계동 617,중화요리,37.6555926,127.0623312,1,C,1,74.88
172,우리집곱창 본점,4.1,14,71,https://place.map.kakao.com/16327756,서울 노원구 덕릉로123길 11,상계동 65-2,"곱창,막창",37.6701683,127.0803943,0,C,1,74.62
206,스타벅스 노원마들역점,4.4,13,17,https://place.map.kakao.com/2080972721,서울 노원구 노원로 569 임광아파트상가,상계동 694,커피전문점,37.6606791,127.057048,4,C,1,74.36
225,더메이즈 노원점,4.2,13,26,https://place.map.kakao.com/1161456883,서울 노원구 상계로5길 26 6층,상계동 357-8,테마카페,37.6570766,127.0632419,4,C,1,70.98
169,수시로스시,3.5,20,87,https://place.map.kakao.com/736602099,서울 노원구 노원로 479 대광빌딩 1층,상계동 401-17,"초밥,롤",37.658837,127.0645832,2,C,1,70.0
156,시드누아 노원본점,2.6,53,169,https://place.map.kakao.com/19696160,서울 노원구 상계로 84,상계동 341-5,커피전문점,37.6562709,127.0642402,4,C,1,68.9
178,장천,3.6,17,128,https://place.map.kakao.com/229428334,서울 노원구 동일로217가길 11 2층 202호,상계동 733-2,중화요리,37.6534006,127.0598701,1,C,1,67.32
216,나승준함흥냉면,3.9,14,19,https://place.map.kakao.com/26792775,서울 노원구 상계로 97 위너스빌딩 1층 104호,상계동 366-3,냉면,37.6570226,127.0656429,0,C,1,65.52
161,삼덕식당,3.8,14,94,https://place.map.kakao.com/298434750,서울 노원구 상계로5길 9 1층,상계동 354-6,"육류,고기",37.6569542,127.0638327,0,C,1,63.84
255,데일리식탁,3.8,14,57,https://place.map.kakao.com/1213793385,서울 노원구 상계로 97-5,상계동 366-15,일식,37.657186,127.0657859,2,C,1,63.84
196,고집불통강곱창 노원점,4.4,11,56,https://place.map.kakao.com/14098947,서울 노원구 노해로83길 18-5,상계동 341-8,"곱창,막창",37.6560919,127.0645065,0,C,1,62.92
175,화포식당 노원점,4.2,11,79,https://place.map.kakao.com/331097438,서울 노원구 상계로 72,상계동 598-1,"육류,고기",37.6559951,127.062988,0,C,1,60.06
227,상계동 원조닭갈비,4.2,11,24,https://place.map.kakao.com/1445990797,서울 노원구 한글비석로36길 65 1층,상계동 140-138,닭요리,37.6641314,127.0725608,0,C,1,60.06
238,플로레스테이블,4.2,11,98,https://place.map.kakao.com/101891212,서울 노원구 상계로5길 12 3층,상계동 1305,디저트카페,37.6575352,127.0639274,4,C,1,60.06
253,비엔나커피하우스 노원역점,4.2,11,34,https://place.map.kakao.com/1366601562,서울 노원구 동일로 1417 1층,상계동 711-13,커피전문점,37.6549923,127.0599384,4,C,1,60.06
165,수락이오냉면 본점,3.3,24,54,https://place.map.kakao.com/16526733,서울 노원구 동일로237다길 7 1층,상계동 1048-10,냉면,37.6738747,127.0525666,0,C,1,59.4
235,스타벅스 노원KT점,3.6,15,17,https://place.map.kakao.com/18691127,서울 노원구 노해로 502,상계동 723,커피전문점,37.6543814,127.0636656,4,C,1,59.4
157,왕십리조개창고 노원점,3.0,26,135,https://place.map.kakao.com/25450376,서울 노원구 상계로1길 38-11 우창프라자 2층 201호,상계동 591-2,조개,37.6579356,127.0620399,0,C,1,58.5
158,용순가재골수제비,2.6,45,156,https://place.map.kakao.com/20747637,서울 노원구 동일로242길 100 1층,상계동 996-8,수제비,37.6743943,127.0606312,0,C,1,58.5
239,잼재미골,3.7,13,21,https://place.map.kakao.com/903173867,서울 노원구 노해로79길 6-19,상계동 617,"초밥,롤",37.6555926,127.0623312,2,C,1,52.91
297,절구시래기 직영1호점,3.5,15,3,https://place.map.kakao.com/2070031976,서울 노원구 동일로242길 123,상계동 1002-2,한식,37.6748356,127.0615132,0,C,1,52.5
154,감각,3.1,20,196,https://place.map.kakao.com/586007148,서울 노원구 상계로 77 1층,상계동 337,카페,37.6567015,127.0634404,4,C,1,46.5
198,예향정 노원점,3.5,13,31,https://place.map.kakao.com/140377526,서울 노원구 동일로217가길 31 청화빌딩 2층,상계동 735-4,한식,37.6531212,127.0586134,0,C,1,45.5
243,영스넥,3.6,11,27,https://place.map.kakao.com/17079123,서울 노원구 상계로 51 노원프라자빌딩 지하1층,상계동 693-1,분식,37.6559454,127.0608172,0,C,1,43.56
168,스시웨이 노원점,3.0,18,61,https://place.map.kakao.com/17849636,서울 노원구 동일로 1374,상계동 749,"초밥,롤",37.6512657,127.0617521,2,C,1,40.5
189,전민규의황제누룽지탕 노원직영점,3.1,17,19,https://place.map.kakao.com/9924087,서울 노원구 노해로77길 14-8 1~2층,상계동 710-3,한식,37.6546907,127.0596237,0,C,1,39.525
279,야채곱창춘천집닭갈비,3.2,16,18,https://place.map.kakao.com/15349377,서울 노원구 동일로245길 1,상계1동 1132-11,닭요리,37.6785455,127.0549071,0,C,1,38.4
167,스시노칸도 노원역점,2.8,27,189,https://place.map.kakao.com/1358381190,서울 노원구 상계로3길 28 영빈빌딩 4층,상계동 358-31,"초밥,롤",37.6573474,127.0626321,2,C,1,37.8
159,소담촌 노원역점,3.2,15,51,https://place.map.kakao.com/2097885929,서울 노원구 상계로 90 마블러스1 2층,상계동 341-7,샤브샤브,37.656241,127.064567,0,C,1,36.0
202,스타벅스 노원역점,2.9,22,27,https://place.map.kakao.com/19469879,서울 노원구 동일로 1413 남성빌딩 1층,상계동 712,커피전문점,37.6547298,127.0600029,4,C,1,31.9
174,쭈꾸미킹 노원점,3.2,13,84,https://place.map.kakao.com/592034631,서울 노원구 상계로1길 34 뉴금오프라자 1층,상계동 591-7,"해물,생선",37.6575193,127.0618117,0,C,1,31.2
194,롤링파스타 노원역점,2.9,21,92,https://place.map.kakao.com/1165409110,서울 노원구 상계로 70 화랑빌딩 2층 1호,상계동 598-2,이탈리안,37.6559626,127.0627527,3,C,1,30.45
195,중원,3.1,13,40,https://place.map.kakao.com/1382921458,서울 노원구 동일로242가길 36 1층,상계동 1115-31,중화요리,37.6775022,127.0560404,1,C,1,30.225
261,대머리곱창 노원점,2.8,17,29,https://place.map.kakao.com/16057023,서울 노원구 상계로1길 62-4,상계동 581-55,"곱창,막창",37.6587254,127.0616424,0,C,1,23.8
185,옛날칼국수,2.5,19,86,https://place.map.kakao.com/8015984,서울 노원구 동일로 1417,상계동 711-13,국수,37.6549923,127.0599384,0,C,1,23.75
164,풍미연,2.7,17,50,https://place.map.kakao.com/16590379,서울 노원구 노해로85길 7,상계동 323-11,설렁탕,37.655641,127.0648035,0,C,1,22.95
240,써브웨이 노원점,1.9,34,30,https://place.map.kakao.com/26321870,서울 노원구 노해로 502,상계동 723,샌드위치,37.6543814,127.0636656,3,C,1,19.38
231,투썸플레이스 노원문화의거리점,2.3,28,25,https://place.map.kakao.com/17757837,서울 노원구 상계로 69 2층,상계동 593-14,커피전문점,37.6563915,127.062643,4,C,1,19.32
288,서가앤쿡 서울노원점,2.6,14,64,https://place.map.kakao.com/20026450,서울 노원구 상계로 64 지하1층,상계동 617,양식,37.6555926,127.0623312,3,C,1,18.2
171,이춘복참치 노원직영점,2.4,18,35,https://place.map.kakao.com/13608491,서울 노원구 노해로85길 10-7,상계동 324-5,참치회,37.6561359,127.0655124,0,C,1,12.96
230,스시통 노원본점,2.3,16,80,https://place.map.kakao.com/26491619,서울 노원구 동일로 1417 삼양빌딩 2층,상계동 711-13,"초밥,롤",37.6549923,127.0599384,2,C,1,11.04
244,맥도날드 중계역점,2.4,15,14,https://place.map.kakao.com/8331701,서울 노원구 동일로 1341 장우빌딩 1층,상계동 763-2,패스트푸드,37.6482931,127.0620751,3,C,1,10.8
247,라화쿵부 상계점,2.3,14,46,https://place.map.kakao.com/1944117785,서울 노원구 노해로 492 프린스빌딩 2층 203호,상계동 724-2,중화요리,37.6543031,127.0626624,1,C,1,9.66
191,노원왕곱창,2.1,14,59,https://place.map.kakao.com/26898894,서울 노원구 상계로 90 마블러스2 1층,상계동 341-15,"곱창,막창",37.6563949,127.0647747,0,C,1,8.82
237,청와정,1.9,14,20,https://place.map.kakao.com/863895545,서울 노원구 동일로 1611,상계동 1032-1,"육류,고기",37.67222170000001,127.0554158,0,C,1,7.98
270,빛나는바다 수락산점,2.4,11,14,https://place.map.kakao.com/21574389,서울 노원구 동일로230가길 84,상계동 1120-44,회,37.6751769,127.056741,0,C,1,7.92
269,역전할머니맥주 서울노원역점,1.8,14,19,https://place.map.kakao.com/1648050966,서울 노원구 노해로81길 16 1층,상계동 616-4,"호프,요리주점",37.6555573,127.0628801,5,C,1,7.56
289,참치박사 2호점,4.6,10,6,https://place.map.kakao.com/10771043,서울 노원구 노해로81길 12-33,상계2동 332-4,참치회,37.6557166,127.0636511,0,C,0,69.0
294,신닭발닭날개,4.9,9,32,https://place.map.kakao.com/25160901,서울 노원구 상계로3길 38-4 101호,상계동 592-2,닭요리,37.6577282,127.0628087,0,C,0,66.15
222,슈엔챠이 상계점,4.5,8,24,https://place.map.kakao.com/2102127599,서울 노원구 동일로 1335 2층,상계동 763-4,중화요리,37.6479584,127.0622561,1,C,0,54.0
292,타코비엔나,4.9,7,22,https://place.map.kakao.com/18723311,서울 노원구 상계로1길 38-11,상계동 591-2,일본식주점,37.6579356,127.0620399,2,C,0,51.45
241,마뇨떡볶이 노원역점,4.3,9,24,https://place.map.kakao.com/1698656854,서울 노원구 상계로 55 위성프라자 2층 201호,상계동 693-3,떡볶이,37.6560903,127.0612437,0,C,0,50.31
242,송재만참치 수락산역점,4.7,7,32,https://place.map.kakao.com/16061317,서울 노원구 동일로242길 25 2층,상계동 1120-31,참치회,37.6754892,127.0569263,0,C,0,49.35
248,르다,4.7,7,76,https://place.map.kakao.com/1764989514,서울 노원구 상계로9길 28,상계동 396-6,카페,37.6582661,127.0663357,4,C,0,49.35
286,마들카페,4.7,7,9,https://place.map.kakao.com/1563180510,서울 노원구 한글비석로 530 유치원상가 1층,상계동 648,카페,37.6650134,127.0593484,4,C,0,49.35
213,가양양꼬치,4.1,9,27,https://place.map.kakao.com/14879333,서울 노원구 노해로85길 1 2층,상계동 323-29,양꼬치,37.6555602,127.0650606,1,C,0,47.97
246,전주콩나물국밥,4.1,9,9,https://place.map.kakao.com/9386063,서울 노원구 노해로75길 14-26,상계동 708-3,국밥,37.6545423,127.058872,0,C,0,47.97
282,쉐이크쉑 노원점,3.8,10,75,https://place.map.kakao.com/1429439886,서울 노원구 동일로 1414 1층,상계동 713,패스트푸드,37.6552101,127.0611517,3,C,0,45.6
187,제임스키친,4.3,8,56,https://place.map.kakao.com/17005666,서울 노원구 노해로81길 12-26 2층,상계동 328-9,이탈리안,37.6555741,127.0642104,3,C,0,44.72
281,등촌샤브칼국수 노원점,4.7,6,50,https://place.map.kakao.com/360133586,서울 노원구 동일로218길 17 2층,상계동 726-1,샤브샤브,37.6538373,127.0617571,0,C,0,42.3
264,어장촌생선구이,4.0,8,7,https://place.map.kakao.com/20028584,서울 노원구 노해로75길 14-17,상계동 707,"해물,생선",37.6546268,127.0582839,0,C,0,41.6
258,올드델리 노원점,3.7,10,32,https://place.map.kakao.com/11480937,서울 노원구 노해로85길 14 상계제일빌딩 2층,상계동 324-4,인도음식,37.6560286,127.0652712,5,C,0,40.7
180,커피베스코,4.4,7,31,https://place.map.kakao.com/17688746,서울 노원구 상계로 55 2층,상계동 693-3,커피전문점,37.6560903,127.0612437,4,C,0,40.04
275,디저트식탁,4.4,7,61,https://place.map.kakao.com/1927286862,서울 노원구 상계로1길 14-29 2층,상계동 602-8,디저트카페,37.6573018,127.0621023,4,C,0,40.04
211,세컨플로어,4.0,7,55,https://place.map.kakao.com/470119969,서울 노원구 상계로1길 8 대유빌딩 2층 206호,상계동 603-14,카페,37.6563304,127.0617496,4,C,0,36.4
260,태양부양꼬치 수락산점,3.9,7,85,https://place.map.kakao.com/54342051,서울 노원구 동일로239가길 22 2층,상계동 1118-39,양꼬치,37.6760554,127.0548389,1,C,0,32.76
234,닭갈비제작소 노원점,4.0,6,24,https://place.map.kakao.com/1254595213,서울 노원구 상계로3길 29 2층,상계동 358-9,닭요리,37.6575156,127.0623614,0,C,0,31.2
251,오케이크 노원점,5.0,4,9,https://place.map.kakao.com/1920877338,서울 노원구 상계로3길 16 동원빌딩 1층 103호,상계동 593-2,"제과,베이커리",37.6569543,127.0624784,4,C,0,30.0
268,신고집찜칼국수 상계점,5.0,4,2,https://place.map.kakao.com/827764719,서울 노원구 한글비석로 424,상계동 169-77,한식,37.6621157,127.0701422,0,C,0,30.0
226,곳,4.4,5,40,https://place.map.kakao.com/1250481954,서울 노원구 노해로85길 10-55,상계동 330-29,"호프,요리주점",37.6564206,127.0663021,5,C,0,28.6
229,본가왕뼈감자탕 노원역점,3.7,7,46,https://place.map.kakao.com/1222953596,서울 노원구 상계로3길 28,상계동 358-31,감자탕,37.6573474,127.0626321,0,C,0,28.49
290,구석집 노원1호점,3.8,6,19,https://place.map.kakao.com/1674479148,서울 노원구 상계로1길 62-10 1층,상계동 581-53,"해물,생선",37.6587275,127.0619109,0,C,0,27.36
291,파라솔분식,3.8,6,21,https://place.map.kakao.com/16621788,서울 노원구 상계로1길 14-17 1층,상계동 603-1,떡볶이,37.6572666,127.0618636,0,C,0,27.36
276,커피빈 노원역점,4.2,5,12,https://place.map.kakao.com/1321281310,서울 노원구 노해로 490 길빌딩 2층,상계동 724-1,커피전문점,37.6543704,127.0623953,4,C,0,27.3
186,한우가,4.5,4,6,https://place.map.kakao.com/448912210,서울 노원구 노해로 517 굿모닝빌딩 1층,상계동 323-16,"육류,고기",37.6556456,127.0653791,0,C,0,27.0
224,버거킹 노원역점,3.4,9,22,https://place.map.kakao.com/1922012169,서울 노원구 노해로 456 동방빌딩 1층,상계동 734-5,패스트푸드,37.653546,127.058897,3,C,0,22.95
220,스타벅스 중계역점,3.3,9,19,https://place.map.kakao.com/20046343,서울 노원구 동일로 1339 대한빌딩,상계동 763-3,커피전문점,37.6481244,127.0621656,4,C,0,22.275
257,봉평메밀막국수 직영점,3.3,9,11,https://place.map.kakao.com/21296190,서울 노원구 동일로242가길 14-8,상계동 1119-16,국수,37.6762008,127.0561192,0,C,0,22.275
203,쭈꾸미달인 노원직영점,3.2,9,187,https://place.map.kakao.com/26904390,서울 노원구 상계로 71-1 1층,상계동 595,"해물,생선",37.6566014,127.0629736,0,C,0,21.6
197,일심해장국 상계점,3.5,6,203,https://place.map.kakao.com/20743795,서울 노원구 노원로34길 58,상계동 430-22,해장국,37.6613963,127.0658851,0,C,0,21.0
299,수락산풍천장어,3.5,6,121,https://place.map.kakao.com/1786457675,서울 노원구 동일로242길 48 다온빌딩 1층,상계동 1008-20,장어,37.674719,127.0577409,0,C,0,21.0
266,신화주꾸미,4.0,4,23,https://place.map.kakao.com/14527395,서울 노원구 동일로 1355 상계주공2단지 상가 1층,상계동 746-5,"해물,생선",37.6498393,127.0612839,0,C,0,20.8
188,스윗레시피,3.4,8,121,https://place.map.kakao.com/231176219,서울 노원구 상계로1길 38 2층,상계동 591-25,디저트카페,37.6576842,127.0616951,4,C,0,20.4
278,커피나무 노원역점,3.0,9,6,https://place.map.kakao.com/919057129,서울 노원구 상계로1길 14-11,상계동 603-2,카페,37.65701790000001,127.0617489,4,C,0,20.25
259,시골집,3.0,8,8,https://place.map.kakao.com/14526286,서울 노원구 동일로236길 11,상계동 1025-34,"해물,생선",37.6736325,127.0561846,0,C,0,18.0
263,일차돌 노원점,3.0,8,54,https://place.map.kakao.com/1578507699,서울 노원구 노해로81길 12-21 1층,상계동 332-8,"육류,고기",37.6558247,127.0634196,0,C,0,18.0
232,영양센타 노원점,3.4,7,9,https://place.map.kakao.com/10642991,서울 노원구 동일로217가길 31 1층,상계동 735-4,삼계탕,37.6531212,127.0586134,0,C,0,17.85
236,마들냉면,3.3,7,7,https://place.map.kakao.com/10363794,서울 노원구 한글비석로 474 보람상가2층 217호,상계동 639-1,냉면,37.6647842,127.0654255,0,C,0,17.325
272,시오코 노원점,3.1,7,15,https://place.map.kakao.com/20373658,서울 노원구 상계로5길 26 지하1층,상계동 357-8,"호프,요리주점",37.6570766,127.0632419,5,C,0,16.275
277,화덕피자주는부대찌개 노원점,3.1,7,23,https://place.map.kakao.com/26838989,서울 노원구 상계로 59 2층,상계동 693-4,"찌개,전골",37.6561445,127.061489,0,C,0,16.275
184,시즌,4.0,3,140,https://place.map.kakao.com/985778800,서울 노원구 상계로3길 38-2 2층,상계동 358-6,디저트카페,37.6578283,127.0627077,4,C,0,15.6
207,사랑회수산,5.0,2,16,https://place.map.kakao.com/26539020,서울 노원구 상계로 104 1층,상계동 369-5,회,37.6567419,127.0662664,0,C,0,15.0
249,다미참치,5.0,2,30,https://place.map.kakao.com/1871306854,서울 노원구 동일로218길 17 2층,상계동 726,참치회,37.6538146,127.061626,0,C,0,15.0
254,주가네서서갈비 본점,5.0,2,18,https://place.map.kakao.com/16051406,서울 노원구 노해로85길 22,상계동 348-2,갈비,37.6563599,127.065131,0,C,0,15.0
298,삼시세끼 고기밥상 수락점,5.0,2,14,https://place.map.kakao.com/414125070,서울 노원구 동일로242길 17 2층,상계동 1120-1,한식,37.67574949999999,127.0564707,0,C,0,15.0
283,북경,3.3,6,10,https://place.map.kakao.com/376023893,서울 노원구 동일로217가길 13 광일빌딩 2층 202호,상계동 733-1,중화요리,37.6533428,127.0596249,1,C,0,14.85
217,활어의전설 노원점,3.0,6,15,https://place.map.kakao.com/311184645,서울 노원구 노해로81길 12-33 1층,상계동 332-4,회,37.6557166,127.0636511,0,C,0,13.5
252,또와순두부수제비,3.0,6,34,https://place.map.kakao.com/16646116,서울 노원구 노해로85길 10-8,상계동 323-32,실내포장마차,37.6558732,127.0655667,0,C,0,13.5
287,미스터아구,2.6,10,17,https://place.map.kakao.com/9205614,서울 노원구 덕릉로 744,상계동 95-180,아구,37.6638293,127.0765508,0,C,0,13.0
285,백두한우곱창전문 노원점,2.6,9,28,https://place.map.kakao.com/22675486,서울 노원구 상계로 92,상계동 348-30,"곱창,막창",37.6565174,127.0651007,0,C,0,11.7
296,다마식당 노원점,2.9,8,69,https://place.map.kakao.com/22079801,서울 노원구 상계로5길 31 보광빌딩 1층,상계동 594-2,"육류,고기",37.6567871,127.0629826,0,C,0,11.6
280,대원집,3.0,5,17,https://place.map.kakao.com/16499980,서울 노원구 노해로85길 10-17,상계동 323-1,"육류,고기",37.6561426,127.0660234,0,C,0,11.25
300,여자만아구찜,4.0,2,10,https://place.map.kakao.com/1740141070,서울 노원구 동일로239길 10,상계동 1049-10,아구,37.6751672,127.054526,0,C,0,10.4
265,이오냉면,2.5,8,41,https://place.map.kakao.com/12048553,서울 노원구 상계로1길 38-11,상계동 591-3,냉면,37.6579875,127.0621073,0,C,0,10.0
212,노원족발,3.3,4,21,https://place.map.kakao.com/23495499,서울 노원구 노해로85길 14,상계동 324-4,"족발,보쌈",37.6560286,127.0652712,0,C,0,9.9
284,명동칼국수,2.5,6,24,https://place.map.kakao.com/1351485177,서울 노원구 상계로 93 경일빌딩 1층,상계동 349-51,국수,37.6568725,127.0651212,0,C,0,7.5
181,노원한우,3.3,3,124,https://place.map.kakao.com/1171557896,서울 노원구 동일로218길 35,상계동 725-3,"육류,고기",37.6540986,127.0628928,0,C,0,7.425
215,일번지소한마리정육식당 노원본점,3.3,3,18,https://place.map.kakao.com/24793608,서울 노원구 상계로3길 32 1층,상계동 592-5,"육류,고기",37.6575717,127.0626191,0,C,0,7.425
271,투썸플레이스 상계사거리점,2.3,10,5,https://place.map.kakao.com/1989237181,서울 노원구 동일로 1374 2층,상계동 749,커피전문점,37.6512657,127.0617521,4,C,0,6.9
219,천하뼈다귀감자탕,2.2,10,29,https://place.map.kakao.com/10853199,서울 노원구 동일로 1595,상계동 963-1,감자탕,37.67088030000001,127.0556697,0,C,0,6.6
293,산채향,2.6,5,1,https://place.map.kakao.com/1799582622,서울 노원구 노해로77길 22 2층,상계동 711-9,한정식,37.655157,127.0593402,0,C,0,6.5
233,이자카야모리,2.0,9,27,https://place.map.kakao.com/2075548768,서울 노원구 노해로81길 12-15 2층,상계동 616-1,일본식주점,37.6557521,127.0631338,2,C,0,5.4
267,짚신매운갈비찜 노원점,2.3,6,28,https://place.map.kakao.com/16531943,서울 노원구 노해로85길 18,상계동 341-2,갈비,37.6562115,127.0651567,0,C,0,4.14
221,유정한우소곱창,1.3,7,33,https://place.map.kakao.com/25808164,서울 노원구 노해로85길 10-2,상계동 323-9,"곱창,막창",37.6557416,127.0653269,0,C,0,2.73
274,하토상의술방,2.3,3,38,https://place.map.kakao.com/1332590568,서울 노원구 상계로3길 10 한일빌딩 2층,상계동 593-3,일본식주점,37.6566575,127.0625433,2,C,0,2.07
256,고전한방삼계탕 노원점,1.0,6,12,https://place.map.kakao.com/16328989,서울 노원구 노해로 517,상계2동 323-16,삼계탕,37.6556456,127.0653791,0,C,0,1.8
193,VIPS DELIVERY 상계점,0.0,0,0,https://place.map.kakao.com/947650399,서울 노원구 상계로27길 12,상계동 389-356,음식점,37.659116,127.0706964,0,C,0,0.0
273,금강산 상계점,0.0,0,44,https://place.map.kakao.com/339865073,서울 노원구 동일로 1630 1층,상계동 1025-24,"육류,고기",37.6739232,127.0557944,0,C,0,0.0
451,크래버대게나라 노원점,4.2,88,217,https://place.map.kakao.com/1028261118,서울 노원구 한글비석로 326 1층,중계동 369-9,"게,대게",37.6564743,127.078292,0,D,1,480.48
458,칠성해물통짬뽕,4.4,31,20,https://place.map.kakao.com/27496127,서울 노원구 덕릉로83길 5 2층,중계동 606,중화요리,37.6514398,127.0831273,1,D,1,177.32
554,푸라닭치킨 상계역점,4.4,28,0,https://place.map.kakao.com/1865160358,서울 노원구 덕릉로83길 20-7 1층,중계동 154-19,치킨,37.6604727,127.0743347,0,D,1,160.16
452,돈까스먹는용만이,3.6,35,122,https://place.map.kakao.com/12460195,서울 노원구 한글비석로20길 52,중계동 140-42,"돈까스,우동",37.6612172,127.0745963,0,D,1,138.6
551,코코로돈까스,4.0,25,23,https://place.map.kakao.com/17550298,서울 노원구 한글비석로22길 30-1,중계4동 141-32,"돈까스,우동",37.6607409,127.0738372,0,D,1,130.0
455,이종구낙지세상,4.5,16,23,https://place.map.kakao.com/26895444,서울 노원구 중계로 90 우암타운 1층,중계동 27,"해물,생선",37.6438434,127.0834679,0,D,1,108.0
507,족발야시장 상계역점,4.2,18,117,https://place.map.kakao.com/2147100552,서울 노원구 한글비석로22길 40 1층,중계동 141-6,"족발,보쌈",37.6611441,127.0742379,0,D,1,98.28
482,청계천8가삼성곱창,5.0,11,6,https://place.map.kakao.com/27496466,서울 노원구 중계로14길 29,중계동 84-36,"곱창,막창",37.6497561,127.0819708,0,D,1,82.5
459,봉평메밀막국수 상계본점,3.9,16,13,https://place.map.kakao.com/9054096,서울 노원구 한글비석로20길 61,중계동 141-16,국수,37.6617034,127.0748884,0,D,1,74.88
491,나우키친 중계점,4.3,13,61,https://place.map.kakao.com/24406896,서울 노원구 한글비석로 254,중계동 364-22,양식,37.6503505,127.0770883,3,D,1,72.67
454,중계고기파티,4.1,13,124,https://place.map.kakao.com/282482500,서울 노원구 중계로12길 6 1층,중계동 58-8,"육류,고기",37.6475933,127.081126,0,D,1,69.29
486,양평해장국 중계점,4.4,12,6,https://place.map.kakao.com/71777233,서울 노원구 동일로203가길 29 브라운스톤 167~169호,중계동 506,해장국,37.6393876,127.0642707,0,D,1,68.64
453,호접몽,3.6,17,33,https://place.map.kakao.com/8177898,서울 노원구 중계로18길 9,중계동 366-15,중화요리,37.651092,127.0777783,1,D,1,67.32
472,아리엔스시,4.3,11,18,https://place.map.kakao.com/18510014,서울 노원구 중계로 225 청구종합상가동 1층 143호,중계동 360-2,"초밥,롤",37.6496758,127.0745809,2,D,1,61.49
463,노브랜드버거 중계공원점,3.8,13,49,https://place.map.kakao.com/243743514,서울 노원구 동일로204가길 34,중계동 509-1,패스트푸드,37.6406859,127.0681273,3,D,1,59.28
499,스시락,3.6,11,6,https://place.map.kakao.com/20099642,서울 노원구 한글비석로 269,중계동 359-9,"초밥,롤",37.6516789,127.0767715,2,D,1,43.56
456,하나샤브샤브,3.2,17,44,https://place.map.kakao.com/187151325,서울 노원구 동일로203가길 29 브라운스톤상가 101호,중계동 506,샤브샤브,37.6393876,127.0642707,0,D,1,40.8
506,버거톤 중계점,3.0,15,5,https://place.map.kakao.com/27596619,서울 노원구 섬밭로 258 건영백화점 1층,중계동 506-1,햄버거,37.6389443,127.0647295,3,D,1,33.75
534,BHC치킨 중계점,2.2,16,4,https://place.map.kakao.com/26828958,서울 노원구 동일로 1280 상가동 지하층 06호 ,중계동 512,치킨,37.6428027,127.0664601,0,D,1,10.56
510,신의주찹쌀순대 중계동점,2.4,14,21,https://place.map.kakao.com/13096742,"서울 노원구 동일로203가길 29 1층 144,145호",중계동 506,순대,37.6393876,127.0642707,0,D,1,10.08
465,애슐리퀸즈 2001중계점,1.8,18,49,https://place.map.kakao.com/8459531,서울 노원구 동일로204가길 46 8층,중계동 509,패밀리레스토랑,37.6412281,127.0678668,3,D,1,9.72
521,토다이 중계점(휴업중),2.1,11,33,https://place.map.kakao.com/15107601,서울 노원구 섬밭로 258 건영백화점 4층,중계동 506-1,해산물뷔페,37.6389443,127.0647295,0,D,1,6.93
596,BBQ 중계은행점,1.2,14,4,https://place.map.kakao.com/18902985,서울 노원구 한글비석로 272 중원코아빌딩 1층 105호,중계동 366-10,치킨,37.6517101,127.0775429,0,D,1,5.04
542,보노돈까스,4.9,8,8,https://place.map.kakao.com/21131937,서울 노원구 중계로8길 128,중계동 87-15,"돈까스,우동",37.648202,127.0833803,0,D,0,58.8
477,뚝배기바지락칼국수,4.8,8,6,https://place.map.kakao.com/11884233,서울 노원구 중계로 158,중계동 81,국수,37.6490287,127.0810154,0,D,0,57.6
461,영스넥,4.1,10,8,https://place.map.kakao.com/17079040,서울 노원구 한글비석로 245 두타빌 A동 지하1층 109호,중계동 360-9,떡볶이,37.649542,127.0763583,0,D,0,53.3
565,장수한우곱창 상계점,4.1,10,5,https://place.map.kakao.com/145407990,서울 노원구 덕릉로83길 5 한화꿈에그린 더퍼스트 상가 1층 105호,중계동 606,"곱창,막창",37.6514398,127.0831273,0,D,0,53.3
476,라트커피,5.0,7,29,https://place.map.kakao.com/743923214,서울 노원구 한글비석로 245 두타빌상가 B동 1층 124호,중계동 360-9,커피전문점,37.649542,127.0763583,4,D,0,52.5
489,시골순대 상계점,5.0,7,7,https://place.map.kakao.com/16589600,서울 노원구 한글비석로20길 57,중계동 141-18,순대,37.6615843,127.0747504,0,D,0,52.5
494,군자대한곱창 중계점,5.0,6,35,https://place.map.kakao.com/1822344286,서울 노원구 중계로 201 오성프라자 1층,중계동 364-24,"곱창,막창",37.6504368,127.0777536,0,D,0,45.0
502,싹쓰리솥뚜껑김치삼겹살 중계점,4.0,8,9,https://place.map.kakao.com/1691544625,서울 노원구 중계로 129,중계동 311-22,삼겹살,37.6465989,127.0805852,0,D,0,41.6
572,얌샘김밥 중계역점,4.5,6,4,https://place.map.kakao.com/1796497210,서울 노원구 동일로 1279 중계그린아파트 B상가 101호,중계동 503,분식,37.6420655,127.0640457,0,D,0,40.5
523,라화쿵부 상계역점,4.4,7,6,https://place.map.kakao.com/718586106,서울 노원구 덕릉로83길 17 2층,중계동 154-11,중식,37.659948,127.0742879,1,D,0,40.04
528,BHC치킨 상계역점,5.0,5,0,https://place.map.kakao.com/2070591387,서울 노원구 덕릉로87길 13,중계동 142-44,치킨,37.6606132,127.0749008,0,D,0,37.5
595,옛날통닭1번지 중계점,5.0,5,2,https://place.map.kakao.com/1298195237,서울 노원구 중계로12가길 2 1층 105호,중계동 58-18,치킨,37.6474118,127.0821141,0,D,0,37.5
479,송화강식당,3.9,8,14,https://place.map.kakao.com/17588226,서울 노원구 한글비석로20길 14,중계동 154-31,양꼬치,37.6597492,127.0737645,1,D,0,37.44
466,온달왕돈까스 상계점,3.6,9,16,https://place.map.kakao.com/10625264,서울 노원구 한글비석로20길 10,중계동 154-32,"돈까스,우동",37.6596154,127.0737027,0,D,0,35.64
569,곤조참치,4.3,6,4,https://place.map.kakao.com/620791338,서울 노원구 덕릉로 721,중계동 137-39,"해물,생선",37.6620064,127.0755034,0,D,0,33.54
462,봉심이족발,4.2,6,67,https://place.map.kakao.com/7908636,서울 노원구 덕릉로83길 20-5,중계동 154-17,"족발,보쌈",37.6603144,127.0742573,0,D,0,32.76
509,서원,4.2,6,0,https://place.map.kakao.com/65946463,서울 노원구 덕릉로 692,중계동 160,갈비,37.6593332,127.0757429,0,D,0,32.76
485,갈비1번지,4.0,6,12,https://place.map.kakao.com/1676142968,"서울 노원구 한글비석로 366 신일아파트 1층 101,102호",중계동 589,갈비,37.658358,127.0747916,0,D,0,31.2
524,고피자 중계학원가점,4.0,6,6,https://place.map.kakao.com/441150220,서울 노원구 한글비석로 250 그린코아빌딩 115호,중계동 364-20,피자,37.6499858,127.0769999,3,D,0,31.2
527,해신횟집,4.0,6,4,https://place.map.kakao.com/16679449,서울 노원구 덕릉로83길 20-4,중계동 154-20,참치회,37.66026770000001,127.0745016,0,D,0,31.2
478,은사즉석떡볶이,5.0,4,4,https://place.map.kakao.com/1026702659,서울 노원구 한글비석로 264 그랜드프라자 2층,중계동 366-6,떡볶이,37.6510283,127.0772272,0,D,0,30.0
520,지지고 은행사거리점,5.0,4,2,https://place.map.kakao.com/1166916322,서울 노원구 한글비석로 265 영광프라자 104호,중계동 359-10,도시락,37.6514194,127.0765413,0,D,0,30.0
579,사카나,5.0,4,5,https://place.map.kakao.com/16082172,서울 노원구 한글비석로20길 33 1층,중계동 142-14,일본식주점,37.6606835,127.073983,2,D,0,30.0
541,청년다방 상계역점,4.8,4,8,https://place.map.kakao.com/1287008852,서울 노원구 덕릉로83길 26 102호,중계동 154-14,떡볶이,37.6602831,127.074048,0,D,0,28.8
464,천우가,4.4,5,18,https://place.map.kakao.com/1431583989,서울 노원구 덕릉로 688 6층,중계동 160-3,"육류,고기",37.6593332,127.0757429,0,D,0,28.6
475,요남자 중계점,4.4,5,11,https://place.map.kakao.com/25936383,서울 노원구 중계로16길 30 1층,중계동 94-4,양식,37.65097859999999,127.0820691,3,D,0,28.6
533,매일파스타,3.5,8,13,https://place.map.kakao.com/222388232,"서울 노원구 동일로203가길 29 브라운스톤상가 2층 226, 227호",중계동 506,양식,37.6393876,127.0642707,3,D,0,28.0
488,매머드커피 상계역점,3.8,6,3,https://place.map.kakao.com/1885490296,서울 노원구 한글비석로 384 대호상가 1층 125-1호,중계동 591,커피전문점,37.6597817,127.0731906,4,D,0,27.36
557,동대문엽기떡볶이 중계점,4.5,4,9,https://place.map.kakao.com/26983981,서울 노원구 덕릉로 686 1층,중계동 158-4,떡볶이,37.6587655,127.0753929,0,D,0,27.0
473,일식어원,4.0,5,16,https://place.map.kakao.com/8492822,서울 노원구 한글비석로 254,중계동 364-22,일식집,37.6503505,127.0770883,2,D,0,26.0
543,그남자의덮밥 중계점,4.0,5,60,https://place.map.kakao.com/2061208553,서울 노원구 동일로203가길 29 중계브라운스톤 156호,중계동 506,퓨전한식,37.6393876,127.0642707,0,D,0,26.0
545,사이공본가 상계점,4.0,5,6,https://place.map.kakao.com/199879654,서울 노원구 덕릉로 699 1층105호,중계동 143,베트남음식,37.660074,127.0751965,5,D,0,26.0
501,인상적,3.7,6,26,https://place.map.kakao.com/1673662721,서울 노원구 덕릉로83길 20-7 지하1층,중계동 154-19,와인바,37.6604727,127.0743347,3,D,0,24.42
515,맨시니스,3.7,6,8,https://place.map.kakao.com/364787817,서울 노원구 한글비석로22길 28 예원빌딩 4층,중계동 141-33,카페,37.6606817,127.0737586,4,D,0,24.42
492,리차이나,3.2,10,13,https://place.map.kakao.com/26547607,서울 노원구 동일로203가길 29 브라운스톤 279호,중계동 506,중화요리,37.6393876,127.0642707,1,D,0,24.0
518,우서목김밥,3.2,10,4,https://place.map.kakao.com/626332689,서울 노원구 중계로 202,중계동 366-4,분식,37.6507596,127.0777847,0,D,0,24.0
512,대머리곱창 중계점,3.8,5,7,https://place.map.kakao.com/357421900,서울 노원구 동일로 1279,중계동 503,"곱창,막창",37.6420655,127.0640457,0,D,0,22.8
562,싸움의고수 은행사거리점,3.8,5,2,https://place.map.kakao.com/1659385755,서울 노원구 한글비석로 264 중계그랜드프라자 113호,중계동 366-6,"족발,보쌈",37.6510283,127.0772272,0,D,0,22.8
468,거북이삼겹살,5.0,3,57,https://place.map.kakao.com/1578482811,"서울 노원구 덕릉로 721 정진아트리움 107,108호",중계동 137-39,삼겹살,37.6620064,127.0755034,0,D,0,22.5
537,설빙 상계역점,5.0,3,3,https://place.map.kakao.com/567336801,서울 노원구 덕릉로87길 21 2층,중계동 141,디저트카페,37.660763,127.074466,4,D,0,22.5
566,파리바게뜨 상계본점,5.0,3,1,https://place.map.kakao.com/1571223188,서울 노원구 한글비석로15길 3 파리바게뜨 상계본점,중계동 157-35,"제과,베이커리",37.65807660000001,127.0744075,4,D,0,22.5
583,메가커피 상계역점,5.0,3,2,https://place.map.kakao.com/757831707,서울 노원구 덕릉로83길 18,중계동 154-22,커피전문점,37.6600958,127.0744074,4,D,0,22.5
593,파파존스 중계점,5.0,3,13,https://place.map.kakao.com/21413910,서울 노원구 한글비석로 264 그랜드프라자 2층,중계동 366-6,피자,37.6510283,127.0772272,3,D,0,22.5
571,미스터짱닭치킨 상계역점,4.3,4,7,https://place.map.kakao.com/19661945,서울 노원구 한글비석로20길 17,중계동 142-51,치킨,37.6599809,127.0736687,0,D,0,22.36
585,후라이드참잘하는집 중계점,4.7,3,3,https://place.map.kakao.com/1515500122,서울 노원구 노원로 333,중계동 514-3,치킨,37.6464986,127.0688377,0,D,0,21.15
564,옛날통닭,4.0,4,2,https://place.map.kakao.com/1285397795,서울 노원구 동일로203가길 29 브라운스톤 1층,중계동 506,치킨,37.6393876,127.0642707,0,D,0,20.8
548,포&시드니 중계브라운스톤점,3.6,5,11,https://place.map.kakao.com/27323374,서울 노원구 동일로203가길 29 중계브라운스톤아파트 상가 1층 110호,중계동 506,동남아음식,37.6393876,127.0642707,5,D,0,19.8
481,최고집칼국수 중계점,3.1,8,1,https://place.map.kakao.com/10841140,서울 노원구 한글비석로 325,중계동 358-6,국수,37.6564075,127.077699,0,D,0,18.6
516,3km,3.4,7,5,https://place.map.kakao.com/1584319026,서울 노원구 중계로19길 48,중계동 360-15,"호프,요리주점",37.6485488,127.0744872,5,D,0,17.85
514,예가,4.3,3,7,https://place.map.kakao.com/16620366,서울 노원구 중계로8길 11,중계동 43-10,추어,37.64594880000001,127.0826092,0,D,0,16.77
493,마리채 상계점,3.1,7,2,https://place.map.kakao.com/21237096,서울 노원구 덕릉로83길 9-8,중계동 154-43,"육류,고기",37.6597675,127.0745984,0,D,0,16.275
500,봄날카페,5.0,2,3,https://place.map.kakao.com/964891721,서울 노원구 중계로18길 13,중계동 366-14,커피전문점,37.6512732,127.0777829,4,D,0,15.0
508,설도 중계점,5.0,2,2,https://place.map.kakao.com/1401934696,서울 노원구 덕릉로 665-1 1층,중계동 434-49,"육류,고기",37.6570193,127.0744796,0,D,0,15.0
536,노원상계서서갈비,5.0,2,2,https://place.map.kakao.com/23786499,서울 노원구 한글비석로20길 56,중계동 140-2,갈비,37.6614217,127.0748125,0,D,0,15.0
558,본죽 중계은행사거리점,5.0,2,2,https://place.map.kakao.com/16617383,서울 노원구 한글비석로 245 두타빌A동 110호,중계동 360-9,죽,37.649542,127.0763583,0,D,0,15.0
563,써브웨이 중계은행사거리점,5.0,2,0,https://place.map.kakao.com/1374085143,서울 노원구 한글비석로 269 1층,중계동 359-9,샌드위치,37.6516789,127.0767715,3,D,0,15.0
578,복촌닭한마리,5.0,2,22,https://place.map.kakao.com/19531893,서울 노원구 한글비석로20길 19 2층,중계동 142-50,국수,37.6600371,127.0737122,0,D,0,15.0
586,남원골추어탕,5.0,2,0,https://place.map.kakao.com/8881535,서울 노원구 덕릉로83길 9-16,중계동 154-39,추어,37.659606,127.0741131,0,D,0,15.0
575,수유다래함박스텍 중계점,3.3,6,10,https://place.map.kakao.com/1935352310,서울 노원구 덕릉로 699 1층,중계동 142-11,"스테이크,립",37.6601199,127.0751857,3,D,0,14.85
467,스타벅스 은행사거리점,3.2,6,4,https://place.map.kakao.com/10538293,"서울 노원구 중계로 217 중흥빌딩 103,203호",중계동 360-6,커피전문점,37.6504634,127.0759752,4,D,0,14.4
504,소문난 감자탕뼈해장국,3.2,6,10,https://place.map.kakao.com/13287922,서울 노원구 덕릉로 694,중계동 152-9,감자탕,37.6595401,127.0755952,0,D,0,14.4
496,중계수산,3.5,4,7,https://place.map.kakao.com/1099388561,서울 노원구 덕릉로 686,중계동 158-4,일식집,37.6587655,127.0753929,2,D,0,14.0
539,국물명가전주콩나물국밥 상계역점,3.5,4,4,https://place.map.kakao.com/1315294173,서울 노원구 한글비석로 367,중계동 157-41,국밥,37.6582803,127.0740763,0,D,0,14.0
556,국빈,4.5,2,3,https://place.map.kakao.com/11558079,서울 노원구 중계로16가길 29,중계동 93-31,중화요리,37.6504177,127.0825836,1,D,0,13.5
587,피자헛 중계본점,4.5,2,1,https://place.map.kakao.com/1096945990,서울 노원구 한글비석로15길 27,중계동 430-37,피자,37.6569895,127.0741309,3,D,0,13.5
592,이코이바,4.5,2,6,https://place.map.kakao.com/16905243,서울 노원구 한글비석로20길 54,중계동 140-39,일본식주점,37.6613257,127.0747559,2,D,0,13.5
513,노랑통닭 중계점,3.7,3,55,https://place.map.kakao.com/1579088698,서울 노원구 한글비석로 245 두타빌 B동 1층,중계동 360-9,치킨,37.649542,127.0763583,0,D,0,12.21
576,미래수산,3.7,3,3,https://place.map.kakao.com/15319187,서울 노원구 동일로 1280,중계동 512,회,37.6428027,127.0664601,0,D,0,12.21
599,수유리우동집 상계직영점,2.7,9,0,https://place.map.kakao.com/20636837,서울 노원구 덕릉로83길 18,중계동 154-22,"돈까스,우동",37.6600958,127.0744074,0,D,0,12.15
535,교촌치킨 중계1호점,3.2,5,1,https://place.map.kakao.com/8229796,서울 노원구 한글비석로 245,중계동 360-9,치킨,37.649542,127.0763583,0,D,0,12.0
538,맘스터치 상계역점,2.9,8,4,https://place.map.kakao.com/558704688,서울 노원구 덕릉로83길 26 2층,중계동 154-15,패스트푸드,37.6602174,127.0740681,3,D,0,11.6
525,키즈앤팡 중계점,4.0,2,3,https://place.map.kakao.com/416680587,서울 노원구 중계로12가길 2 선인빌딩 4층,중계동 58-20,키즈카페,37.6473276,127.0820619,4,D,0,10.4
568,탐앤탐스 하계점,4.0,2,1,https://place.map.kakao.com/17083009,서울 노원구 섬밭로 258 1층,중계동 506-1,커피전문점,37.6389443,127.0647295,4,D,0,10.4
570,배스킨라빈스 상계역점,2.5,8,3,https://place.map.kakao.com/10410434,서울 노원구 한글비석로 384 대호프라자상가,중계동 591,아이스크림,37.6597817,127.0731906,0,D,0,10.0
560,평창메밀막국수,3.3,4,3,https://place.map.kakao.com/17360930,서울 노원구 한글비석로20길 15-11,중계4동 142-18,국수,37.66026919999999,127.0735427,0,D,0,9.9
546,교촌치킨 중계역점,2.7,7,1,https://place.map.kakao.com/16820460,서울 노원구 동일로 1279,중계동 503,치킨,37.6420655,127.0640457,0,D,0,9.45
598,카페 포레스트,3.0,4,10,https://place.map.kakao.com/1200256077,서울 노원구 한글비석로12길 51-49,중계동 산 101,카페,37.6520229,127.0838026,4,D,0,9.0
470,맥도날드 중계점,2.5,6,2,https://place.map.kakao.com/7860478,서울 노원구 중계로 218,중계동 359-14,패스트푸드,37.6508113,127.0759834,3,D,0,7.5
503,역전할머니맥주 서울상계역점,5.0,1,7,https://place.map.kakao.com/250122602,서울 노원구 한글비석로20길 29,중계동 142-39,"호프,요리주점",37.6604515,127.0739235,5,D,0,7.5
573,도리연닭도리탕,5.0,1,14,https://place.map.kakao.com/244846284,서울 노원구 덕릉로83길 20-5,중계동 154-17,닭요리,37.6603144,127.0742573,0,D,0,7.5
580,굽네치킨 중계1동점,5.0,1,0,https://place.map.kakao.com/1028864335,서울 노원구 덕릉로 591 1층 102호,중계동 413-8,치킨,37.6509816,127.071854,0,D,0,7.5
582,땅스부대찌개 중계점,5.0,1,3,https://place.map.kakao.com/1803019295,서울 노원구 중계로 198 상가 1층,중계동 366,"찌개,전골",37.6519337,127.0795233,0,D,0,7.5
584,행복한밥집,5.0,1,4,https://place.map.kakao.com/16379574,서울 노원구 한글비석로 276,중계동 366-11,한식,37.6518767,127.0777573,0,D,0,7.5
594,등촌샤브칼국수 중계점,5.0,1,7,https://place.map.kakao.com/1256863259,서울 노원구 한글비석로 270 스카이타워 104호,중계동 366-9,샤브샤브,37.6515448,127.0773761,0,D,0,7.5
540,삼정종합어시장,3.3,3,13,https://place.map.kakao.com/1442356939,서울 노원구 덕릉로83길 15 1층,중계동 154-41,회,37.6598165,127.0744131,0,D,0,7.425
574,옛촌냉면,3.3,3,3,https://place.map.kakao.com/13293729,서울 노원구 동일로 1279,중계동 502-1,냉면,37.644231,127.0634009,0,D,0,7.425
577,빽다방 중계은행사거리점,3.3,3,0,https://place.map.kakao.com/27095996,서울 노원구 한글비석로 235 하나프라자빌딩 105호,중계동 360-11,커피전문점,37.6487497,127.0763296,4,D,0,7.425
457,속초붉은대게 중계점,3.5,2,19,https://place.map.kakao.com/1701868494,0,중계동 589,"게,대게",37.658358,127.0747916,0,D,0,7.0
561,명륜진사갈비 상계역점,2.6,5,6,https://place.map.kakao.com/1521072166,서울 노원구 덕릉로87길 21,중계동 141,갈비,37.660763,127.074466,0,D,0,6.5
460,화로상회 상계역점,2.2,9,54,https://place.map.kakao.com/1461918151,서울 노원구 한글비석로 384 대호프라자 113~120호,중계동 591,"육류,고기",37.6597817,127.0731906,0,D,0,5.94
480,투썸플레이스 중계은행사거리점,2.3,8,4,https://place.map.kakao.com/14683999,서울 노원구 한글비석로 242 삼부플라자 1층,중계동 364-19,커피전문점,37.64919800000001,127.0769575,4,D,0,5.52
469,카페브람스,2.1,8,11,https://place.map.kakao.com/1176215888,서울 노원구 중계로8길 48,중계동 43-15,카페,37.6461632,127.0846881,4,D,0,5.04
474,KFC 중계은행사거리점,2.4,7,1,https://place.map.kakao.com/27584428,서울 노원구 한글비석로 227,중계동 360-14,패스트푸드,37.647867,127.0762533,3,D,0,5.04
567,뚜레쥬르 중계브라운점,2.5,4,0,https://place.map.kakao.com/7849743,"서울 노원구 동일로203가길 29 브라운스톤중계 1층 185,186호",중계동 506,"제과,베이커리",37.6393876,127.0642707,4,D,0,5.0
526,설빙 중계은행사거리점,3.0,2,4,https://place.map.kakao.com/26644177,서울 노원구 중계로 218 원광빌딩 201호,중계동 359-14,디저트카페,37.6508113,127.0759834,4,D,0,4.5
530,조마루 상계역점,3.0,2,7,https://place.map.kakao.com/27300727,서울 노원구 덕릉로 705,중계동 144-1,감자탕,37.6606306,127.0752802,0,D,0,4.5
552,양꼬치가,3.0,2,15,https://place.map.kakao.com/1575054414,서울 노원구 한글비석로20길 30,중계동 154-13,중화요리,37.6604154,127.0741541,1,D,0,4.5
517,교촌치킨 중계2호점,1.4,10,2,https://place.map.kakao.com/19147149,서울 노원구 덕릉로 721 정진빌라 1층,중계동 137-39,치킨,37.6620064,127.0755034,0,D,0,4.2
591,메가커피 중계브라운스톤점,2.7,3,2,https://place.map.kakao.com/1443789514,"서울 노원구 동일로203가길 29 1층 173,174호",중계동 506,커피전문점,37.6393876,127.0642707,4,D,0,4.05
529,배스킨라빈스 중계브라운스톤점,2.4,5,2,https://place.map.kakao.com/12255580,서울 노원구 동일로203가길 29,중계동 506,아이스크림,37.6393876,127.0642707,0,D,0,3.6
495,홍연집 상계역점,2.2,5,25,https://place.map.kakao.com/27478815,서울 노원구 덕릉로83길 19-5,중계동 154-38,회,37.6597039,127.0741924,0,D,0,3.3
498,도미노피자 중계점,1.8,5,5,https://place.map.kakao.com/7832343,서울 노원구 한글비석로8길 29 중계주공6단지 상가 102호,중계동 364-14,피자,37.6482169,127.0784689,3,D,0,2.7
471,사이코우스시,1.1,8,15,https://place.map.kakao.com/24811983,서울 노원구 덕릉로73길 18,중계동 423-40,"초밥,롤",37.6521367,127.0723076,2,D,0,2.64
490,이층소정육식당 상계역점,2.5,2,42,https://place.map.kakao.com/258630503,서울 노원구 한글비석로 369 2층,중계동 157-33,"육류,고기",37.6583651,127.0739732,0,D,0,2.5
532,이자카야심,3.0,1,15,https://place.map.kakao.com/1483918776,서울 노원구 덕릉로83길 20-10,중계동 154-5,일본식주점,37.6604324,127.0745891,2,D,0,2.25
550,채선당 중계점,3.0,1,2,https://place.map.kakao.com/8093485,서울 노원구 덕릉로 692 2층,중계동 160,샤브샤브,37.6593332,127.0757429,0,D,0,2.25
559,롯데리아 상계점,3.0,1,2,https://place.map.kakao.com/14600358,서울 노원구 한글비석로 369,중계동 157-33,패스트푸드,37.6583651,127.0739732,3,D,0,2.25
487,플루토,2.3,3,13,https://place.map.kakao.com/14632086,서울 노원구 동일로 1308 정안프라자 지하1층,중계동 515-2,뷔페,37.64669749999999,127.0657247,3,D,0,2.07
497,커피빈 중계동은행사거리점,2.3,3,5,https://place.map.kakao.com/26624130,서울 노원구 한글비석로 263 성모빌딩 1층,중계동 359-11,커피전문점,37.6511746,127.0764616,4,D,0,2.07
553,뚜레쥬르 상계점,2.3,3,0,https://place.map.kakao.com/1603868737,서울 노원구 덕릉로 669,중계동 434-1,"제과,베이커리",37.6573431,127.0746365,4,D,0,2.07
505,포레스트담,2.0,3,6,https://place.map.kakao.com/22510150,서울 노원구 중계로 218,중계동 359-14,양식,37.6508113,127.0759834,3,D,0,1.8
589,맘스터치 노원중계점,1.0,4,2,https://place.map.kakao.com/652160053,서울 노원구 한글비석로 233 1층,중계동 360-12,패스트푸드,37.6484656,127.0762821,3,D,0,1.2
483,타요키즈카페 서울중계점,2.0,1,8,https://place.map.kakao.com/26352452,서울 노원구 덕릉로 669 5층,중계동 434-1,키즈카페,37.6573431,127.0746365,4,D,0,0.6
555,용을타는 돼지네포장마차,2.0,1,3,https://place.map.kakao.com/15858824,서울 노원구 중계로18길 17,중계동 366-13,실내포장마차,37.6514801,127.0778563,0,D,0,0.6
590,왕골감자탕 중계점,1.0,2,5,https://place.map.kakao.com/1563223249,서울 노원구 한글비석로 273 1층,중계동 359-8,감자탕,37.6521219,127.0772046,0,D,0,0.6
531,하남돼지집 중계은행점,1.0,1,18,https://place.map.kakao.com/25161938,서울 노원구 한글비석로 271 1층,중계동 359-20,삼겹살,37.6519368,127.0770403,0,D,0,0.3
549,송정낙지,1.0,1,10,https://place.map.kakao.com/1163481691,서울 노원구 덕릉로83길 16,중계동 154-23,"해물,생선",37.6600636,127.0745517,0,D,0,0.3
484,미스터회전초밥,0.0,0,0,https://place.map.kakao.com/333754774,서울 노원구 한글비석로 264,중계동 366-6,음식점,37.6510283,127.0772272,0,D,0,0.0
511,500소갈비살 상계역점,0.0,0,13,https://place.map.kakao.com/253049752,서울 노원구 덕릉로83길 14-7,중계동 154-25,갈비,37.6602869,127.0746566,0,D,0,0.0
519,춘천골닭갈비,0.0,0,7,https://place.map.kakao.com/1957292276,서울 노원구 덕릉로83길 15 1층,중계동 154-41,닭요리,37.6598165,127.0744131,0,D,0,0.0
522,춘천최부자숯불닭갈비 상계점,0.0,0,16,https://place.map.kakao.com/1898315427,서울 노원구 덕릉로83길 10 1층,중계동 154-28,닭요리,37.6599353,127.0748525,0,D,0,0.0
544,만선수산,0.0,0,3,https://place.map.kakao.com/15668564,서울 노원구 한글비석로 366,중계동 589,회,37.658358,127.0747916,0,D,0,0.0
547,인생극장 상계역점,0.0,0,5,https://place.map.kakao.com/480154023,서울 노원구 한글비석로20길 39,중계동 141-9,갈비,37.66092039999999,127.0740922,0,D,0,0.0
581,가츠몽 중계은행사거리점,0.0,0,2,https://place.map.kakao.com/1666035904,서울 노원구 한글비석로 231 위성프라자 104호,중계동 360-13,"돈까스,우동",37.6481682,127.0762813,0,D,0,0.0
588,카페109,0.0,0,1,https://place.map.kakao.com/1229879684,서울 노원구 덕릉로83길 6 1층,중계동 142-3,커피전문점,37.659988,127.0750253,4,D,0,0.0
597,투썸커피 하계CGV스윗바점,0.0,0,0,https://place.map.kakao.com/23078460,서울 노원구 섬밭로 258,중계동 506-1,커피전문점,37.6389443,127.0647295,4,D,0,0.0
600,죽변항,0.0,0,5,https://place.map.kakao.com/2136395759,"서울 노원구 한글비석로 377 삼창상가 105, 107호",중계동 157-30,회,37.6590349,127.0737904,0,D,0,0.0
601,신가네칼국수 노원본점,4.5,51,157,https://place.map.kakao.com/9199444,서울 노원구 공릉로59나길 78-14 1층,하계동 115-1,한식,37.6356584,127.0702137,0,E,1,344.25
613,버거투버거,4.7,38,14,https://place.map.kakao.com/16877137,서울 노원구 공릉로62가길 50,하계동 59,햄버거,37.6370071,127.0747834,3,E,1,267.9
609,포앤반 하계역점,4.6,15,38,https://place.map.kakao.com/1288692596,서울 노원구 공릉로 322-3 1층,하계동 170-36,베트남음식,37.6357361,127.0715009,5,E,1,103.5
616,카페밀크콩 하계점,3.8,15,8,https://place.map.kakao.com/1874910506,"서울 노원구 공릉로59나길 48-8 1,2층",하계동 115-13,카페,37.63543689999999,127.0701235,4,E,1,68.4
656,돈까스가게,4.0,11,5,https://place.map.kakao.com/2000861638,서울 노원구 공릉로 304,하계동 153-3,"돈까스,우동",37.6342228,127.0720172,0,E,1,57.2
610,신고집찜칼국수 본점,3.6,14,22,https://place.map.kakao.com/9217906,서울 노원구 노원로15길 51-30,하계동 209-2,국수,37.6394183,127.0700841,0,E,1,55.44
614,짬뽕필락 하계점,3.1,22,12,https://place.map.kakao.com/14747411,서울 노원구 공릉로70길 6 2층,하계동 208-26,중화요리,37.6391166,127.0697672,1,E,1,51.15
603,제형면옥 하계점,2.9,35,24,https://place.map.kakao.com/84131333,서울 노원구 공릉로65길 16,하계동 115-5,냉면,37.6353337,127.0700546,0,E,1,50.75
618,스시준,3.5,14,12,https://place.map.kakao.com/21697154,서울 노원구 공릉로70길 8-3,하계동 208-23,일식,37.6391359,127.0700366,2,E,1,49.0
632,대박짬뽕마을,3.4,11,14,https://place.map.kakao.com/22136835,서울 노원구 공릉로58가길 17,하계동 179-27,중식,37.6362335,127.0723094,1,E,1,28.05
619,스시다네,2.4,12,4,https://place.map.kakao.com/681342661,서울 노원구 한글비석로1길 33,하계동 208-5,일식집,37.639115,127.0703655,2,E,1,8.64
606,참누렁소,2.3,12,37,https://place.map.kakao.com/13094333,서울 노원구 공릉로63길 13,하계1동 276-6,"육류,고기",37.634848,127.070507,0,E,1,8.28
615,향림,2.3,12,6,https://place.map.kakao.com/8613656,서울 노원구 한글비석로 127 마린스포츠센타 2층,하계동 256-5,중화요리,37.6404299,127.0753313,1,E,1,8.28
629,하남돼지집 노원하계점,1.8,12,11,https://place.map.kakao.com/344763652,서울 노원구 한글비석로1길 51,하계동 213-5,삼겹살,37.6399817,127.0704612,0,E,1,6.48
623,스시앤모어,4.6,9,13,https://place.map.kakao.com/1601120420,서울 노원구 공릉로62가길 14,하계동 168-1,일식집,37.6363176,127.0731547,2,E,0,62.1
634,크로븐,4.9,8,11,https://place.map.kakao.com/1123976973,서울 노원구 공릉로59가길 23 1층,하계동 155-3,"제과,베이커리",37.6344522,127.0708258,4,E,0,58.8
602,해품장 팔팔장어 본점,4.4,9,62,https://place.map.kakao.com/804932066,서울 노원구 노원로 192,하계동 69-8,장어,37.6373708,127.0794606,0,E,0,51.48
617,영덕물회전문,5.0,6,2,https://place.map.kakao.com/16051496,서울 노원구 공릉로58길 63,하계동 158-4,회,37.63516389999999,127.0720746,0,E,0,45.0
646,제로포인트제로,5.0,6,18,https://place.map.kakao.com/1893856194,서울 노원구 공릉로62길 19 1층,하계동 170-50,카페,37.6366805,127.0736986,4,E,0,45.0
688,카레테이블 과기대점,4.1,7,2,https://place.map.kakao.com/92416175,서울 노원구 공릉로58길 117 2층,하계동 62,퓨전일식,37.636035,127.0746833,2,E,0,37.31
645,분식사,4.8,5,9,https://place.map.kakao.com/1903131027,서울 노원구 공릉로59길 15 웅천종합상가 116호,하계동 274-1,분식,37.6331134,127.0710645,0,E,0,36.0
607,태능숯불갈비,3.5,10,11,https://place.map.kakao.com/9490689,서울 노원구 한글비석로1길 37,하계동 208-1,갈비,37.6392915,127.0703463,0,E,0,35.0
622,달밭소곱창,4.6,5,12,https://place.map.kakao.com/27589889,서울 노원구 한글비석로1길 68 타임빌딩 1층,하계동 251,"곱창,막창",37.6392243,127.0715448,0,E,0,34.5
696,비젼,5.0,4,0,https://place.map.kakao.com/1256088844,서울 노원구 공릉로58가길 12,하계동 169-4,한식,37.6360746,127.0729493,0,E,0,30.0
704,돌마루,4.8,4,2,https://place.map.kakao.com/12826383,서울 노원구 노원로15길 51-25,하계동 213-10,"육류,고기",37.6405713,127.0700539,0,E,0,28.8
630,퀴헨,3.8,6,5,https://place.map.kakao.com/612388833,서울 노원구 공릉로58길 120,하계동 72,한식,37.6359702,127.0749231,0,E,0,27.36
643,이디야커피 하계을지점,3.8,6,0,https://place.map.kakao.com/2125679465,서울 노원구 공릉로 326,하계동 179-25,커피전문점,37.6358505,127.0711596,4,E,0,27.36
668,와플대학 하계장미캠퍼스,4.2,5,2,https://place.map.kakao.com/653216016,서울 노원구 섬밭로 196,하계동 273,"제과,베이커리",37.6336102,127.0678022,4,E,0,27.3
686,고향숯불소갈비살,4.2,5,5,https://place.map.kakao.com/21331883,서울 노원구 섬밭로 196 장미아파트상가 1층,하계동 273,갈비,37.6336102,127.0678022,0,E,0,27.3
711,감나무아래,4.2,5,3,https://place.map.kakao.com/706132623,서울 노원구 공릉로70길 8-4,하계동 208-27,카페,37.6390577,127.0698393,4,E,0,27.3
721,에디슨DHA치킨 하계1호점,4.0,5,0,https://place.map.kakao.com/10570377,서울 노원구 섬밭로 196,하계동 280,치킨,37.6347792,127.069563,0,E,0,26.0
690,우스타그램,3.8,5,16,https://place.map.kakao.com/1586050005,서울 노원구 섬밭로 196,하계동 273,"육류,고기",37.6336102,127.0678022,0,E,0,22.8
605,DNJ레스토랑,3.0,10,11,https://place.map.kakao.com/21391105,서울 노원구 노원로 244 1층,하계동 256-11,중화요리,37.6394838,127.0742949,1,E,0,22.5
625,웅가네 개성김치녹차삼겹살,5.0,3,8,https://place.map.kakao.com/11181285,서울 노원구 공릉로59길 15 웅진상가동 1층 102호,하계동 274-1,삼겹살,37.6331134,127.0710645,0,E,0,22.5
637,식상가,5.0,3,11,https://place.map.kakao.com/289758101,서울 노원구 공릉로70길 10 2층,하계동 208-10,중식,37.63914949999999,127.0702778,1,E,0,22.5
699,터틀힐,5.0,3,0,https://place.map.kakao.com/818233574,서울 노원구 공릉로58길 106 1층,하계동 76-4,샌드위치,37.63556639999999,127.0742177,3,E,0,22.5
714,하계생오리,5.0,3,1,https://place.map.kakao.com/2132841003,서울 노원구 한글비석로 91 2층,하계동 251,오리,37.6392243,127.0715448,0,E,0,22.5
720,피자스톰 노원점,5.0,3,4,https://place.map.kakao.com/1058645266,서울 노원구 한글비석로1길 81-4,하계동 287,음식점,37.641463,127.0702377,0,E,0,22.5
729,땡기네,5.0,3,2,https://place.map.kakao.com/63060212,서울 노원구 한글비석로1길 68,하계동 251,"곱창,막창",37.6392243,127.0715448,0,E,0,22.5
648,단수이대왕카스테라,4.3,4,0,https://place.map.kakao.com/653404462,서울 노원구 섬밭로 196 상가동1층 112호,하계동 273,"제과,베이커리",37.6336102,127.0678022,4,E,0,22.36
628,해주곰탕 하계직영점,3.3,9,4,https://place.map.kakao.com/9583651,서울 노원구 공릉로 360,하계동 208-32,곰탕,37.6388515,127.0697411,0,E,0,22.275
661,목포세꼬시,4.0,4,0,https://place.map.kakao.com/16620056,서울 노원구 한글비석로 24,하계동 272,회,37.6332505,127.0656144,0,E,0,20.8
626,카페인중독 노원점,4.3,3,5,https://place.map.kakao.com/1018192221,서울 노원구 공릉로58길 126,하계동 72,커피전문점,37.6359702,127.0749231,4,E,0,16.77
693,던킨도너츠 노원세이브존점,4.3,3,1,https://place.map.kakao.com/13042003,서울 노원구 한글비석로 57 노원세이브존 지하1층,하계동 284,도넛,37.6378958,127.0686347,4,E,0,16.77
653,전복한상,4.0,3,1,https://place.map.kakao.com/233902353,서울 노원구 한글비석로1길 27,하계동 208-12,"굴,전복",37.638897,127.0703659,0,E,0,15.6
633,한동길감자탕,5.0,2,3,https://place.map.kakao.com/573195318,서울 노원구 공릉로70길 8-3,하계동 208-23,감자탕,37.6391359,127.0700366,0,E,0,15.0
644,리즈,5.0,2,7,https://place.map.kakao.com/1343092290,서울 노원구 공릉로58길 87,하계동 168-2,카페,37.6356082,127.0732258,4,E,0,15.0
670,이리로,5.0,2,6,https://place.map.kakao.com/201780787,서울 노원구 공릉로 358-7 1층,하계동 208-19,양식,37.638833,127.0702512,3,E,0,15.0
689,커피랑파이랑 1호점,5.0,2,1,https://place.map.kakao.com/16066588,서울 노원구 한글비석로1길 28,하계동 251,커피전문점,37.6392243,127.0715448,4,E,0,15.0
744,카페친구네집,5.0,2,0,https://place.map.kakao.com/576688140,서울 노원구 공릉로58길 23 1층,하계동 153-27,카페,37.6337152,127.072437,4,E,0,15.0
749,카페 쿼리,5.0,2,0,https://place.map.kakao.com/238097997,서울 노원구 공릉로58길 122 1층,하계동 72-18,카페,37.6360424,127.0750571,4,E,0,15.0
642,맘스터치 노원하계점,3.3,6,3,https://place.map.kakao.com/306286759,서울 노원구 노원로 257,하계동 251-4,패스트푸드,37.6402321,127.0727435,3,E,0,14.85
641,교촌치킨 하계1호점,3.2,6,1,https://place.map.kakao.com/16617677,서울 노원구 한글비석로 89 청구상가 201동 101호,하계동 251,치킨,37.6392243,127.0715448,0,E,0,14.4
647,박가네왕족발보쌈,4.5,2,4,https://place.map.kakao.com/7896706,서울 노원구 한글비석로 24,하계동 272,"족발,보쌈",37.6332505,127.0656144,0,E,0,13.5
651,마왕족발 하계점,4.5,2,3,https://place.map.kakao.com/1932725185,서울 노원구 섬밭로 196 장미아파트 6단지 상가 101-2,하계동 273,"족발,보쌈",37.6336102,127.0678022,0,E,0,13.5
635,온천골,3.4,5,9,https://place.map.kakao.com/9945752,서울 노원구 노원로 254,하계동 256-15,한식,37.6401491,127.0735275,0,E,0,12.75
611,신설국,3.7,3,18,https://place.map.kakao.com/7948597,서울 노원구 노원로 257 인정빌딩 2층 201호,하계동 251-4,일식집,37.6402321,127.0727435,2,E,0,12.21
672,정차돌 하계점,3.7,3,3,https://place.map.kakao.com/933790647,서울 노원구 한글비석로1길 33,하계동 208-5,"육류,고기",37.639115,127.0703655,0,E,0,12.21
723,페리카나 서울온천점,3.7,3,1,https://place.map.kakao.com/8134892,서울 노원구 노원로16길 21 중계주공9단지아파트 상가 1층 104호,하계동 256,치킨,37.6429841,127.0742628,0,E,0,12.21
671,참맛깔곱창,3.2,5,4,https://place.map.kakao.com/913915997,서울 노원구 섬밭로 232,하계동 270,"곱창,막창",37.6366317,127.066364,0,E,0,12.0
726,채선당 샤브보트 세이브존노원점,4.0,2,5,https://place.map.kakao.com/2081831400,서울 노원구 한글비석로 57 지하1층,하계동 284,샤브샤브,37.6378958,127.0686347,0,E,0,10.4
640,참이맛감자탕 하계점,2.5,8,8,https://place.map.kakao.com/179589959,서울 노원구 한글비석로 24,하계동 272,감자탕,37.6332505,127.0656144,0,E,0,10.0
679,오이시돈카츠,3.3,4,3,https://place.map.kakao.com/1494463248,서울 노원구 공릉로59가길 29-1,하계동 155-9,"돈까스,우동",37.6345334,127.0707285,0,E,0,9.9
664,소문난순대국,2.7,7,2,https://place.map.kakao.com/16061472,서울 노원구 공릉로58길 87 101호,하계동 168-2,순대,37.6356082,127.0732258,0,E,0,9.45
612,장위동유성집 노원점,3.0,4,9,https://place.map.kakao.com/9341030,서울 노원구 한글비석로1길 68,하계동 251,"육류,고기",37.6392243,127.0715448,0,E,0,9.0
624,참한우본가,5.0,1,3,https://place.map.kakao.com/20748479,서울 노원구 공릉로58가길 14,하계동 169-1,"육류,고기",37.6362238,127.0727956,0,E,0,7.5
627,닭한마리,5.0,1,10,https://place.map.kakao.com/1322840522,서울 노원구 공릉로70길 12,하계동 208-3,닭요리,37.6392575,127.0701473,0,E,0,7.5
658,푸라닭치킨 하계점,5.0,1,1,https://place.map.kakao.com/1448240289,서울 노원구 노원로 248,하계동 256-13,치킨,37.6399026,127.0738093,0,E,0,7.5
678,삼거리식당,5.0,1,1,https://place.map.kakao.com/16820289,서울 노원구 공릉로58길 82,하계동 163-1,한식,37.6354062,127.0729757,0,E,0,7.5
683,주도락,5.0,1,5,https://place.map.kakao.com/27299117,서울 노원구 공릉로 358-5 1층,하계동 208-34,"호프,요리주점",37.638839,127.0699826,5,E,0,7.5
701,처갓집양념치킨 하계점,5.0,1,3,https://place.map.kakao.com/1406722757,서울 노원구 공릉로58길 176 우방아파트 상가동 101호,하계동 353,치킨,37.6375943,127.0771679,0,E,0,7.5
703,카페리노,5.0,1,0,https://place.map.kakao.com/2039394114,서울 노원구 동일로207길 186,하계동 354,커피전문점,37.6362848,127.0613593,4,E,0,7.5
708,바다속풍경,5.0,1,4,https://place.map.kakao.com/798666614,서울 노원구 공릉로58길 99,하계동 167-6,일식,37.6356799,127.0739841,2,E,0,7.5
724,휘드카페 하계점,5.0,1,0,https://place.map.kakao.com/969790715,서울 노원구 공릉로58길 108,하계동 76-5,카페,37.6356282,127.0743937,4,E,0,7.5
727,크리스피자,5.0,1,1,https://place.map.kakao.com/12450397,서울 노원구 섬밭로 232,하계동 270,피자,37.6366317,127.066364,3,E,0,7.5
728,진참치,5.0,1,1,https://place.map.kakao.com/1640993908,서울 노원구 한글비석로1길 61,하계동 213,참치회,37.6397314,127.0702558,0,E,0,7.5
730,치킨신드롬 중계점,5.0,1,1,https://place.map.kakao.com/13148279,서울 노원구 섬밭로 232 우성상가 109호,하계동 270,치킨,37.6366317,127.066364,0,E,0,7.5
733,짱스1인샤브샤브,5.0,1,3,https://place.map.kakao.com/1208647522,서울 노원구 공릉로 326-11,하계동 178-3,샤브샤브,37.6361755,127.0715771,0,E,0,7.5
747,전주식당,5.0,1,0,https://place.map.kakao.com/23008777,서울 노원구 공릉로58길 74,하계동 163-6,한식,37.6353833,127.0725828,0,E,0,7.5
748,카페일분 하계점,5.0,1,0,https://place.map.kakao.com/80658833,서울 노원구 공릉로59길 15 1층 114호,하계동 274-1,카페,37.6331134,127.0710645,4,E,0,7.5
746,쌀통닭 하계점,3.3,3,2,https://place.map.kakao.com/225608909,서울 노원구 공릉로70길 10,하계동 208-10,치킨,37.63914949999999,127.0702778,0,E,0,7.425
662,미락시골밥상,3.0,3,15,https://place.map.kakao.com/16063587,서울 노원구 공릉로65길 10,하계동 180-22,한식,37.6355689,127.0704085,0,E,0,6.75
681,김밥친구라면,3.0,3,0,https://place.map.kakao.com/16559454,서울 노원구 공릉로58길 131,하계동 63-3,분식,37.6363924,127.0753348,0,E,0,6.75
621,맥도날드 한신점,2.4,8,7,https://place.map.kakao.com/1372576235,서울 노원구 한글비석로 57,하계동 284,패스트푸드,37.6378958,127.0686347,3,E,0,5.76
655,등나무집흑염소전문점,2.8,4,0,https://place.map.kakao.com/20743871,서울 노원구 한글비석로1길 21-1,하계동 208-16,"육류,고기",37.63854060000001,127.0704134,0,E,0,5.6
604,마들원,2.0,9,55,https://place.map.kakao.com/1394900382,서울 노원구 공릉로62길 27-11,하계동 180-1,한식,37.6363706,127.0712902,0,E,0,5.4
631,진미능이백숙,4.0,1,9,https://place.map.kakao.com/101202542,서울 노원구 한글비석로1길 69 2층,하계동 213-1,닭요리,37.6406843,127.0702032,0,E,0,5.2
667,꾸꾸루꾸바베큐 하계점,4.0,1,5,https://place.map.kakao.com/16875454,서울 노원구 섬밭로 196 장미아파트상가 116,하계동 273,치킨,37.6336102,127.0678022,0,E,0,5.2
719,터프커피(tuff coffee),4.0,1,2,https://place.map.kakao.com/1626748095,서울 노원구 공릉로58길 122,하계동 72-18,음식점,37.6360424,127.0750571,0,E,0,5.2
639,조선화로집 하계점,2.5,4,15,https://place.map.kakao.com/1865351623,서울 노원구 노원로 248 삼정이오니아빌딩 2층,하계동 256-13,"육류,고기",37.6399026,127.0738093,0,E,0,5.0
652,스시조,2.5,4,4,https://place.map.kakao.com/912752933,서울 노원구 노원로 244 2층,하계동 256-11,일식,37.6394838,127.0742949,2,E,0,5.0
695,고릴라김밥시즌3,2.5,4,0,https://place.map.kakao.com/491727771,서울 노원구 노원로 248,하계동 256-14,분식,37.6399893,127.0737266,0,E,0,5.0
675,본죽&비빔밥cafe 하계점,2.3,7,0,https://place.map.kakao.com/16003688,서울 노원구 노원로 248 삼성이오니아 오피스텔 106호,하계동 256-13,퓨전한식,37.6399026,127.0738093,0,E,0,4.83
650,낙지마당 하계점,3.0,2,6,https://place.map.kakao.com/1315879554,서울 노원구 공릉로70길 6,하계동 208-26,"해물,생선",37.6391166,127.0697672,0,E,0,4.5
654,이삭토스트 서울하계점,3.0,2,2,https://place.map.kakao.com/12587622,서울 노원구 노원로 254 103호,하계동 256-15,토스트,37.6401491,127.0735275,0,E,0,4.5
666,반찬카페 하계동규빈맘,3.0,2,0,https://place.map.kakao.com/551040937,서울 노원구 공릉로58길 87 1층,하계동 168-2,한식뷔페,37.6356082,127.0732258,0,E,0,4.5
707,스시선,3.0,2,2,https://place.map.kakao.com/683305507,서울 노원구 한글비석로 57 세이브존 지하1층,하계동 284,"초밥,롤",37.6378958,127.0686347,2,E,0,4.5
716,버무리 하계점,3.0,2,0,https://place.map.kakao.com/1734958783,서울 노원구 노원로 254 부광프라자 105호,하계동 256-15,떡볶이,37.6401491,127.0735275,0,E,0,4.5
740,두찜 노원하계점,3.0,2,17,https://place.map.kakao.com/602105620,서울 노원구 공릉로58길 88 1층,하계동 164-3,닭요리,37.6354352,127.0732257,0,E,0,4.5
636,BHC치킨 하계점,2.1,7,3,https://place.map.kakao.com/27346439,서울 노원구 공릉로58길 103 1층,하계동 167-7,치킨,37.6357359,127.0741103,0,E,0,4.41
687,양자강,2.7,3,1,https://place.map.kakao.com/8490458,서울 노원구 공릉로59길 15 3층,하계동 274-1,중화요리,37.6331134,127.0710645,1,E,0,4.05
713,피자엔,2.7,3,0,https://place.map.kakao.com/21541471,서울 노원구 한글비석로 57,하계동 284,피자,37.6378958,127.0686347,3,E,0,4.05
620,태능우렁쌈밥 하계점,2.4,5,10,https://place.map.kakao.com/20198541,서울 노원구 한글비석로1길 37 2층,하계동 208-1,쌈밥,37.6392915,127.0703463,0,E,0,3.6
608,502세컨즈카페 노원점,1.2,9,16,https://place.map.kakao.com/27583400,서울 노원구 섬밭로 232 1층,하계동 270,카페,37.6366317,127.066364,4,E,0,3.24
725,커피하우스,1.8,5,1,https://place.map.kakao.com/27494197,서울 노원구 한글비석로1길 69,하계동 213-1,카페,37.6406843,127.0702032,4,E,0,2.7
665,BBQ 하계점,2.0,4,1,https://place.map.kakao.com/1005038269,서울 노원구 노원로 248 삼정이오니아오피스텔 1층,하계동 256-13,치킨,37.6399026,127.0738093,0,E,0,2.4
659,파리바게뜨 하계미성점,3.0,1,0,https://place.map.kakao.com/15178011,서울 노원구 공릉로59길 18 삼성씨티빌,하계동 276-12,"제과,베이커리",37.6334882,127.0709511,4,E,0,2.25
694,속초세꼬시,3.0,1,0,https://place.map.kakao.com/16269584,서울 노원구 공릉로70길 6,하계동 208-26,회,37.6391166,127.0697672,0,E,0,2.25
638,카페다온,2.3,3,1,https://place.map.kakao.com/27514125,서울 노원구 공릉로65길 20 1층,하계동 115-15,카페,37.6351772,127.069984,4,E,0,2.07
680,통짬뽕,2.3,3,0,https://place.map.kakao.com/16414710,서울 노원구 공릉로58가길 4,하계동 169-3,중화요리,37.6357477,127.0730904,1,E,0,2.07
717,티바두마리치킨 하계점,2.3,3,1,https://place.map.kakao.com/18465256,서울 노원구 공릉로58길 97 101호,하계동 167-4,치킨,37.6356428,127.073844,0,E,0,2.07
700,네네치킨 하계1점,2.0,2,2,https://place.map.kakao.com/10191883,서울 노원구 공릉로59가길 28,하계동 155-1,치킨,37.634591,127.070943,0,E,0,1.2
685,서울집,1.0,2,11,https://place.map.kakao.com/421061895,서울 노원구 공릉로 326-5,하계동 179-10,닭요리,37.6360718,127.0712192,0,E,0,0.6
657,파리바게뜨 하계중앙점,1.0,1,0,https://place.map.kakao.com/12344288,서울 노원구 노원로 254 부광프라자 104호,하계동 256-15,"제과,베이커리",37.6401491,127.0735275,4,E,0,0.3
692,갑식이네착한낙지,1.0,1,19,https://place.map.kakao.com/1291628371,서울 노원구 노원로 247,하계동 251,"해물,생선",37.6392243,127.0715448,0,E,0,0.3
649,버거킹 하계점,0.0,0,0,https://place.map.kakao.com/2047416101,서울 노원구 노원로 236,하계동 256-8,패스트푸드,37.639063,127.0750967,3,E,0,0.0
660,구르미베이비카페,0.0,0,3,https://place.map.kakao.com/65343669,서울 노원구 공릉로 358-5,하계동 208-34,카페,37.638839,127.0699826,4,E,0,0.0
663,이디야커피 하계온천점,0.0,0,1,https://place.map.kakao.com/1322523550,서울 노원구 노원로 257 1층 104호,하계동 251-4,커피전문점,37.6402321,127.0727435,4,E,0,0.0
669,캔모아,0.0,0,0,https://place.map.kakao.com/830992641,서울 노원구 공릉로 351 노원세이브존 지하1층,하계동 284,술집,37.6378958,127.0686347,5,E,0,0.0
673,진도리닭도리탕 노원점,0.0,0,2,https://place.map.kakao.com/1314046617,서울 노원구 한글비석로1길 81-4 1층,하계동 287,닭요리,37.641463,127.0702377,0,E,0,0.0
674,메가커피 노원을지병원점,0.0,0,0,https://place.map.kakao.com/693268371,서울 노원구 공릉로 324-2 1층,하계동 170-44,커피전문점,37.6356173,127.0711761,4,E,0,0.0
676,파리바게뜨 하계벽산점,0.0,0,1,https://place.map.kakao.com/18134200,서울 노원구 섬밭로 209 건영아파트상가,하계동 271-3,"제과,베이커리",37.6354318,127.0644563,4,E,0,0.0
677,키즈런,0.0,0,1,https://place.map.kakao.com/23522134,서울 노원구 공릉로59길 15,하계동 274-1,키즈카페,37.6331134,127.0710645,4,E,0,0.0
682,삼거리실내포차,0.0,0,0,https://place.map.kakao.com/18876027,서울 노원구 공릉로58가길 19,하계동 170-13,실내포장마차,37.6361729,127.0723906,0,E,0,0.0
684,달밭두루치기,0.0,0,3,https://place.map.kakao.com/16051287,서울 노원구 한글비석로1길 68,하계동 251,"불고기,두루치기",37.6392243,127.0715448,0,E,0,0.0
691,빅스타피자,0.0,0,0,https://place.map.kakao.com/1521817565,서울 노원구 공릉로58길 41,하계동 153-23,피자,37.6341786,127.0722341,3,E,0,0.0
697,도마우에,0.0,0,3,https://place.map.kakao.com/1162196929,서울 노원구 공릉로59가길 28,하계동 155-1,일본식주점,37.634591,127.070943,2,E,0,0.0
698,이디야커피 세이브존노원점,0.0,0,0,https://place.map.kakao.com/1530972537,서울 노원구 한글비석로 57 지하1층,하계동 284,커피전문점,37.6378958,127.0686347,4,E,0,0.0
702,골마을남원추어탕,0.0,0,5,https://place.map.kakao.com/1365658433,서울 노원구 노원로 248,하계동 256-13,추어,37.6399026,127.0738093,0,E,0,0.0
705,혜성식당,0.0,0,0,https://place.map.kakao.com/1182342645,서울 노원구 노원로16길 21 중계주공9단지아파트 제1상가,하계동 256,"육류,고기",37.6429841,127.0742628,0,E,0,0.0
706,예노,0.0,0,1,https://place.map.kakao.com/1428401059,서울 노원구 공릉로58길 117,하계동 62,카페,37.636035,127.0746833,4,E,0,0.0
709,참죽,0.0,0,0,https://place.map.kakao.com/1726306811,서울 노원구 공릉로 324-2 2층,하계동 170-44,죽,37.6356173,127.0711761,0,E,0,0.0
710,수내닭꼬치 과기대점,0.0,0,2,https://place.map.kakao.com/158311561,서울 노원구 공릉로62가길 64 대영빌딩 1층,하계동 61-22,닭요리,37.6365116,127.0752507,0,E,0,0.0
712,멕시칸라이브그릴,0.0,0,2,https://place.map.kakao.com/2049891492,서울 노원구 공릉로58길 87 102호,하계동 168-2,"육류,고기",37.6356082,127.0732258,0,E,0,0.0
715,마들순대국,0.0,0,0,https://place.map.kakao.com/20741507,서울 노원구 공릉로 326-5,하계동 179-10,순대,37.6360718,127.0712192,0,E,0,0.0
718,마시내탕수육&파닭,0.0,0,0,https://place.map.kakao.com/1729417527,서울 노원구 한글비석로 91,하계동 251,중화요리,37.6392243,127.0715448,1,E,0,0.0
722,청록영양탕,0.0,0,0,https://place.map.kakao.com/20744434,서울 노원구 공릉로58길 69,하계동 158-1,"사철탕,영양탕",37.6353954,127.0722892,0,E,0,0.0
731,향촌 오리숯불회전구이,0.0,0,0,https://place.map.kakao.com/18437383,서울 노원구 공릉로58길 21,하계동 143-7,오리,37.6335701,127.0724343,0,E,0,0.0
732,공방카페 림,0.0,0,0,https://place.map.kakao.com/27349728,서울 노원구 공릉로58길 106 1층,하계동 76-4,카페,37.63556639999999,127.0742177,4,E,0,0.0
734,깜닭치킨 하계점,0.0,0,2,https://place.map.kakao.com/2091449297,서울 노원구 한글비석로1길 59,하계동 213-19,치킨,37.64027129999999,127.070512,0,E,0,0.0
735,치킨 더주모리 하계점,0.0,0,0,https://place.map.kakao.com/27494195,서울 노원구 노원로15길 43 1층,하계동 236-5,치킨,37.6407975,127.070059,0,E,0,0.0
736,조아애떡볶이 하계중앙점,0.0,0,0,https://place.map.kakao.com/262072037,서울 노원구 한글비석로 91 상가동 106호,하계동 251,떡볶이,37.6392243,127.0715448,0,E,0,0.0
737,정가네한방왕족발,0.0,0,3,https://place.map.kakao.com/1278461407,서울 노원구 노원로15길 51-30,하계동 209-2,"족발,보쌈",37.6394183,127.0700841,0,E,0,0.0
738,스시류,0.0,0,0,https://place.map.kakao.com/1926053950,서울 노원구 공릉로58길 131 동방빌딩 1층,하계동 63-3,"초밥,롤",37.6363924,127.0753348,2,E,0,0.0
739,한상차림,0.0,0,0,https://place.map.kakao.com/27513970,서울 노원구 공릉로62길 27-11,하계동 180-1,오리,37.6363706,127.0712902,0,E,0,0.0
741,안동반점,0.0,0,0,https://place.map.kakao.com/16676403,서울 노원구 섬밭로 232,하계동 270,중화요리,37.6366317,127.066364,1,E,0,0.0
742,협동문토스트,0.0,0,0,https://place.map.kakao.com/74674377,서울 노원구 공릉로58길 99,하계동 167-6,토스트,37.6356799,127.0739841,0,E,0,0.0
743,추풍령맛감자탕 하계점,0.0,0,0,https://place.map.kakao.com/8164071,서울 노원구 공릉로 326-11,하계동 178-3,감자탕,37.6361755,127.0715771,0,E,0,0.0
745,갑분식,0.0,0,8,https://place.map.kakao.com/13349332,서울 노원구 섬밭로 196 장미6단지상가 101-5호,하계동 273,분식,37.6336102,127.0678022,0,E,0,0.0
750,맛깔식당,0.0,0,1,https://place.map.kakao.com/21237307,서울 노원구 한글비석로 56,하계동 280,한식,37.6347792,127.069563,0,E,0,0.0
